id,url,manufacturer,model,rated_power_kw,rotor_diameter_m,rotor_area_m2,num_blades,hub_height_m,cut_in_wind_speed_ms,cut_out_wind_speed_ms,rated_wind_speed_ms,rotor_speed_rpm,generator_type,gearbox_type,tower_type,nacelle_weight_kg,rotor_weight_kg,tower_weight_kg,blade_weight_kg,total_weight_kg,voltage_v,frequency_hz,installation,offshore,onshore
1250,https://en.wind-turbine-models.com/turbines/1250-2-b-energy-2b6,2-B Energy,2-B Energy 2B6,6000,140.6,15526,2,95,3,,13,,Double fed induction,,full 3 leg jacket,,,,,,10000,50 Hz,,Yes,Yes
597,https://en.wind-turbine-models.com/turbines/597-aaer-a1500-70,AAER,AAER A1500-70,1500,77,3848,3,70,3,20,11.8,,Double Fed Asyn,,Steel tube,,,,,,480,60 Hz,,No,Yes
2158,https://en.wind-turbine-models.com/turbines/2158-aaer-a1500-77,AAER,AAER A1500-77,1500,77,4708,3,65,3,20,11,19,double fed induction,,steel tube,70000,33000,200000,,300000,690,50/60 Hz,,No,Yes
2159,https://en.wind-turbine-models.com/turbines/2159-aaer-a2000-71,AAER,AAER A2000-71,2000,71,3960,3,65,,,,,double fed induction,,steel tube,,,,,,690,50/60 Hz,,No,Yes
2160,https://en.wind-turbine-models.com/turbines/2160-aaer-a2000-80,AAER,AAER A2000-80,2000,80,5027,3,65,,,,,double fed induction,,steel tube,,,,,,690,50/60 Hz,,No,Yes
2161,https://en.wind-turbine-models.com/turbines/2161-aaer-a2000-84,AAER,AAER A2000-84,2000,84,5542,3,65,,,,,double fed induction,,steel tube,,,,,,690,50/60 Hz,,No,Yes
2734,https://en.wind-turbine-models.com/turbines/2734-acciona-aw-60-1300,Acciona,Acciona AW-60/1300,1300,60,2828,3,,,,,,,,,,,,,,,,2000,No,Yes
2733,https://en.wind-turbine-models.com/turbines/2733-acciona-aw-70-1300,Acciona,Acciona AW-70/1300,1300,70,3848,3,60,4,25,,22,6 poles. double feeding,,steel tower,50000,,,,,690,50/60 Hz,2002,No,Yes
777,https://en.wind-turbine-models.com/turbines/777-acciona-aw-70-1500,Acciona,Acciona AW-70/1500,1500,70,3848,3,60,4,25,11.6,20.2,Double Fed Asyn,,Steel tube,52200,15200,135000,,202400,12000,50/60 Hz,,No,Yes
778,https://en.wind-turbine-models.com/turbines/778-acciona-aw-77-1500,Acciona,Acciona AW-77/1500,1500,77,4615,3,60,3.5,25,11.1,18.3,Double Fed Asyn,,Steel tube,52300,15200,135000,,202500,12000,50/60 Hz,,No,Yes
585,https://en.wind-turbine-models.com/turbines/585-acciona-aw-82-1500,Acciona,Acciona AW-82/1500,1500,82,5289,3,80,3,20,10.5,16.7,Double Fed Asyn,,Steel tube,52300,15200,135000,,202500,12000,50/60 Hz,,No,Yes
142,https://en.wind-turbine-models.com/turbines/142-acciona-aw-100-3000,Acciona,Acciona AW-100/3000,3000,100,7854,3,100,4,25,11.7,14.2,Double Fed Asyn,,concrete,118000,66000,1100000,,1284000,12000,50/60 Hz,,No,Yes
783,https://en.wind-turbine-models.com/turbines/783-acciona-aw-109-3000,Acciona,Acciona AW-109/3000,3000,109,9331,3,100,3.5,25,11.1,13.2,Double Fed Asyn,,concrete,118000,66000,1100000,,1284000,12000,50/60 Hz,,No,Yes
784,https://en.wind-turbine-models.com/turbines/784-acciona-aw-116-3000,Acciona,Acciona AW-116/3000,3000,116,10568,3,100,3,20,10.6,12.3,Double Fed Asyn,,concrete,118000,,1100000,,,12000,50/60 Hz,,No,Yes
785,https://en.wind-turbine-models.com/turbines/785-acciona-aw-125-3000,Acciona,Acciona AW-125/3000,3000,125,12305,3,120,3.5,25,12,13.2,Double Fed Asyn,,concrete,111600,,1100000,,,12000,50/60 Hz,,No,Yes
980,https://en.wind-turbine-models.com/turbines/980-acciona-aw-132-3000,Acciona,Acciona AW-132/3000,3000,132,13720,,84,3,25,,,Double fed induction,,steel tube / *hybrid,111000,,,,,12000,50/60 Hz,,No,Yes
1740,https://en.wind-turbine-models.com/turbines/1740-acciona-aw-140-3000,Acciona,Acciona AW-140/3000,3000,140,15431,3,82,3,20,,,induction double feeding,,steel tube / hydrid,108000,,,,,12000,50/60 Hz,2018,No,Yes
2303,https://en.wind-turbine-models.com/turbines/2303-acciona-aw-148-3300,Acciona,Acciona AW-148/3300,3300,148,17203,3,120,3,20,,12.4,Doubly-fed induction machine,,concrete,,,,,,12000,50/60 Hz,,No,Yes
2423,https://en.wind-turbine-models.com/turbines/2423-acowind-a-63,Acowind,Acowind A-63,1000,56,2463,3,60,3,25,12,6.1,induction,,steel tube,40000,38000,80000,4000,158000,690,50 Hz,,No,Yes
2377,https://en.wind-turbine-models.com/turbines/2377-acsa-lmw-0-250,ACSA,ACSA LMW-0.250,0.3,1.7,2.3,3,6,3,,10,1300,Brushless permanent amgnet alternator,,steel tube Guyed tower,,,,,,24,50 Hz,,Yes,Yes
2378,https://en.wind-turbine-models.com/turbines/2378-acsa-lmw-0-600,ACSA,ACSA LMW-0.600,0.6,2.2,3.8,2,6,3,,12,1000,Brushless permanent amgnet alternator,,steel tube Guyed tower,,,,,,24,50 Hz,,Yes,Yes
2379,https://en.wind-turbine-models.com/turbines/2379-acsa-lmw-1-000,ACSA,ACSA LMW-1.000,1,3.1,7.7,3,6,2.5,,10.5,775,Brushless permanent amgnet alternator,,steel tube Guyed tower,,,,,,120,50 Hz,,Yes,Yes
2380,https://en.wind-turbine-models.com/turbines/2380-acsa-lmw-1-500,ACSA,ACSA LMW-1.500,1,3.1,7.7,3,6,2.5,,10.5,800,brushless permanenet magnet altenator,,steel tube Guyed tower,,,,,,120,50 Hz,,Yes,Yes
2381,https://en.wind-turbine-models.com/turbines/2381-acsa-lmw-2-000,ACSA,ACSA LMW-2.000,2,5,19.6,3,6,3,,10,360,brushless permanenet magnet altenator,,steel tube Guyed tower,,,,,,120,50 Hz,,Yes,Yes
2382,https://en.wind-turbine-models.com/turbines/2382-acsa-lmw-3-000,ACSA,ACSA LMW-3.000,3,5,19.6,3,6,4,,12,350,brushless permanenet magnet altenator,,steel tube Guyed tower,,,,,,120,50 Hz,,Yes,Yes
2383,https://en.wind-turbine-models.com/turbines/2383-acsa-lmw-10-000,ACSA,ACSA LMW-10.000,10,7,38.5,3,6,3,,13,350,brushless permanenet magnet altenator,,steel tube Guyed tower,,,,,,120,50 Hz,,Yes,Yes
2373,https://en.wind-turbine-models.com/turbines/2373-acsa-a17-90,ACSA,ACSA A17/90,90,17,227,3,23.4,3.3,28,16.8,50.2,induction,,lattice,,,4300,,10600,690,50 Hz,,No,Yes
2374,https://en.wind-turbine-models.com/turbines/2374-acsa-a20-100,ACSA,ACSA A20/100,100,20,314,3,24,4.5,25,13,46,induction,,steel tube,4600,1700,5600,400,11900,690,50 Hz,1990,No,Yes
817,https://en.wind-turbine-models.com/turbines/817-acsa-a27-225,ACSA,ACSA A27/225,225,27,573,3,30,3.5,25,13.5,43,Asynchronus,,Steel tube/Lattice,7900,2900,12000,,22800,400,50 Hz,,No,Yes
2376,https://en.wind-turbine-models.com/turbines/2376-acsa-a29-225,ACSA,ACSA A29/225,225,29,661,3,31.5,4,25,13,41.7,induction,,steel tube,7900,2900,12000,,22800,400,50 Hz,,No,Yes
2512,https://en.wind-turbine-models.com/turbines/2512-adani-5-2-160,Adani,Adani 5.2-160,5200,160,20106,3,120,3,20,12,,Doubly-fed induction generator (DFIG),,steel tube,,,,,,2938,50 Hz,2022,No,Yes
812,https://en.wind-turbine-models.com/turbines/812-ades-ades-60,ADES,ADES ADES 60,60,29,600,1,26.5,3.5,20,8,50,Asynchronus,,Steel tube,4700,3200,9900,,17800,690,50 Hz,,No,Yes
813,https://en.wind-turbine-models.com/turbines/813-ades-ades-100,ADES,ADES ADES 100,100,29,600,1,27.5,3.5,20,10,60,Asynchronus,,Steel tube,4800,3200,9900,,17900,690,50 Hz,,No,Yes
339,https://en.wind-turbine-models.com/turbines/339-ades-ades-200,ADES,ADES ADES 200,200,36,880,1,31,4,25,11.5,,Squirrel-cage rotor,,,11000,3600,5500,,20000,400,50 Hz,,No,Yes
814,https://en.wind-turbine-models.com/turbines/814-ades-ades-335,ADES,ADES ADES 335,335,36,880,1,36,3,25,12,55,Asynchronus,,Steel tube,9000,4000,16500,,29500,690,50 Hz,,No,Yes
173,https://en.wind-turbine-models.com/turbines/173-adolfsen-m-lle-sa-11,Adolfsen Mølle,Adolfsen Mølle SA 11,11,9,63.6,3,15,,,,,,,Lattice,,,,,,,,,No,Yes
1319,https://en.wind-turbine-models.com/turbines/1319-awt-inc-awt-26-wc-86,AWT Inc.,AWT Inc. AWT-26 / WC-86,275,26.2,539,2,24.4,5.4,24.6,17,62,synchronous,,3-side truss / tapered / guyed steel,,,,500,,480,60.0 Hz,,No,Yes
1320,https://en.wind-turbine-models.com/turbines/1320-awt-inc-awt-27,AWT Inc.,AWT Inc. AWT-27,275,27.4,589.6,2,36.6,5,23,15,53,synchronous,,steel tube/lattice,,,,,,480,60 Hz,,No,Yes
1870,https://en.wind-turbine-models.com/turbines/1870-awp-a-s-awp-90-18,AWP A/S,AWP A/S AWP 90/18,90,18.6,270,3,22.5,4,25,13,46,induction,,steel tube / lattice,2700,1800,8000,500,12500,400,50/60 Hz,,No,Yes
1872,https://en.wind-turbine-models.com/turbines/1872-awp-a-s-awp-200-23,AWP A/S,AWP A/S AWP 200/23,200,23,415,3,30,4,25,13,,induction,,steel tube / bolted lattice,5500,3500,13000,700,22000,480,50 Hz,,No,Yes
2571,https://en.wind-turbine-models.com/turbines/2571-adventure-power-ap300,Adventure Power,Adventure Power AP300,300,32,805,3,32,3.5,20,12,54,permanent magnet synchronous,,steel tube,,,,,,400,,,No,Yes
1808,https://en.wind-turbine-models.com/turbines/1808-adwen-ad-5-116,Adwen,Adwen AD 5-116,5000,116,10568,3,,4,25,12.5,14.8,synchronous permanent,,steel tube,233000,111500,,,345000,3300,50 Hz,,Yes,No
1123,https://en.wind-turbine-models.com/turbines/1123-adwen-ad-5-132,Adwen,Adwen AD 5-132,5000,132,13685,3,95,2.5,27,13.5,11.8,synchronous permanent,,steel tube,,,,,,690,50/60 Hz,,Yes,Yes
1122,https://en.wind-turbine-models.com/turbines/1122-adwen-ad-5-135,Adwen,Adwen AD 5-135,5050,135,14326,3,,3.5,30,11.4,13.5,synchronous permanent,,steel tube,230000,140000,,,,3300,50.0 Hz,,Yes,Yes
1124,https://en.wind-turbine-models.com/turbines/1124-adwen-ad-8-180,Adwen,Adwen AD 8-180,8000,180,25447,3,,3,30,12,7.5,synchronous permanent,,steel tube,550000,,,,,66000,50/60 Hz,2016,Yes,Yes
1829,https://en.wind-turbine-models.com/turbines/1829-aeolia-windtech-d2cf-200,Aeolia Windtech,Aeolia Windtech D2CF 200,200,28,650,3,40.3,3,20,10.9,46,synchronous permanent,,steel tube,,,,,,400,50 Hz,,No,Yes
493,https://en.wind-turbine-models.com/turbines/493-aeolian-aeo-20,Aeolian,Aeolian AEO-20,6,6.1,29.2,3,30,3.6,,9.8,95,induction,,Lattice,,,,,,,60 Hz,,No,Yes
1851,https://en.wind-turbine-models.com/turbines/1851-aeolos-aeolos-v-1kw,Aeolos,Aeolos Aeolos-V 1kW,1,2,3.2,3,2.8,1.5,50,10,300,synchronous permanent,,steel tube,,,,,,110,50/60 Hz,,No,Yes
1858,https://en.wind-turbine-models.com/turbines/1858-aeolos-aeolos-h-1kw,Aeolos,Aeolos Aeolos-H 1kW,1,3.2,8,3,,2.5,25,12,,synchronous permanent,,steel tube,100,,,,,110,50/60 Hz,,No,Yes
1859,https://en.wind-turbine-models.com/turbines/1859-aeolos-aeolos-h-2kw,Aeolos,Aeolos Aeolos-H 2kW,2,4,12.6,3,,2.5,25,12,,synchronous permanent,,steel tube,,,,,,200,50/60 Hz,,No,Yes
1852,https://en.wind-turbine-models.com/turbines/1852-aeolos-aeolos-v-3kw,Aeolos,Aeolos Aeolos-V 3kW,3,3,7.1,3,3.6,1.5,52.5,10,260,synchronous permanent,,steel tube,,,,,100,220,50/60 Hz,,No,Yes
1860,https://en.wind-turbine-models.com/turbines/1860-aeolos-aeolos-h-3kw,Aeolos,Aeolos Aeolos-H 3kW,3,4.8,18.1,3,,2.5,25,12,,synchronous permanent,,steel tube,100,,,,,220,50/60 Hz,,No,Yes
1853,https://en.wind-turbine-models.com/turbines/1853-aeolos-aeolos-v-5kw,Aeolos,Aeolos Aeolos-V 5kW,5,4.5,15.9,3,4.8,1.5,52.5,10,200,synchronous permanent,,steel tube,,,,,600,220,50/60 Hz,,No,Yes
1861,https://en.wind-turbine-models.com/turbines/1861-aeolos-aeolos-h-5kw,Aeolos,Aeolos Aeolos-H 5kW,5,6.4,32.2,3,,3,25,10,,synchronous permanent,,steel tube,,,,,,216,50/60 Hz,,No,Yes
1854,https://en.wind-turbine-models.com/turbines/1854-aeolos-aeolos-v-10kw,Aeolos,Aeolos Aeolos-V 10kW,10,5.5,23.8,3,6,2.5,52.5,11,260,synchronous permanent,,steel tube,,,,,700,380,50/60 Hz,,No,Yes
1862,https://en.wind-turbine-models.com/turbines/1862-aeolos-aeolos-h-10kw,Aeolos,Aeolos Aeolos-H 10kW,10,8,50.3,3,,2.5,25,10,,synchronous permanent,,steel tube,400,,,,,440,50/60 Hz,,No,Yes
1863,https://en.wind-turbine-models.com/turbines/1863-aeolos-aeolos-h-20kw,Aeolos,Aeolos Aeolos-H 20kW,20,10,78.5,3,,3,25,10,,synchronous permanent,,steel tube,1000,,,,,,50/60 Hz,,No,Yes
1864,https://en.wind-turbine-models.com/turbines/1864-aeolos-aeolos-h-30kw,Aeolos,Aeolos Aeolos-H 30kW,30,15.6,191,3,,2.5,25,9,,synchronous permanent,,steel tube,,,,,,,50/60 Hz,,No,Yes
1856,https://en.wind-turbine-models.com/turbines/1856-aeolos-aeolos-h-50kw,Aeolos,Aeolos Aeolos-H 50kW,50,18,254.5,3,,3,25,10,,synchronous permanent,,steel tube,6100,,,,,,50/60 Hz,,No,Yes
1855,https://en.wind-turbine-models.com/turbines/1855-aeolos-aeolos-h-60kw,Aeolos,Aeolos Aeolos-H 60kW,60,22.3,390.4,3,,3,25,9,,synchronous permanent,,steel tube,6800,,,,,,50/60 Hz,,No,Yes
1849,https://en.wind-turbine-models.com/turbines/1849-aeolos-aeolos-v-300w,Aeolos,Aeolos Aeolos-V 300W,0.3,1.2,1.1,3,1.6,1.5,50,10,300,synchronous permanent,,steel tube,,,,,,24,50/60 Hz,,No,Yes
1857,https://en.wind-turbine-models.com/turbines/1857-aeolos-aeolos-h-500w,Aeolos,Aeolos Aeolos-H 500W,0.5,2.7,5.7,3,,2.5,25,12,,synchronous permanent,,steel tube,,,,,,220,50/60 Hz,,No,Yes
1850,https://en.wind-turbine-models.com/turbines/1850-aeolos-aeolos-v-600w,Aeolos,Aeolos Aeolos-V 600W,0.6,1.6,2,3,2,1.5,50,10,300,synchronous permanent,,steel tube,,,,,,24,50/60 Hz,,No,Yes
1867,https://en.wind-turbine-models.com/turbines/1867-aeritalia-ait-02-medit,Aeritalia,Aeritalia AIT 02 (Medit),225,32,804,2,26,4.2,20,10.1,40.2,squirrel cage induction,,steel tube,,,,,,380,50 Hz,,No,Yes
1866,https://en.wind-turbine-models.com/turbines/1866-aeritalia-ait-03,Aeritalia,Aeritalia AIT 03,17,8.6,58,2,10,5,20,20,93,brushless synchronous permanent,,steel tube,,,,,,380,50 Hz,,No,Yes
1112,https://en.wind-turbine-models.com/turbines/1112-aerodyn-am-1-5-77,aerodyn,aerodyn aM 1.5/77,1500,77.1,4668.7,3,70,3,25,11,18.5,DFIG/PMSG,,steel tube,60300,31500,,6000,,690,50/60 Hz,,No,Yes
1113,https://en.wind-turbine-models.com/turbines/1113-aerodyn-am-1-5-83,aerodyn,aerodyn aM 1.5/83,1500,82.6,5358.5,3,70,3,25,11,17.4,DFIG/PMSG,,steel tube,60300,31600,,6100,,690,50/60 Hz,,No,Yes
1114,https://en.wind-turbine-models.com/turbines/1114-aerodyn-am-1-5-87,aerodyn,aerodyn aM 1.5/87,1500,86.6,5890,3,70,3,25,11,17.6,DFIG/PMSG,,steel tube,60300,32600,,6400,,690,50/60 Hz,,No,Yes
1115,https://en.wind-turbine-models.com/turbines/1115-aerodyn-am-1-5-92,aerodyn,aerodyn aM 1.5/92,1500,92,6647.6,3,70,3,25,10,16.6,DFIG/PMSG,,steel tube,60300,35100,,7300,,690,50/60 Hz,,No,Yes
1909,https://en.wind-turbine-models.com/turbines/1909-aerodyn-scd-nezzy2-twin-rotor,aerodyn,aerodyn SCD nezzy2 twin-rotor,15000,150,35342,4,,,,,,synchronous with brushless electrical field excitation,,floating platform,,,,,,,50/60 Hz,2022,Yes,No
1982,https://en.wind-turbine-models.com/turbines/1982-aerodyn-am-2-0-120,aerodyn,aerodyn aM 2.0/120,2000,120,11309,3,,3,22,,13.3,DFIG,,,86500,54100,,,,690,50 Hz,,No,Yes
1983,https://en.wind-turbine-models.com/turbines/1983-aerodyn-am-2-3-120,aerodyn,aerodyn aM 2.3/120,2300,120,11309,2,,3,22,,11.5,DFIG,,,89500,54100,,,,690,50 Hz,,No,Yes
1111,https://en.wind-turbine-models.com/turbines/1111-aerodyn-am-2-5-96,aerodyn,aerodyn aM 2.5/96,2500,96.1,7253,3,70,4,25,12,14.8,DFIG/PMSG,,steel tube,93200,55500,,11800,,690,50/60 Hz,,No,Yes
1110,https://en.wind-turbine-models.com/turbines/1110-aerodyn-am-2-5-103,aerodyn,aerodyn aM 2.5/103,2500,102.9,8316,3,70,4,25,11,13.9,DFIG/PMSG,,steel tube,93200,56100,,12000,,690,50/60 Hz,,No,Yes
1109,https://en.wind-turbine-models.com/turbines/1109-aerodyn-am-2-5-110,aerodyn,aerodyn aM 2.5/110,2500,110,9503,3,70,4,25,11,13,DFIG/PMSG,,steel tube,93200,56200,,12000,,690,50/60 Hz,,No,Yes
1108,https://en.wind-turbine-models.com/turbines/1108-aerodyn-am-2-5-118,aerodyn,aerodyn aM 2.5/118,2500,118.3,10991.6,3,70,4,25,10,12.1,DFIG/PMSG,,steel tube,93200,57000,,12300,,690,50/60 Hz,,No,Yes
1992,https://en.wind-turbine-models.com/turbines/1992-aerodyn-scd-2-5-130-light-wind,aerodyn,aerodyn SCD 2.5/130 light wind,2500,130,13273,3,100,,,,11.8,,,steel tube,137000,,,,,,,,No,Yes
1118,https://en.wind-turbine-models.com/turbines/1118-aerodyn-scd-3-0-115-basic,aerodyn,aerodyn SCD 3.0/115 basic,3000,115,10386.9,2,85,3,20,11.5,17.1,synchronous permanent,,steel tube,108000,,,,,,50/60 Hz,,Yes,Yes
1107,https://en.wind-turbine-models.com/turbines/1107-aerodyn-am-3-0-134,aerodyn,aerodyn aM 3.0/134,3000,133.6,14018.5,3,,3,22,10,10.5,DFIG/PMSG,,,115000,74600,,,,690,50/60 Hz,,No,Yes
1985,https://en.wind-turbine-models.com/turbines/1985-aerodyn-am-3-0-145,aerodyn,aerodyn aM 3.0/145,3000,145,16512.9,3,,3,25,,10.6,DFIG / PMSG,,,133000,103000,,,,690,50/60 Hz,,No,Yes
1984,https://en.wind-turbine-models.com/turbines/1984-aerodyn-am-3-2-140,aerodyn,aerodyn aM 3.2/140,3200,140,15393,3,,3,25,,10.9,DFIG / PMSG,,,133000,105000,,,,690,50/60 Hz,,No,Yes
1119,https://en.wind-turbine-models.com/turbines/1119-aerodyn-scd-3-5-100-nearshore,aerodyn,aerodyn SCD 3.5/100 nearshore,3500,100,7854,2,75,,,,19.1,synchronous permanent,,steel tube,108000,,,,,,50/60 Hz,,Yes,Yes
1987,https://en.wind-turbine-models.com/turbines/1987-aerodyn-am-4-0-140,aerodyn,aerodyn aM 4.0/140,4000,140.4,15481.8,3,,3,25,,11.3,DFIG / PMSG,,,167000,115000,,,,690,50/60 Hz,,No,Yes
1988,https://en.wind-turbine-models.com/turbines/1988-aerodyn-am-4-2-147,aerodyn,aerodyn aM 4.2/147,4200,147,16971.6,3,,3,22,,11.3,DFIG / PMSG,,,167000,127000,,,,690,50/60 Hz,,No,Yes
1986,https://en.wind-turbine-models.com/turbines/1986-aerodyn-am-4-5-126,aerodyn,aerodyn aM 4.5/126,4500,126.4,12548,3,,3,25,,12.5,DFIG / PMSG,,,167000,110000,,,,690,50/60 Hz,,No,Yes
1106,https://en.wind-turbine-models.com/turbines/1106-aerodyn-am-5-0-130,aerodyn,aerodyn aM 5.0/130,5000,130,13273,3,100,3.5,25,12,12.5,ASG or PMSG,,steel tube,277000,117000,,21400,,3300,50/60 Hz,,Yes,Yes
1105,https://en.wind-turbine-models.com/turbines/1105-aerodyn-am-5-0-139,aerodyn,aerodyn aM 5.0/139,5000,139,15175,3,100,4,25,11.8,11.8,ASG or PMSG,,steel tube,277000,134000,,26800,,690,50/60 Hz,,Yes,Yes
1991,https://en.wind-turbine-models.com/turbines/1991-aerodyn-am-5-7-163,aerodyn,aerodyn aM 5.7/163,5700,163,20867,1,,3,22,,11.6,ASG / PMSG,,,290000,145000,,,,3300,50/60 Hz,,Yes,No
1989,https://en.wind-turbine-models.com/turbines/1989-aerodyn-am-6-0-139,aerodyn,aerodyn aM 6.0/139,6000,139,15174.6,3,,3,25,,11.8,ASG / PMSG,,,290000,135000,,,,3300,50/60 Hz,,Yes,Yes
1117,https://en.wind-turbine-models.com/turbines/1117-aerodyn-scd-6-0-140-advanced,aerodyn,aerodyn SCD 6.0/140 advanced,6000,140,15393.8,2,100,3,22,13,13.6,synchronous permanent,,steel tube,308000,,,,,,50/60 Hz,,Yes,Yes
1990,https://en.wind-turbine-models.com/turbines/1990-aerodyn-am-6-0-154,aerodyn,aerodyn aM 6.0/154,6000,154,18626.5,3,,3,25,,11.2,ASG / PMSG,,,290000,142000,,,,3300,50/60 Hz,,Yes,No
1116,https://en.wind-turbine-models.com/turbines/1116-aerodyn-scd-8-0-168,aerodyn,aerodyn SCD 8.0/168,8000,168,22167,2,100,3.5,25,11.5,11.4,synchronous,,steel tube,395000,,,,,,50/60 Hz,,Yes,Yes
1120,https://en.wind-turbine-models.com/turbines/1120-aerodyn-aeolus-11,aerodyn,aerodyn aeolus 11,30,11.7,113,2,14,3.5,25,10.5,92,asynchronous,,steel tube,500,,700,100,,380,50.0 Hz,,No,Yes
1121,https://en.wind-turbine-models.com/turbines/1121-aerodyn-aeolus-15,aerodyn,aerodyn aeolus 15,26,15,176.7,3,18,,,,,,,steel tube,,,,,,,,1983,No,Yes
2124,https://en.wind-turbine-models.com/turbines/2124-aerodynamo-aerodynamo,Aerodynamo,Aerodynamo Aerodynamo,10,8.6,58,4,10,,,,60,asynchronous,,steel tube,,,,,,,,1926,No,Yes
1378,https://en.wind-turbine-models.com/turbines/1378-aerodan-75-15,AERODAN,AERODAN 75/15,75,17,227,3,23,5,23,12,48.4,induction,,steel tube/lattice,,1200,6000,300,,415,50 Hz,,No,Yes
1382,https://en.wind-turbine-models.com/turbines/1382-aerolite-a-5,Aerolite,Aerolite A-5,5,5,19.6,3,9,3.6,17.9,11.2,,induction,,lattice,,,,,300,230,60.0 Hz,,No,Yes
1381,https://en.wind-turbine-models.com/turbines/1381-aerolite-a-7,Aerolite,Aerolite A-7,12.5,7.6,45.6,3,24.5,3.5,25,15.6,,induction,,steel tube / lattice,,,,,400,240,60.0 Hz,,No,Yes
494,https://en.wind-turbine-models.com/turbines/494-aerolite-a-10,Aerolite,Aerolite A-10,10,9.1,78,2,30.5,,,,53,Asynchronus,,Steel tube/Lattice,500,,1600,,,240,50 Hz,,No,Yes
1380,https://en.wind-turbine-models.com/turbines/1380-aerolite-a-11,Aerolite,Aerolite A-11,30,11,94.5,2,24.4,3.5,25,13.4,,induction,,steel,,,,,,240,60 Hz,,No,Yes
497,https://en.wind-turbine-models.com/turbines/497-aeronautica-29-225,Aeronautica,Aeronautica 29-225,225,29,664,3,30,4,25,13.5,37.9,Synchronous,,Steel tube,6900,4800,11800,,,480,50 Hz,,No,Yes
498,https://en.wind-turbine-models.com/turbines/498-aeronautica-33-225,Aeronautica,Aeronautica 33-225,225,33,855,3,30,4,22,11.5,31.5,Synchronous,,Steel tube,6900,4900,11800,,,480,50 Hz,,No,Yes
1980,https://en.wind-turbine-models.com/turbines/1980-aeronautica-47-500,Aeronautica,Aeronautica 47-500,500,47,1735,3,50,3,25,12,25.3,asynchronous induction,,steel tube,22000,15200,,2400,,690,50/60 Hz,,No,Yes
499,https://en.wind-turbine-models.com/turbines/499-aeronautica-47-750,Aeronautica,Aeronautica 47-750,750,47,1735,3,50,3.5,25,14.5,25.3,Asynchronus,,Steel tube,22000,15200,36900,2400,74100,690,50 Hz,,No,Yes
500,https://en.wind-turbine-models.com/turbines/500-aeronautica-54-750,Aeronautica,Aeronautica 54-750,750,54,2289,3,50,3.5,20,12.5,25.3,Asynchronus,,Steel tube,22000,15200,36900,2400,74100,690,50 Hz,,No,Yes
1871,https://en.wind-turbine-models.com/turbines/1871-aerotech-a-s-aerotech-15-75,AeroTech A/S,AeroTech A/S AEROTECH 15-75,75,15.2,182,3,22.5,4,25,12.5,54,induction,,steel tube,,1200,,400,11000,480,50/60 Hz,,No,Yes
2495,https://en.wind-turbine-models.com/turbines/2495-aev-36-500,AEV,AEV 36/500,500,36,1018,3,49,,,,,,,steel tube,,,,,62000,,,1993,No,Yes
1662,https://en.wind-turbine-models.com/turbines/1662-agile-wind-power-vertical-sky-a32,AGILE WIND POWER,AGILE WIND POWER Vertical Sky ® A32,750,32,1728,3,78,,,12,16.5,synchronous permanent,,lattice,,,,,,,50/60 Hz,2019,No,Yes
2025,https://en.wind-turbine-models.com/turbines/2025-agile-wind-power-vertical-sky-a42,AGILE WIND POWER,AGILE WIND POWER Vertical Sky ® A42,600,42,2268,3,78,,,,12.5,synchronous permanent,,lattice,,,,,,,50/60 Hz,,No,Yes
2026,https://en.wind-turbine-models.com/turbines/2026-agile-wind-power-vertical-sky-a45,AGILE WIND POWER,AGILE WIND POWER Vertical Sky ® A45,1500,45,3420,3,92,,,,11.5,synchronous permanent,,lattice,,,,,,,50/60 Hz,,No,Yes
2162,https://en.wind-turbine-models.com/turbines/2162-aiola-27,Aiola,Aiola 27,270,27,572,,,,,,,,,,,,,,,,,,No,Yes
2163,https://en.wind-turbine-models.com/turbines/2163-aiola-80,Aiola,Aiola 80,80,17,227,,,,,,,,,,,,,,,,,,No,Yes
956,https://en.wind-turbine-models.com/turbines/956-air-19-100,AIR,AIR 19/100,100,19,284,3,25,3.5,24,14,61,Synchronous multi-pole,,Steel tube/Lattice,,,,,,400,50 Hz,,No,Yes
157,https://en.wind-turbine-models.com/turbines/157-aircon-10-s,AIRCON,AIRCON 10 S,9.8,7.1,39.6,3,30,3.5,25,11,130,Synchronous permanent,,Steel tube/Lattice,,,,,,690,50 Hz,,No,Yes
859,https://en.wind-turbine-models.com/turbines/859-aircon-10s,AIRCON,AIRCON 10S,100,,,,,2.5,25,10,,,,,,,,,,,,,No,Yes
1295,https://en.wind-turbine-models.com/turbines/1295-aircon-30,AIRCON,AIRCON 30,29.8,13.1,135.1,3,24,2.5,25,11,65,synchronous permanent,,lattice,,,,,,690,50 Hz,,No,Yes
2489,https://en.wind-turbine-models.com/turbines/2489-airgenesis-two-rotor-turbine,Airgenesis,Airgenesis two rotor turbine,11000,103,160664,6,78,3,40,16.7,,permanent magnet,,I-Beam & Tubular steel,,,,,,,50/60 Hz,,No,Yes
1449,https://en.wind-turbine-models.com/turbines/1449-aliz-o-1000-60,Alizéo,Alizéo 1000/60,1000,60,2827,3,50,3.6,20,12.5,26,synchronous permanent,,steel tube,,,,,,690,50 Hz,,No,Yes
145,https://en.wind-turbine-models.com/turbines/145-allgaier-we-10-g6,Allgaier,Allgaier WE 10/G6,6,10,78,3,9.89,2.5,,9,86,,,variable,500,200,600,,,220,,,No,Yes
144,https://en.wind-turbine-models.com/turbines/144-allgaier-stgw-34,Allgaier,Allgaier StGW-34,100,34,872,2,22.3,3.7,,9.5,36,,,3 x Turmrohre,6800,1800,4500,,,,,,No,Yes
363,https://en.wind-turbine-models.com/turbines/363-alstom-eco-80-1670,Alstom,Alstom ECO 80/1670,1670,80,5027,3,80,3,25,,17.9,Asynchronus,,Steel tube,,,,,,690,50 Hz,,No,Yes
795,https://en.wind-turbine-models.com/turbines/795-alstom-eco-80-2000,Alstom,Alstom ECO 80/2000,2000,80,5027,3,70,3,25,,18.4,Asynchronus,,Steel tube,,,,,,690,50 Hz,,No,Yes
794,https://en.wind-turbine-models.com/turbines/794-alstom-eco-86,Alstom,Alstom ECO 86,1670,86,5741,3,80,3,25,,17.2,Asynchronus,,Steel tube,,,,,,690,50 Hz,,No,Yes
793,https://en.wind-turbine-models.com/turbines/793-alstom-eco-100,Alstom,Alstom ECO 100,3000,100,7980,3,75,3,25,12,14.2,Asynchronus,,Steel tube,,,,,,1000,50 Hz,,No,Yes
792,https://en.wind-turbine-models.com/turbines/792-alstom-eco-110,Alstom,Alstom ECO 110,3000,110,9469,3,75,3,25,11.5,13.6,Asynchronus,,Steel tube,,,,,,1000,50 Hz,,No,Yes
629,https://en.wind-turbine-models.com/turbines/629-alstom-eco-122-2700,Alstom,Alstom ECO 122/2700,2700,122,11689,3,89,3,34,10,12.3,asynchronous DFIG,,Steel tube,,,,,,1000,50/60 Hz,,No,Yes
930,https://en.wind-turbine-models.com/turbines/930-alstom-eco-122-3000,Alstom,Alstom ECO 122/3000,3000,122,11689,3,89,3,25,10.5,12.3,Asynchronus,,Steel tube/Hybrid,,,,,,,50/60 Hz,,No,Yes
139,https://en.wind-turbine-models.com/turbines/139-alstom-haliade-150,Alstom,Alstom Haliade 150,6000,150,17860,3,100,3,25,,11.5,Synchronous permanent,,Steel tube,,,,,,900,50 Hz,,Yes,Yes
1026,https://en.wind-turbine-models.com/turbines/1026-ae-italia-stoma-st-k60-d21,AE-Italia,AE-Italia STOMA ST-K60/D21,60,21.3,356,3,33.5,2.5,25,8,55,,,steel tube,,,,,,400,50 Hz,,No,Yes
1059,https://en.wind-turbine-models.com/turbines/1059-amperax-a3000,Amperax,Amperax A3000,3000,116,10568,3,92,3,23,11.3,,synchronus permanent,,92m: steel tube; 122/142m: hybrid,134000,74000,1610000,,,,50 Hz,,No,Yes
596,https://en.wind-turbine-models.com/turbines/596-amsc-wt1650df,AMSC,AMSC wt1650df,1650,82,5281,3,70,3.5,20,12,,Double Fed Asyn,,Steel tube,,,,,,,60 Hz,,No,Yes
2011,https://en.wind-turbine-models.com/turbines/2011-amsc-wt2000df-tc-ia,AMSC,AMSC wt2000df TC IA,2000,86,5808.8,3,70,3,25,11,,double-fed induction,,tubular steel. concrete. hybrid,,,,,,690,50/60 Hz,,No,Yes
2013,https://en.wind-turbine-models.com/turbines/2013-amsc-wt2000df-tc-iia,AMSC,AMSC wt2000df TC IIA,2000,100,7854,3,80,3,25,11,,double-fed induction,,tubular steel. concrete. hybrid,,,,,,690,50/60 Hz,,No,Yes
2015,https://en.wind-turbine-models.com/turbines/2015-amsc-wt2000df-tc-iiia,AMSC,AMSC wt2000df TC IIIA,2000,113,10028.7,3,90,3,20,11,,double-fed induction,,tubular steel. concrete. hybrid,,,,,,690,50/60 Hz,,No,Yes
2012,https://en.wind-turbine-models.com/turbines/2012-amsc-wt2000fc-tc-ia,AMSC,AMSC wt2000fc TC IA,2000,93,6792.9,3,70,3.5,25,11.5,,synchronous / asynchronous,,tubular steel. concrete. hybrid,,,,,,690,50/60 Hz,,No,Yes
2014,https://en.wind-turbine-models.com/turbines/2014-amsc-wt2000fc-tc-iia,AMSC,AMSC wt2000fc TC IIA,2000,100,7854,3,80,3,25,11,,synchronous / asynchronous,,tubular steel. concrete. hybrid,,,,,,690,50/60 Hz,,No,Yes
2016,https://en.wind-turbine-models.com/turbines/2016-amsc-wt2000fc-tc-iiia,AMSC,AMSC wt2000fc TC IIIA,2000,113,10028.7,3,90,3,20,11,,synchronous / asynchronous,,tubular steel. concrete. hybrid,,,,,,690,50/60 Hz,,No,Yes
2017,https://en.wind-turbine-models.com/turbines/2017-amsc-wt3000df-tc-iib,AMSC,AMSC wt3000df TC IIB,3000,113,10028.7,3,90,3,25,12,,double-fed induction,,tubular steel. concrete. hybrid,,,,,,690,50/60 Hz,,No,Yes
2021,https://en.wind-turbine-models.com/turbines/2021-amsc-wt3000df-tc-iiia,AMSC,AMSC wt3000df TC IIIA,3000,140,15393.8,3,100,3,20,10,,double-fed induction,,tubular steel. concrete. hybrid,,,,,,690,50/60 Hz,,No,Yes
2019,https://en.wind-turbine-models.com/turbines/2019-amsc-wt3000df-tc-iiib,AMSC,AMSC wt3000df TC IIIB,3000,120,11309.7,2,90,3,20,11,,double-fed induction,,tubular steel. concrete. hybrid,,,,,,690,50/60 Hz,,No,Yes
2018,https://en.wind-turbine-models.com/turbines/2018-amsc-wt3000fc-tc-iib,AMSC,AMSC wt3000fc TC IIB,3000,113,10028.7,3,90,3,25,12,,synchronous/ asynchronous,,tubular steel. concrete. hybrid,,,,,,690,50/60 Hz,,No,Yes
2022,https://en.wind-turbine-models.com/turbines/2022-amsc-wt3000fc-tc-iiia,AMSC,AMSC wt3000fc TC IIIA,3000,140,15393.8,3,100,3,20,10,,synchronous/ asynchronous,,tubular steel. concrete. hybrid,,,,,,690,50/60 Hz,,No,Yes
2020,https://en.wind-turbine-models.com/turbines/2020-amsc-wt3000fc-tc-iiib,AMSC,AMSC wt3000fc TC IIIB,3000,120,11309.7,3,90,3,20,11,,synchronous/ asynchronous,,tubular steel. concrete. hybrid,,,,,,690,50/60 Hz,,No,Yes
2023,https://en.wind-turbine-models.com/turbines/2023-amsc-wt5500df-tc-i,AMSC,AMSC wt5500df TC I,5500,140,15393.8,3,100,3.5,30,11.8,,doubly-fed induction,,tubular steel tower,,,,,,690,50/60 Hz,,No,Yes
2024,https://en.wind-turbine-models.com/turbines/2024-amsc-wt5500fc-tc-i,AMSC,AMSC wt5500fc TC I,5500,140,15393.8,3,100,3.5,30,11.8,,synchronous / asynchronous,,tubular steel,,,,,,690,50/60 Hz,,No,Yes
425,https://en.wind-turbine-models.com/turbines/425-amsc-wt10000dd-seatitan,AMSC,AMSC wt10000dd SeaTitan,10000,190,28353,3,125,4,30,11.5,10,HTS synchronous,,Steel tube,,,,,,12000,50/60 Hz,,Yes,Yes
730,https://en.wind-turbine-models.com/turbines/730-an-bonus-100-30,AN Bonus,AN Bonus 100/30,100,23,415,3,24,4.8,28,12.5,40,Asynchronus,,Steel tube/Lattice,2000,6700,9700,700,18400,400,50 Hz,,No,Yes
124,https://en.wind-turbine-models.com/turbines/124-an-bonus-150-30,AN Bonus,AN Bonus 150/30,150,23,415,3,30,3.5,25,12.5,40,Asynchronus,,Steel tube/Lattice,8700,,22000,700,,400,50 Hz,,No,Yes
112,https://en.wind-turbine-models.com/turbines/112-an-bonus-300-33,AN Bonus,AN Bonus 300/33,300,33.4,876,3,30,3,25,13,31,Asynchronus,,Steel tube,17600,3500,25000,1200,46000,400,50.0 Hz,,No,Yes
720,https://en.wind-turbine-models.com/turbines/720-an-bonus-450-35,AN Bonus,AN Bonus 450/35,450,35,962,3,30,4.5,28,17,35,Asynchronus,,Steel tube,,,,,,400,50 Hz,,No,Yes
729,https://en.wind-turbine-models.com/turbines/729-an-bonus-450-36,AN Bonus,AN Bonus 450/36,450,36,1017.9,3,35,4.5,25,16,33,Asynchronus,,Steel tube,,,,,,400,50 Hz,,No,Yes
382,https://en.wind-turbine-models.com/turbines/382-an-bonus-450-37,AN Bonus,AN Bonus 450/37,450,37,1075,3,35,4.5,25,13.5,30,Asynchronus,,Steel tube,26100,,27000,1600,54500,690,50 Hz,,No,Yes
123,https://en.wind-turbine-models.com/turbines/123-an-bonus-600-41,AN Bonus,AN Bonus 600/41,600,41,1320,3,42.3,4.5,25,14.5,29,Asynchronus,,Steel tube,24000,6500,52000,1800,,690,50.0 Hz,,No,Yes
343,https://en.wind-turbine-models.com/turbines/343-an-bonus-600-44,AN Bonus,AN Bonus 600/44,600,44,1520,3,42,3,25,15,27,Asynchronus,,Steel tube,24000,9500,51000,3200,,690,50 Hz,,No,Yes
1175,https://en.wind-turbine-models.com/turbines/1175-an-bonus-600-44-3,AN Bonus,AN Bonus 600/44-3,600,44,1520,3,42.3,3,25,15,27,induction,,steel tube,21500,9500,51000,,82000,690,50 Hz,,No,Yes
690,https://en.wind-turbine-models.com/turbines/690-an-bonus-600-44-mk-iv,AN Bonus,AN Bonus 600/44 MK IV,600,44,1520,3,40,5,25,15,28,Asynchronus,,Steel tube,22500,14200,57500,2900,94200,690,50 Hz,,No,Yes
1072,https://en.wind-turbine-models.com/turbines/1072-an-bonus-750-50-prototype,AN Bonus,AN Bonus 750/50 Prototype,750,50,1960,3,60,3,25,15,22,asynchronous,,steel tube,50000,10000,60000,,120000,690,50.0 Hz,1995,No,Yes
396,https://en.wind-turbine-models.com/turbines/396-an-bonus-1000-54,AN Bonus,AN Bonus 1000/54,1000,54.2,2300,3,50,3,25,15,22,Asynchronus,,Steel tube,40000,25000,90000,,155000,690,50.0 Hz,,No,Yes
59,https://en.wind-turbine-models.com/turbines/59-an-bonus-1300-62,AN Bonus,AN Bonus 1300/62,1300,62,3019,3,68,3,25,15,19,Asynchronus,,Tubular steel,50000,30000,198000,,280000,690,50.0 Hz,,No,Yes
406,https://en.wind-turbine-models.com/turbines/406-an-bonus-2000-76,AN Bonus,AN Bonus 2000/76,2000,76,4536,3,60,3,25,15,17,Asynchronus,,Steel tube,65000,38000,,,,690,50 Hz,,No,Yes
857,https://en.wind-turbine-models.com/turbines/857-an-bonus-2300-82,AN Bonus,AN Bonus 2300/82,2300,82.4,5300,3,80,3.5,25,15,17,Asynchronus,,Steel tube,82500,52000,252000,,386500,690,50 Hz,,Yes,Yes
950,https://en.wind-turbine-models.com/turbines/950-anelion-sw-3-5-gt,Anelion,Anelion SW 3.5 GT,3.5,3.5,9.6,3,10,3.5,17.5,12,465,Synchronous permanent,,Steel tube/Lattice,,,,,100,280,50 Hz,,No,Yes
1690,https://en.wind-turbine-models.com/turbines/1690-hummer-h6-4-5kw,Hummer,Hummer H6.4-5KW,5,6.4,32.2,3,,3,25,12,240,Permanent  magent alternator.SCF technology,,steel tube. free + guyed,,,,,,240,50/60 Hz,,No,Yes
1689,https://en.wind-turbine-models.com/turbines/1689-hummer-h8-16-10kw,Hummer,Hummer H8.16-10KW,10,8.2,50.3,3,,3,25,11,100,Permanent  magent alternator.SCF technology,,steel tube,500,,,,,400,50/60 Hz,,No,Yes
1688,https://en.wind-turbine-models.com/turbines/1688-hummer-h13-2-20kw,Hummer,Hummer H13.2-20KW,20,13.2,136.9,3,,3,25,9,110,Permanent  magent alternator.SCF technology,,steel tube,,,,,,450,50/60 Hz,,No,Yes
1687,https://en.wind-turbine-models.com/turbines/1687-hummer-h13-2-30kw,Hummer,Hummer H13.2-30KW,30,13.2,136.9,3,,3,25,10,110,Permanent magent alternator.SCF technology,,,900,,,,,620,50/60 Hz,,No,Yes
1686,https://en.wind-turbine-models.com/turbines/1686-hummer-h17-0-50kw,Hummer,Hummer H17.0-50KW,50,17,227,3,,3.5,20,9.5,85,Permanent magnet alternator. SCF technology,,steel tube,1300,,,,,660,50/60 Hz,,No,Yes
1685,https://en.wind-turbine-models.com/turbines/1685-hummer-h21-0-60kw,Hummer,Hummer H21.0-60KW,60,21,346.4,3,,2.5,25,9,50,Permanent magnet alternator. SCF technology,,steel tube,1500,,,,,660,50/60 Hz,,No,Yes
1684,https://en.wind-turbine-models.com/turbines/1684-hummer-h21-0-100kw,Hummer,Hummer H21.0-100KW,100,21,346.4,3,,2.5,20,10.5,60,Permanent magent alternator. SCF technology,,steel tube,,,,,,660,50/60 Hz,,No,Yes
1683,https://en.wind-turbine-models.com/turbines/1683-hummer-h25-0-60kw,Hummer,Hummer H25.0-60KW,60,25,490.9,3,,2.5,20,7.5,50,Permanent magnet alternator. SCF technology,,steel tube,,,,,,660,50/60 Hz,,No,Yes
1682,https://en.wind-turbine-models.com/turbines/1682-hummer-h25-0-100kw,Hummer,Hummer H25.0-100KW,100,25,490.9,3,,2.5,20,10,50,Permanent magnet alternator. SCF technology,,steel tube,2200,,,,,690,50/60 Hz,,No,Yes
1681,https://en.wind-turbine-models.com/turbines/1681-hummer-h25-0-200kw,Hummer,Hummer H25.0-200KW,200,25,490.9,3,,2.5,20,11.5,50,Permanent  magent alternator.SCF technology,,steel tube,,,,,,690,,,No,Yes
1556,https://en.wind-turbine-models.com/turbines/1556-mandt-wodan,Mandt,Mandt Wodan,7,15.6,191,6,25,3,18,,20,Gegencompound,,Gittermast,4000,3000,5200,400,12200,110,,1926,No,Yes
2036,https://en.wind-turbine-models.com/turbines/2036-aoi-arab-1-5-77,AOI Arab,AOI Arab 1.5-77,1500,77,4657,3,70,3,25,11,17.3,synchronous permanent,,steel tube,,,,,,690,50/60 Hz,,No,Yes
2037,https://en.wind-turbine-models.com/turbines/2037-aoi-arab-aoi-20kw,AOI Arab,AOI Arab AOI 20kW,20,13,133,3,18,3,25,12,90,,,,,,,,,,,,No,Yes
23,https://en.wind-turbine-models.com/turbines/23-areva-m5000-116,AREVA,AREVA M5000-116,5000,116,10568,3,,4,25,12.5,14.8,Synchronous permanent,,Steel tube,233000,111500,,,345000,3300,50 Hz,,Yes,Yes
686,https://en.wind-turbine-models.com/turbines/686-areva-m5000-135,AREVA,AREVA M5000-135,5000,135,14326,3,,3.5,25,11.4,13.5,Synchronous permanent,,Steel tube,,140000,,,375000,3300,50 Hz,,Yes,Yes
426,https://en.wind-turbine-models.com/turbines/426-argolabe-turbec-100,Argolabe,Argolabe Turbec-100,100,22.5,397.6,3,37,3.5,20,10.5,46,Asychronous,,Steel tube/Lattice,5000,,10000,,,400,50 Hz,,No,Yes
1635,https://en.wind-turbine-models.com/turbines/1635-aria-libellula-20,Aria,Aria Libellula 20,20,17.4,46.2,2,20,3,25,10,,induction,,steel tube,2000,,2000,,4000,400,50 Hz,,No,Yes
1634,https://en.wind-turbine-models.com/turbines/1634-aria-libellula-55,Aria,Aria Libellula 55+,57,19,59.5,2,19,3,25,11,95,induction,,steel tube,2000,900,7700,,10600,400,50 Hz,,No,Yes
1099,https://en.wind-turbine-models.com/turbines/1099-aria-libellula-55kw,Aria,Aria Libellula 55kW,55,18,255,2,25,3,25,11,95,asynchronous,,steel tube,2000,900,10800,,13700,400,40-70 Hz,,No,Yes
1633,https://en.wind-turbine-models.com/turbines/1633-aria-libellula-60i,Aria,Aria Libellula 60i,60,19,59.7,2,19,3,25,11,95,induction,,steel tube,2000,900,7700,,10600,400,50 Hz,,No,Yes
1534,https://en.wind-turbine-models.com/turbines/1534-atb-riva-calzoni-atb-60-28-dd,ATB Riva Calzoni,ATB Riva Calzoni ATB 60.28 DD,60,28,616,2,37,3,19,7.5,52,synchronous permanent,,concrete,,,35000,,,400,50/60 Hz,,No,Yes
2119,https://en.wind-turbine-models.com/turbines/2119-atb-riva-calzoni-100-28-dd,ATB Riva Calzoni,ATB Riva Calzoni 100.28 DD,100,28,616,2,37,3,25,8.5,52,synchron permanent,,concrete tube,,,35000,,,400,50/60 Hz,,No,Yes
1533,https://en.wind-turbine-models.com/turbines/1533-atb-riva-calzoni-atb-500-54,ATB Riva Calzoni,ATB Riva Calzoni ATB 500.54,500,54,2290,3,50,3.5,25,10,29,PMR,,steel tube,30000,16000,77000,,123000,690,50/60 Hz,,No,Yes
2120,https://en.wind-turbine-models.com/turbines/2120-atb-riva-calzoni-750-54,ATB Riva Calzoni,ATB Riva Calzoni 750.54,750,54,2290,3,72,4,24,11,26.5,synchron permanent,,inner flanged,30000,,81000,,127000,690,50/60 Hz,,No,Yes
2164,https://en.wind-turbine-models.com/turbines/2164-atlantic-orient-aoc-15-50,Atlantic Orient,Atlantic Orient AOC 15/50,50,15,177,3,24.4,4.6,22.4,11.3,65,3 phase/4 pole asynchronous,,Galvanized 3 legged. bolted lattice . self-supporting,2400,,3200,200,5600,480,60 Hz,,No,Yes
2047,https://en.wind-turbine-models.com/turbines/2047-austrowind-wt-5000,Austrowind,Austrowind WT 5000,5,8,50,3,13.15,2,20,12,130,synchronous permanent,,steel tube,500,,,,,210,50 Hz,,No,Yes
375,https://en.wind-turbine-models.com/turbines/375-autoflug-a-100,Autoflug,Autoflug A 100,100,23,415,2,42.6,3,25,13,32.7,Asynchronus,,Lattice,3800,,14000,300,,400,50 Hz,,No,Yes
344,https://en.wind-turbine-models.com/turbines/344-autoflug-a-1200,Autoflug,Autoflug A 1200,1200,61,2922,2,60,4,25,13,20.7,Asynchronus,,Steel tube,89000,,90000,3800,,690,50 Hz,,No,Yes
107,https://en.wind-turbine-models.com/turbines/107-avantis-av-928,Avantis,Avantis AV 928,2500,93.2,6822,3,80,3,25,11.6,18,synchronous permanent,,steel tube,,,,10200,,690,50/60 Hz,,No,Yes
84,https://en.wind-turbine-models.com/turbines/84-avantis-av-1010,Avantis,Avantis AV 1010,2300,100.6,7948,3,99,3,25,11.2,14.3,synchronous permanent,,Steel tube,75000,40000,180000,10500,295000,690,50 Hz,,No,Yes
1529,https://en.wind-turbine-models.com/turbines/1529-aventa-av-7,Aventa,Aventa AV-7,6.2,12.8,,3,18,2,14,6,63,,,Beton,,,,,,,,,No,Yes
268,https://en.wind-turbine-models.com/turbines/268-avic-huide-hd-1000,AVIC Huide,AVIC Huide HD 1000,1000,,,,,3.5,25,14,,,,,,,,,,,,,No,Yes
269,https://en.wind-turbine-models.com/turbines/269-avic-huide-hd-2000,AVIC Huide,AVIC Huide HD 2000,2000,,,,,4,25,11,,,,,,,,,,,,,No,Yes
1186,https://en.wind-turbine-models.com/turbines/1186-awinco-l50-200,awinco,awinco L50-200,50,16,200,3,22,3,25,12,58,synchronous permanent,,steel tube,6500,,,,,400,50/60 Hz,,No,Yes
1540,https://en.wind-turbine-models.com/turbines/1540-awinco-l60-330,awinco,awinco L60-330,60,20.2,320,3,22,3,25,11,50,synchronous permanent,,steel tube,,,,,,400,50/60 Hz,,No,Yes
976,https://en.wind-turbine-models.com/turbines/976-awp-awp-56-100,AWP,AWP AWP 56-100,100,17,227,3,19,5,22,13,72,Asynchronus,,Lattice,3700,3000,4700,,14400,380,50/60 Hz,,No,Yes
2061,https://en.wind-turbine-models.com/turbines/2061-b-ventus-250-kw,b.ventus,b.ventus 250 kW,250,42.5,1421,3,28,2.5,32,9,32,synchronous permanent,,steel tube,,,,,,400,50/60 Hz,,No,Yes
2324,https://en.wind-turbine-models.com/turbines/2324-balfour-beatty-power-vawt-magic-mushroom,Balfour Beatty Power,Balfour Beatty Power VAWT magic mushroom,28,6,,5,15,,,,,,,,,,,,,,,1985,No,Yes
2165,https://en.wind-turbine-models.com/turbines/2165-baltic-99-kw,Baltic,Baltic 99 kW,99,19,302,3,24,3,20,13,,asynchronous,,,,,,,,,,,No,Yes
2574,https://en.wind-turbine-models.com/turbines/2574-baltic-windwerke-bw-3200,Baltic WindWerke,Baltic WindWerke BW 3200,3200,120,11310,3,90,3,25,13,,permanent magnet synchronous,,steel tube / hybrid,,,,,,,50/60 Hz,,No,Yes
2573,https://en.wind-turbine-models.com/turbines/2573-baltic-windwerke-bw-3500,Baltic WindWerke,Baltic WindWerke BW 3500,3500,120,11310,3,90,3,25,13,,permanent magnet synchronous,,steel tube / hybrid,,,,,,,50/60 Hz,,No,Yes
2572,https://en.wind-turbine-models.com/turbines/2572-baltic-windwerke-bw-4500,Baltic WindWerke,Baltic WindWerke BW 4500,4500,151,17908,3,100,3,20,12,,doubly-fed induction (DFIG),,concrete-tubular hybrid,,,,,,,50/60 Hz,,No,Yes
270,https://en.wind-turbine-models.com/turbines/270-baoding-tianwei-btw-1-5,Baoding Tianwei,Baoding Tianwei BTW 1.5,1500,,,,,,,,,,,,,,,,,,,,No,Yes
1155,https://en.wind-turbine-models.com/turbines/1155-baoding-tianwei-btw-2-0,Baoding Tianwei,Baoding Tianwei BTW 2.0,2000,93,6792.9,3,80,3,25,11.5,15,Double fed induction,,steel tube,,,,,,,50/60 Hz,2011,No,Yes
1458,https://en.wind-turbine-models.com/turbines/1458-barberwind-b1000,Barberwind,Barberwind B1000,1000,51.8,,5,36.6,3.8,20,10.7,18.6,,,lattice,,,,,,,,,No,Yes
6,https://en.wind-turbine-models.com/turbines/6-bard-vm,BARD,BARD VM,5276,122,11690,3,90,3,30,12.5,8,Double Fed Asyn,,steel tube- tripod,280000,155500,940000,,1375500,,50 Hz,,Yes,Yes
916,https://en.wind-turbine-models.com/turbines/916-bard-6-5,BARD,BARD 6.5,6500,122,11690,3,90,,,13.7,,Synchronous permanent,,Steel tube / tripile,295000,155000,760000,,1210000,,50.0 Hz,2011,Yes,Yes
978,https://en.wind-turbine-models.com/turbines/978-baz-n-44-600-mk-iv,Bazán,Bazán 44/600 MK-IV,600,44,1520,3,35,3,25,15,27,Asynchronus,,Steel tube,22500,14200,70000,,107000,690,50 Hz,,No,Yes
977,https://en.wind-turbine-models.com/turbines/977-baz-n-62-1300,Bazán,Bazán 62/1300,1300,62,3000,3,50,3,25,15,19,Asynchronus,,Steel tube,50000,34000,57000,,141000,690,50 Hz,,No,Yes
658,https://en.wind-turbine-models.com/turbines/658-beck-ballum-smedemester-22kw,Beck Ballum,Beck Ballum Smedemester 22kW,22,10,78.5,3,18.5,,,,,,,Lattice,,,,,,,,,No,Yes
271,https://en.wind-turbine-models.com/turbines/271-beijing-north-bzd80-2000,Beijing North,Beijing North BZD80-2000,2000,80,5027,3,70,3.5,25,13.5,20.7,induction.doubly-fed,,Tubular Steel,,,204000,,,690,50 Hz,,No,Yes
1379,https://en.wind-turbine-models.com/turbines/1379-bendix-bendix-schachle,Bendix,Bendix Bendix-Schachle,3000,50.3,1987,3,,,,17.9,,,,tubular steel,,,,,,,,1980,No,Yes
2711,https://en.wind-turbine-models.com/turbines/2711-berewoud-windvang-65-8,berewoud,berewoud Windvang 65.8,8,6.5,33,2,16,,,11,,induction,,steel tube,,,,,,400,50 Hz,,No,Yes
2712,https://en.wind-turbine-models.com/turbines/2712-berewoud-windvang-80-15,berewoud,berewoud Windvang 80.15,15,8,50,3,18,,,12,,induction,,steel tube,,,,,,400,50 Hz,,No,Yes
2713,https://en.wind-turbine-models.com/turbines/2713-berewoud-windvang-125-50,berewoud,berewoud Windvang 125.50,50,12.5,123,3,18,,,12,,induction,,steel tube,,,,,,400,50 Hz,,No,Yes
2709,https://en.wind-turbine-models.com/turbines/2709-berewoud-windvang-160-80-rwt,berewoud,berewoud Windvang 160.80 RWT,80,16,201,3,24,4,22,13.5,85,induction,,steel tube,,,,200,,400,50 Hz,,No,Yes
2710,https://en.wind-turbine-models.com/turbines/2710-berewoud-windvang-220-150-kewt,berewoud,berewoud Windvang 220.150 KEWT,150,22,380,3,30,4,25,14,106,slip ring inductive,,steel tube,,,,,,400,50 Hz,,No,Yes
501,https://en.wind-turbine-models.com/turbines/501-bergey-bwc-excel-10,Bergey,Bergey BWC Excel 10,10,7,38.5,3,30,3.4,60,15.6,,Synchronous permanent,,Lattice,,,,,,220,50 Hz,,No,Yes
2650,https://en.wind-turbine-models.com/turbines/2650-bergey-excel-15,Bergey,Bergey Excel 15,15.6,9.6,72.4,3,18,4,60,11,150,permanent magnet,,guyed and non-guyed. lattice tower,,,,600,,240,50 Hz,,No,Yes
1210,https://en.wind-turbine-models.com/turbines/1210-best-romani-nogent-le-roi,BEST - Romani,BEST - Romani Nogent-le-Roi,640,30.2,715.8,3,32,3,20,16.7,47.3,synchronous,,pylon tripod,25000,8000,127000,,160000,3000,50.0 Hz,1958,No,Yes
2490,https://en.wind-turbine-models.com/turbines/2490-bestwatt-bw10,BestWatt,BestWatt BW10,10,10,78,3,15,3,25,,80,synchronous,,steel tube,,,,,,,50 Hz,,No,Yes
2491,https://en.wind-turbine-models.com/turbines/2491-bestwatt-bw45,BestWatt,BestWatt BW45,45,15.9,199,3,15,3.5,25,,65,induction,,steel tube,,,,,,,50 Hz,,No,Yes
2492,https://en.wind-turbine-models.com/turbines/2492-bestwatt-bw80,BestWatt,BestWatt BW80,80,15.9,199,3,15,3.5,25,,70,induction,,steel tube,,,,,,,50 Hz,,No,Yes
2289,https://en.wind-turbine-models.com/turbines/2289-bewind-bw-6-xm172,bewind,bewind BW 6.xM172,6000,172,23235,3,,3,26,10,,PMSG,,steel tube,,,,,,,50/60 Hz,,No,Yes
2288,https://en.wind-turbine-models.com/turbines/2288-bewind-bw-14-xm225,bewind,bewind BW 14.xM225,14000,225,39761,3,,3,30,12,,PMSG,,steel tube,,,,,,,50/60 Hz,,Yes,No
430,https://en.wind-turbine-models.com/turbines/430-blaaster-dl100,Blaaster,Blaaster DL100,3000,100,7854,3,90,,,,,synchronous,,Steel tube,,,,,,,,,No,Yes
502,https://en.wind-turbine-models.com/turbines/502-blue-max-blue-max,Blue Max,Blue Max Blue Max,50,,,,,,,,,,,,,,,,,,,,No,Yes
2319,https://en.wind-turbine-models.com/turbines/2319-blue-power-blueone-1kw,Blue Power,Blue Power BlueOne 1kW,1,1.1,1,5,,3,,,,,,steel tube,,,,,,,,,Yes,Yes
1444,https://en.wind-turbine-models.com/turbines/1444-boewe-w112,BÖWE,BÖWE W112,10,12,113,1,11,4,,8,111,induction,,steel tube,,,,,,380,50 Hz,1980,No,Yes
781,https://en.wind-turbine-models.com/turbines/781-boneyards-boneyards,boneyards,boneyards boneyards,,1,1,1,1,1,1,1,1,1,,1,1000,1000,1000,1000,1000,1,1 Hz,,No,Yes
592,https://en.wind-turbine-models.com/turbines/592-bonus-b19-120,Bonus,Bonus B19/120,120,19.4,295.6,3,,,,,,,,,,,,,,,,,No,Yes
189,https://en.wind-turbine-models.com/turbines/189-bonus-b23-150-gittermast,Bonus,Bonus B23/150 Gittermast,150,23,415,3,30,3.5,25,12.5,40,Asynchronus,,Lattice,8700,,15000,700,26000,400,50 Hz,,No,Yes
190,https://en.wind-turbine-models.com/turbines/190-bonus-b23-150-konisk-r-rt-rn,Bonus,Bonus B23/150 Konisk Rørtårn,150,23,415,3,30,4,28,14,40,induction,,steel tube,5700,3000,9700,700,,400,50 Hz,,No,Yes
187,https://en.wind-turbine-models.com/turbines/187-bonus-b23-150-nacelle,Bonus,Bonus B23/150 Nacelle,150,23.8,445,,23,4,28,14,40,,,variable,6000,2500,7700,,,415,,,No,Yes
188,https://en.wind-turbine-models.com/turbines/188-bonus-b23-150-trebenet,Bonus,Bonus B23/150 Trebenet,150,23.8,445,3,24.5,,,,,,,,,,,,,,,,No,Yes
191,https://en.wind-turbine-models.com/turbines/191-bonus-b31-300,Bonus,Bonus B31/300,300,31,754.8,3,30,3,25,13,31,induction,,steel tube / lattice,,,,,,690,50 Hz,,No,Yes
711,https://en.wind-turbine-models.com/turbines/711-bonus-b33-300,Bonus,Bonus B33/300,300,33.4,855,3,30,3,25,13,31,Asynchronus,,Steel tube,17500,3500,16000,,,690,50 Hz,,No,Yes
122,https://en.wind-turbine-models.com/turbines/122-bonus-b35-450,Bonus,Bonus B35/450,450,35,926,,,4.5,28,17,,,,conical tubular steel,,,,,,,,,Yes,Yes
2339,https://en.wind-turbine-models.com/turbines/2339-bonus-b37-450,Bonus,Bonus B37/450,450,37,1075,3,35,4.5,25,13.5,30,induction,,steel tube,24000,,27000,2200,,690,50 Hz,,No,Yes
2340,https://en.wind-turbine-models.com/turbines/2340-bonus-b39-500,Bonus,Bonus B39/500,500,39,1195,3,35,4.5,25,13,30,induction,,steel tube,24000,10000,42000,2300,76000,690,50 Hz,1994,No,Yes
192,https://en.wind-turbine-models.com/turbines/192-bonus-b41-600,Bonus,Bonus B41/600,600,41,1320,3,42.3,4.5,25,14.5,29,Asynchronus,,Steel tube,24000,10000,52000,2300,86000,690,50 Hz,,No,Yes
698,https://en.wind-turbine-models.com/turbines/698-bonus-b44-600,Bonus,Bonus B44/600,600,44,1521,3,42,3,25,15,27,Asynchronus,,Steel tube,22500,14000,57000,,93500,690,50 Hz,,No,Yes
2784,https://en.wind-turbine-models.com/turbines/2784-bonus-b52-1000,Bonus,Bonus B52/1000,1000,52,2123,3,50,3.5,25,16,22,pole-changing asynchronous,,steel tube,40000,25000,90000,,155000,690,50 Hz,,No,Yes
697,https://en.wind-turbine-models.com/turbines/697-bonus-b54-1000,Bonus,Bonus B54/1000,1000,54.2,2290,3,50,3,25,15,22,Asynchronus,,Steel tube,40000,25000,90000,4300,155000,690,50 Hz,1996,No,Yes
1348,https://en.wind-turbine-models.com/turbines/1348-bonus-b62-1300,Bonus,Bonus B62/1300,1300,62,3019,3,68,3,25,15,19,induction,,steel tube,50000,30000,198000,,280000,690,50 Hz,,No,Yes
121,https://en.wind-turbine-models.com/turbines/121-bonus-b76-2000,Bonus,Bonus B76/2000,2000,76,4536,3,60,3,25,15,16,induction,,steel tube,65000,38000,81400,,260000,690,50 Hz,,No,Yes
699,https://en.wind-turbine-models.com/turbines/699-bonus-b82-2300,Bonus,Bonus B82/2300,2300,82.4,5300,3,80,3.5,25,15,17,Asynchronus,,Steel tube,82500,52000,252000,,386500,690,50.0 Hz,,Yes,Yes
987,https://en.wind-turbine-models.com/turbines/987-bonus-95,Bonus,Bonus 95,95,18,254,3,,,,,,,,,,,,,,,,,No,Yes
47,https://en.wind-turbine-models.com/turbines/47-bonus-150,Bonus,Bonus 150,150,23,415.5,3,,,,,,,,,,,,,,,,,No,Yes
2146,https://en.wind-turbine-models.com/turbines/2146-bornay-wind-13,Bornay,Bornay Wind 13+,1.5,2.9,6.4,2,,3,60,12,600,Three phases permanent magnet,,lattice with guy cables,,,,,,220,50/60 Hz,,Yes,Yes
2147,https://en.wind-turbine-models.com/turbines/2147-bornay-wind-25-2,Bornay,Bornay Wind 25.2+,3,4.1,12.9,2,,3,60,12,400,Three phases permanent magnet,,lattice with guy cables,,,,,,220,50/60 Hz,,Yes,Yes
2148,https://en.wind-turbine-models.com/turbines/2148-bornay-wind-25-3,Bornay,Bornay Wind 25.3+,5,4.1,12.9,3,,3,60,12,400,Three phases permanent magnet,,lattice with guy cables,,,,,,220,50/60 Hz,,Yes,Yes
649,https://en.wind-turbine-models.com/turbines/649-borre-moneymaker,Borre,Borre Moneymaker,50,12.5,122.7,3,15.2,2.7,26.8,10.3,60,induction,,lattice,,,,,,240,,1982,No,Yes
170,https://en.wind-turbine-models.com/turbines/170-bosted-ke-18-4-eh,Bosted,Bosted KE 18/4 EH,18,11,95,3,20,,,,,,,Lattice,,,,,,,,,No,Yes
1125,https://en.wind-turbine-models.com/turbines/1125-bouma-20-11,Bouma,Bouma 20/11,20,11,95,3,16,5,18,,,asynchronous,,steel,,,,,,,,,No,Yes
1126,https://en.wind-turbine-models.com/turbines/1126-bouma-75-16,Bouma,Bouma 75/16,75,16,201,3,20,4,20,14,,asynchronous,,steel,,,,,,380,50/60 Hz,,No,Yes
325,https://en.wind-turbine-models.com/turbines/325-bouma-160-20,Bouma,Bouma 160/20,160,20,314,3,24,,,,,,,,,,,,,,,,No,Yes
1944,https://en.wind-turbine-models.com/turbines/1944-braun-windturbinen-antaris-2-5kw,Braun Windturbinen,Braun Windturbinen ANTARIS 2.5kW,2.7,3,7,3,,2,15,12,41080,synchronous permanent,,steel,,,,,,400,50 Hz,,Yes,Yes
1945,https://en.wind-turbine-models.com/turbines/1945-braun-windturbinen-antaris-3-5kw,Braun Windturbinen,Braun Windturbinen ANTARIS 3.5kW,3.7,3.5,9.6,3,,2,15,12,420,synchronous permanent,,steel,,,,,,400,,,Yes,Yes
1946,https://en.wind-turbine-models.com/turbines/1946-braun-windturbinen-antaris-5-5kw,Braun Windturbinen,Braun Windturbinen ANTARIS 5.5kW,6,4,12.6,3,,2,15,12,350,synchronous permanent,,steel,,,,,,400,50 Hz,,Yes,Yes
1947,https://en.wind-turbine-models.com/turbines/1947-braun-windturbinen-antaris-7-5kw,Braun Windturbinen,Braun Windturbinen ANTARIS 7.5kW,7.5,5.3,22.1,3,,2,15,12,300,synchronous permanent,,steel,,,,,,400,50 Hz,,Yes,Yes
1948,https://en.wind-turbine-models.com/turbines/1948-braun-windturbinen-antaris-10-0kw,Braun Windturbinen,Braun Windturbinen ANTARIS 10.0kW,10.5,6.5,33.2,3,,2,15,12,200,synchronous permanent,,steel,,,,,,400,50 Hz,,Yes,Yes
2149,https://en.wind-turbine-models.com/turbines/2149-braun-windturbinen-antaris-12-0kw,Braun Windturbinen,Braun Windturbinen ANTARIS 12.0kW,12,5.8,26.4,3,7,2.5,15,12,255,permanent-magnet rotor. brushless. gearless,,lattice and tubular,,,,,,1000,50/60 Hz,,Yes,Yes
1279,https://en.wind-turbine-models.com/turbines/1279-british-enfield-co-andreau-enfield,British Enfield Co.,British Enfield Co. Andreau Enfield,100,24.4,467.6,2,30,3,29,13.5,,induction,,steel tube,,,,,,415,50.0 Hz,1950,No,Yes
2791,https://en.wind-turbine-models.com/turbines/2791-britwind-h1-1kw,Britwind,Britwind H1 1kW,1,1.8,2.5,3,8,3.5,12.5,11,800,Permanent magnet generator,,gin pole (50mm tube to accept 48.5mm standard scaffold tube) with galvanised wire guy ropes,0,,,,,,,,Yes,Yes
1696,https://en.wind-turbine-models.com/turbines/1696-britwind-h5-r9000,Britwind,Britwind H5 (R9000),5,5.5,23.8,3,12,3,60,12,200,synchronous Permanent magnet generator,,Free-standing monopole with. hydraulic ram. Guy-rope tower with  gin pole. / Monopole*,300,,,,,,,,No,Yes
2789,https://en.wind-turbine-models.com/turbines/2789-britwind-v6-urbine-prototype,Britwind,Britwind V6 Urbine prototype,6,5,35,3,6,4,25,12,,permanent,,steel tube,,,,,,400,50 Hz,2012,No,Yes
2775,https://en.wind-turbine-models.com/turbines/2775-britwind-h11-11kw,Britwind,Britwind H11 11kW,11,13.1,134.8,3,18,2.5,14,9,70,Patented brushless. air-cored high efficiency radial flux permanent magnet alternator,,Free-standing monopole with. hydraulic ram. Monopole,1500,,,,,400,50 Hz,,No,Yes
1694,https://en.wind-turbine-models.com/turbines/1694-britwind-h15-class-ii,Britwind,Britwind H15 Class II,15,10.4,85,3,14.5,3,17,11.5,100,Patented brushless. air-cored high efficiency radial flux permanent magnet alternator,,Free-standing monopole with. hydraulic ram. Monopole,1500,,,,,,,,No,Yes
1695,https://en.wind-turbine-models.com/turbines/1695-britwind-h15-class-iv,Britwind,Britwind H15 Class IV,15,13.1,134.8,3,18,,,6,73,radial flux permanent magnet alternator,,Free-standing monopole. hydraulic ram tilt,,,,,,,,,No,Yes
981,https://en.wind-turbine-models.com/turbines/981-bwu-bwu-41-500,bwu,bwu BWU 41-500,500,41,1320,3,50,4,25,15,26.8,Asynchronus,,Steel tube,29400,,,,,690,50 Hz,,No,Yes
355,https://en.wind-turbine-models.com/turbines/355-bwu-bwu-43-600,bwu,bwu BWU 43-600,600,43,1452,3,50,4,25,15,26,Asynchronus,,Tubular Steel,32400,,,1900,,690,50.0 Hz,,No,Yes
350,https://en.wind-turbine-models.com/turbines/350-bwu-bwu-48-600,bwu,bwu BWU 48-600,600,48.4,1840,3,50,3,20,13.5,21,Double Fed Asyn,,Steel tube,20000,,80000,,,690,50 Hz,,No,Yes
351,https://en.wind-turbine-models.com/turbines/351-bwu-bwu-48-750,bwu,bwu BWU 48-750,750,48.4,1840,3,50,3,20,14,21,Double Fed Asyn,,Steel tube,20000,14100,80000,,115000,690,50.0 Hz,,No,Yes
352,https://en.wind-turbine-models.com/turbines/352-bwu-bwu-57-1000,bwu,bwu BWU 57-1000,1050,57,2552,3,55,3,25,13,23,Asynchron Polumschaltbar,,Steel tube,63000,18000,88000,3600,170000,690,50.0 Hz,,No,Yes
2040,https://en.wind-turbine-models.com/turbines/2040-bwu-md70,bwu,bwu MD70,1500,70,3850,3,85,3,25,11.6,19,double-fed induction,,steel tube,55000,31500,,5500,,690,50 Hz,1999,No,Yes
304,https://en.wind-turbine-models.com/turbines/304-c-f-cf-20,C&F,C&F CF 20,19.5,13.1,134.8,3,20,2.2,25,9,90,CFGE,,tubular steel,,,,,,380,50 Hz,,No,Yes
1794,https://en.wind-turbine-models.com/turbines/1794-c-f-cf-60,C&F,C&F CF 60,59.9,25.4,491,3,30,3,25,9.5,38,synchronous permanent,,steel tube,10000,2000,16000,,,400,50 Hz,,No,Yes
1796,https://en.wind-turbine-models.com/turbines/1796-c-f-cf-75,C&F,C&F CF 75,75,25.4,491,3,30,3,25,9.5,38,Permanent Magnet (Radial),,steel tube,10000,2000,16000,,28000,400,50 Hz,,No,Yes
1275,https://en.wind-turbine-models.com/turbines/1275-c-f-cf-100,C&F,C&F CF 100,100,25.4,506.7,3,,2.2,35,9.5,45,synchronous permanent,,,,,,,,690,50 Hz,,No,Yes
1797,https://en.wind-turbine-models.com/turbines/1797-c-f-cf-250,C&F,C&F CF 250,250,35,952,3,35,3,25,9.5,38,Permanent Magnet (Radial),,steel tube,12000,4000,16000,800,32000,400,50 Hz,,No,Yes
2166,https://en.wind-turbine-models.com/turbines/2166-calorius-type-37,Calorius,Calorius type 37,3.5,5,19.6,2,9,,,11,,,,guyed steel tubular,,,,,,,,1993,No,Yes
1352,https://en.wind-turbine-models.com/turbines/1352-cannon-26-250,Cannon,Cannon 26/250,250,26,531,3,42.7,4.8,28.9,,,induction,,lattice,,,,,,380,50/60 Hz,,No,Yes
503,https://en.wind-turbine-models.com/turbines/503-carter-cwt-25,Carter,Carter CWT 25,25,9.8,77,2,24.5,3.4,17.9,11.6,120,induction,,Steel tube,300,100,1200,,1800,440,50 Hz,,No,Yes
2714,https://en.wind-turbine-models.com/turbines/2714-carter-cwt-225,Carter,Carter CWT 225,225,20.6,332.4,2,48.8,4,22.4,11.2,125,induction,,tapered 12-sided,1800,600,7800,300,11500,460,60 Hz,,No,Yes
504,https://en.wind-turbine-models.com/turbines/504-carter-cwt-300,Carter,Carter CWT 300,300,30,729.7,2,45,1.8,26.8,13.4,50,Asynchronus,,Steel tube,3900,2000,8100,,19600,480,60 Hz,,No,Yes
505,https://en.wind-turbine-models.com/turbines/505-carter-cwt-500,Carter,Carter CWT 500,500,36.6,1050.7,2,45,1.8,26.8,14.3,45,Asynchronus,,Steel tube,4500,1600,12600,,22700,480,60 Hz,,No,Yes
300,https://en.wind-turbine-models.com/turbines/300-catum-ca-2-0-mw-wd-r93,CATUM,CATUM CA-2.0 MW-WD R93,2000,93,6793,3,80,,,,,Synchronous,,steel tube,,,,,,10000,50/60 Hz,,No,Yes
1188,https://en.wind-turbine-models.com/turbines/1188-catum-ca-2-0-mw-wd-r100,CATUM,CATUM CA-2.0 MW-WD R100,2000,100,7854,3,80,,,,,synchronous,,steel tube,,,,,,690,50 Hz,,No,Yes
1189,https://en.wind-turbine-models.com/turbines/1189-catum-ca-3-0-mw-wd-r110,CATUM,CATUM CA-3.0 MW-WD R110,3000,110.2,9537.9,3,80,4.5,25,10,,synchronous,,steel tube,,,,,,1000,50 Hz,,No,Yes
1190,https://en.wind-turbine-models.com/turbines/1190-catum-ca-3-0-mw-wd-r120,CATUM,CATUM CA-3.0 MW-WD R120,3000,118.2,10973,3,100,5,25,11,,synchronous,,steel tube / *hybrid,,,,,,1000,50 Hz,,No,Yes
2132,https://en.wind-turbine-models.com/turbines/2132-chava-wind-windleaf2500-vawt,CHAVA WIND,CHAVA WIND Windleaf2500 VAWT,25,9.6,92.7,3,15.7,3,18,11,81,induction,,Hydraulic Tilt Steel Tower,2200,,5000,100,7200,240,50/60 Hz,,No,Yes
297,https://en.wind-turbine-models.com/turbines/297-ccwe-ccwe-1500-77-df,CCWE,CCWE CCWE-1500/77.DF,1500,70.8,3937,3,70,3,25,11.5,,,,,,,,,,,,,No,Yes
301,https://en.wind-turbine-models.com/turbines/301-ccwe-ccwe-1500-d82,CCWE,CCWE CCWE-1500/D82,1500,82,5278,3,70,3,25,11,19.2,Permanent Magnet,,,,,,,,690,,,No,Yes
298,https://en.wind-turbine-models.com/turbines/298-ccwe-ccwe-1500-82-df,CCWE,CCWE CCWE-1500/82.DF,1500,82,5278,3,70,3,25,11,19,Double Fed Asyn,,Tubular Steel,,,,,,690,50 Hz,,No,Yes
302,https://en.wind-turbine-models.com/turbines/302-ccwe-ccwe-3000d-d103,CCWE,CCWE CCWE-3000D/D103,3000,103,8328,3,85,3,25,11.5,16.4,Permanent Magnet,,Tubular Steel,,,,,,690,,,No,Yes
1699,https://en.wind-turbine-models.com/turbines/1699-ccwe-ccwe3600hd,CCWE,CCWE CCWE3600HD,3600,116,10472,3,85,,,,,,,,,,,,,,,,No,Yes
509,https://en.wind-turbine-models.com/turbines/509-clipper-c89,Clipper,Clipper C89,2500,89,6221,3,80,4,25,12.5,15.5,Synchronous permanent,,Steel tube,,,,,,690,60.0 Hz,,No,Yes
510,https://en.wind-turbine-models.com/turbines/510-clipper-c89,Clipper,Clipper C89,2500,89,6221,3,80,4,25,12.5,15.5,Synchronous permanent,,Steel tube,,,,,,690,60 Hz,,No,Yes
508,https://en.wind-turbine-models.com/turbines/508-clipper-c93,Clipper,Clipper C93,2500,93,6793,3,80,4,25,12.5,15.5,Synchronous permanent,,Steel tube,,,,,,690,60.0 Hz,,No,Yes
507,https://en.wind-turbine-models.com/turbines/507-clipper-c96,Clipper,Clipper C96,2500,96,7238,3,80,4,25,12.5,15.5,Synchronous permanent,,Steel tube,,,,,,690,60.0 Hz,,No,Yes
506,https://en.wind-turbine-models.com/turbines/506-clipper-c99,Clipper,Clipper C99,2500,99,7698,3,80,4,25,12.5,15.5,Synchronous permanent,,Steel tube,,,,,,690,60.0 Hz,,No,Yes
87,https://en.wind-turbine-models.com/turbines/87-clipper-c100,Clipper,Clipper C100,2500,100,7854,3,80,4,25,12.5,15.5,Synchronous permanent,,Steel tube,,,,,,690,60.0 Hz,,No,Yes
2167,https://en.wind-turbine-models.com/turbines/2167-codan-150-30,Codan,Codan 150-30,150,23,415,3,30,,,,,,,,,,,,,,,1988,No,Yes
2168,https://en.wind-turbine-models.com/turbines/2168-codan-270-30,Codan,Codan 270-30,270,26,531,3,30,,,,,,,,,,,,,,,1991,No,Yes
1434,https://en.wind-turbine-models.com/turbines/1434-coemi-55-15,Coemi,Coemi 55/15,55,15.2,181.3,3,18,3,25,11,59,induction,,free standing,2900,600,,,,,,,No,Yes
1710,https://en.wind-turbine-models.com/turbines/1710-concord-awg-10,Concord,Concord AWG-10,10,10,78.5,3,14,2.5,17,8.6,80,synchronous permanent,,steel tube,600,,,,,,50 Hz,,No,Yes
1711,https://en.wind-turbine-models.com/turbines/1711-concord-awg-20,Concord,Concord AWG-20,20,14,153.9,3,16,2.8,17.5,9,60,synchronous permanent,,steel tube,1200,,,,,,50 Hz,,No,Yes
1712,https://en.wind-turbine-models.com/turbines/1712-concord-awg-30,Concord,Concord AWG-30,30,17,226.9,3,18,2.9,18,9.2,48,synchronous permanent,,steel tube,1800,,,,,,50 Hz,,No,Yes
1707,https://en.wind-turbine-models.com/turbines/1707-concord-tg-750m,Concord,Concord TG-750M,750,58,2642,3,50,3,25,11,27,synchronous,,steel tube,49500,,52000,,101500,690,50 Hz,,No,Yes
1708,https://en.wind-turbine-models.com/turbines/1708-concord-tg-1000,Concord,Concord TG-1000,1000,58,2642,3,50,3,25,12,28.2,synchronous,,steel tube,56000,,58000,,114000,690,50 Hz,,No,Yes
1709,https://en.wind-turbine-models.com/turbines/1709-concord-tg-2500,Concord,Concord TG-2500,2500,106,8824,3,80,3,25,12,15,synchronous,,steel tube,120000,,240000,,360000,690,50 Hz,,No,Yes
74,https://en.wind-turbine-models.com/turbines/74-conergy-powerwind-pw56,Conergy,Conergy PowerWind PW56,900,56,2463,,59,3,25,12,28,Water-Aircooled,,Steel,,,,,,690,,,No,Yes
687,https://en.wind-turbine-models.com/turbines/687-conergy-powerwind-pw90,Conergy,Conergy PowerWind PW90,2500,90,6362,3,,,,,,,,,,,,,,,,,No,Yes
2723,https://en.wind-turbine-models.com/turbines/2723-cenemesa-fl-19,CENEMESA,CENEMESA FL-19,300,19,283.5,2,25.3,5,25,21,,induction,,steel tube,,,,,,,,1990,No,Yes
1676,https://en.wind-turbine-models.com/turbines/1676-criel-ct50-16,CRIEL,CRIEL CT50-16,50,17.5,240.5,3,25.4,3,25,9.7,63,Synchronous multipolar with permanent magnets,,steel tube,,,,,,400,50 Hz,,No,Yes
1677,https://en.wind-turbine-models.com/turbines/1677-criel-ct50-26,CRIEL,CRIEL CT50-26,50,25.6,514.7,3,30,3,25,7.5,39,Synchronous multipolar with permanent magnets,,steel tube,,,,,,400,50 Hz,,No,Yes
1678,https://en.wind-turbine-models.com/turbines/1678-criel-ct60-16,CRIEL,CRIEL CT60-16,60,16,201,3,24,2.7,25,9.9,67,Synchronous multipolar with permanent magnets,,steel tube,,,,,,400,50 Hz,,No,Yes
1679,https://en.wind-turbine-models.com/turbines/1679-criel-ct60-26,CRIEL,CRIEL CT60-26,60,25.6,515,3,30,3,25,8.5,45,Synchronous multipolar with permanent magnets,,steel tube,,,,,,400,50 Hz,,No,Yes
1680,https://en.wind-turbine-models.com/turbines/1680-criel-ct100-26,CRIEL,CRIEL CT100-26,100,25.6,515,3,30,3,25,11,45,Synchronous multipolar with permanent magnets,,steel tube,,,,,,400,50 Hz,,No,Yes
2691,https://en.wind-turbine-models.com/turbines/2691-crrc-cwt1500-d77,CRRC,CRRC CWT1500-D77,1500,77,4655,3,70,3,25,11.3,20.7,doubly-fed induction (DFIG),,steel tube,60000,28400,,,,690,50/60 Hz,,No,Yes
2692,https://en.wind-turbine-models.com/turbines/2692-crrc-cwt1500-d83,CRRC,CRRC CWT1500-D83,1500,83,5343,3,70,3,25,10.9,19.5,doubly-fed induction (DFIG),,steel tube,60000,29000,,,,690,50/60 Hz,,No,Yes
2693,https://en.wind-turbine-models.com/turbines/2693-crrc-cwt1500-d87,CRRC,CRRC CWT1500-D87,1500,87,5872,3,70,3,25,10.1,19,doubly-fed induction (DFIG),,steel tube,60000,30500,,,,690,50/60 Hz,,No,Yes
2694,https://en.wind-turbine-models.com/turbines/2694-crrc-cwt1500-d93,CRRC,CRRC CWT1500-D93,1500,93,6793,3,80,3,22,9.3,19,doubly-fed induction (DFIG),,steel tube,65000,33200,,,,690,50/60 Hz,,No,Yes
2696,https://en.wind-turbine-models.com/turbines/2696-crrc-cwt2000-d93,CRRC,CRRC CWT2000-D93,2000,93,6779,3,70,3,25,10.7,17.1,doubly-fed asynchronous variable-speed constant-frequency,,steel tube,74000,45000,,,,690,50/60 Hz,,No,Yes
2697,https://en.wind-turbine-models.com/turbines/2697-crrc-cwt2000-d103,CRRC,CRRC CWT2000-D103,2000,103,8226,3,70,3,25,9.8,17.1,doubly-fed asynchronous variable-speed constant-frequency,,steel tube,74000,48400,,,,690,50/60 Hz,,No,Yes
2698,https://en.wind-turbine-models.com/turbines/2698-crrc-cwt2000-d110,CRRC,CRRC CWT2000-D110,2000,110,9499,3,80,3,25,9.4,14.6,doubly-fed asynchronous variable-speed constant-frequency,,steel tube,74000,53900,,,,690,50/60 Hz,,No,Yes
2699,https://en.wind-turbine-models.com/turbines/2699-crrc-cwt2000-d116,CRRC,CRRC CWT2000-D116,2000,116,10563,3,90,3,20,9.1,15.4,doubly-fed asynchronous variable-speed constant-frequency,,steel tube,77000,55000,,,,690,50/60 Hz,,No,Yes
2700,https://en.wind-turbine-models.com/turbines/2700-crrc-cwt2000-d122,CRRC,CRRC CWT2000-D122,2000,122,11715,3,90,3,20,8.7,15.7,doubly-fed asynchronous variable-speed constant-frequency,,steel tube,83000,67000,,,,690,50/60 Hz,,No,Yes
2701,https://en.wind-turbine-models.com/turbines/2701-crrc-cwt3000-d104,CRRC,CRRC CWT3000-D104,3000,104,8461,3,90,3,25,11.5,15.7,doubly-fed asynchronous variable-speed constant-frequency,,steel tube,120000,62000,,,,690,50/60 Hz,,No,Yes
2702,https://en.wind-turbine-models.com/turbines/2702-crrc-cwt3000-d122,CRRC,CRRC CWT3000-D122,3000,122,11669,3,90,3,25,10.1,14.5,doubly-fed asynchronous variable-speed constant-frequency,,steel tube,120000,73000,,,,690,50/60 Hz,,No,Yes
2686,https://en.wind-turbine-models.com/turbines/2686-crrc-cwt3300-d165,CRRC,CRRC CWT3300-D165,3300,165,21382,3,,3,20,8.4,11.7,Doubly-fed induction generator (DFIG),,steel tube,99000,94000,,,,750,50/60 Hz,,No,Yes
2687,https://en.wind-turbine-models.com/turbines/2687-crrc-cwt3600-d171,CRRC,CRRC CWT3600-D171,3600,171,23965,3,,3,20,8.8,11.3,Doubly-fed induction generator (DFIG),,steel tube,106000,104000,,,,750,50/60 Hz,,No,Yes
2688,https://en.wind-turbine-models.com/turbines/2688-crrc-cwt3850-d171,CRRC,CRRC CWT3850-D171,3850,171,23965,3,,3,20,8.8,11.3,Doubly-fed induction generator (DFIG),,steel tube,106000,104000,,,,750,50/60 Hz,,No,Yes
2689,https://en.wind-turbine-models.com/turbines/2689-crrc-cwt4000-d171,CRRC,CRRC CWT4000-D171,4000,171,23965,3,,3,20,8.8,11.3,Doubly-fed induction generator (DFIG),,steel tube,106000,104000,,,,750,50/60 Hz,,No,Yes
2690,https://en.wind-turbine-models.com/turbines/2690-crrc-cwt4200-d171,CRRC,CRRC CWT4200-D171,4200,171,23965,3,,3,20,9,11.3,Doubly-fed induction generator (DFIG),,steel tube,107000,104000,,,,750,50/60 Hz,,No,Yes
2682,https://en.wind-turbine-models.com/turbines/2682-crrc-cwt4500-d165,CRRC,CRRC CWT4500-D165,4500,165,21382,3,,3,22,9.6,11.5,Doubly-fed induction generator (DFIG),,steel tube,125000,109000,,,,750,50/60 Hz,,No,Yes
2683,https://en.wind-turbine-models.com/turbines/2683-crrc-cwt4500-d175,CRRC,CRRC CWT4500-D175,4500,175,24052,3,,3,22,9.3,11.5,Doubly-fed induction generator (DFIG),,steel tube,125000,110000,,,,750,50/60 Hz,,No,Yes
2684,https://en.wind-turbine-models.com/turbines/2684-crrc-cwt5000-d185,CRRC,CRRC CWT5000-D185,5000,185,26967,3,,3,22,9.1,10.6,Doubly-fed induction generator (DFIG),,steel tube,130000,113000,,,,750,50/60 Hz,,No,Yes
2685,https://en.wind-turbine-models.com/turbines/2685-crrc-cwt5000-d195,CRRC,CRRC CWT5000-D195,5000,195,29865,3,,3,22,9.1,10.4,Doubly-fed induction generator (DFIG),,steel tube,130000,119000,,,,750,50/60 Hz,,No,Yes
2695,https://en.wind-turbine-models.com/turbines/2695-crrc-cwt6000-d170,CRRC,CRRC CWT6000-D170,6000,170,22565,3,110,3,25,10.5,12,medium-speed medium-voltage permanent magnet generator,,steel tube,320000,170000,,,,3150,50/60 Hz,,Yes,Yes
2679,https://en.wind-turbine-models.com/turbines/2679-crrc-cwt6250-d195,CRRC,CRRC CWT6250-D195,6250,195,29865,3,,3,20,9.5,10.4,Doubly-fed induction generator (DFIG),,,150000,135000,,26200,,1512,50/60 Hz,,No,Yes
2680,https://en.wind-turbine-models.com/turbines/2680-crrc-cwt6700-d195,CRRC,CRRC CWT6700-D195,6700,195,29865,3,,3,20,9.7,10.4,Doubly-fed induction generator (DFIG),,,153000,135000,,26200,,1512,50/60 Hz,,No,Yes
2675,https://en.wind-turbine-models.com/turbines/2675-crrc-cwt7150-d195,CRRC,CRRC CWT7150-D195,7150,195,29865,3,,3,25,10.2,10.4,Doubly-fed induction generator (DFIG),,,155000,135000,,26200,,750,50/60 Hz,,No,Yes
2676,https://en.wind-turbine-models.com/turbines/2676-crrc-cwt7150-d210,CRRC,CRRC CWT7150-D210,7150,210,34636,3,,3,25,10.2,10.4,Doubly-fed induction generator (DFIG),,,,,,,,750,50/60 Hz,,Yes,Yes
2678,https://en.wind-turbine-models.com/turbines/2678-crrc-cwt7500-d221,CRRC,CRRC CWT7500-D221,7500,221,38360,3,,3,25,10,10,Doubly-fed induction generator (DFIG),,,,,,,,750,50/60 Hz,,Yes,Yes
2677,https://en.wind-turbine-models.com/turbines/2677-crrc-cwt7700-d210,CRRC,CRRC CWT7700-D210,7700,210,34636,3,,3,25,10.2,10.4,Doubly-fed induction generator (DFIG),,,,,,,,750,50/60 Hz,,Yes,Yes
2667,https://en.wind-turbine-models.com/turbines/2667-crrc-cwt8500-d230,CRRC,CRRC CWT8500-D230,8500,230,41526,3,,3,20,9.3,7.5,Doubly-fed induction generator (DFIG),,,,,,,,,,,Yes,Yes
2668,https://en.wind-turbine-models.com/turbines/2668-crrc-cwt9100-d230,CRRC,CRRC CWT9100-D230,9100,230,41526,3,,3,20,9.3,7.5,Doubly-fed induction generator (DFIG),,,,,,,,,,,Yes,Yes
2669,https://en.wind-turbine-models.com/turbines/2669-crrc-cwt10000-d230,CRRC,CRRC CWT10000-D230,10000,230,41526,3,,3,20,9.3,8.2,Doubly-fed induction generator (DFIG),,,,,,,,,,,Yes,Yes
2670,https://en.wind-turbine-models.com/turbines/2670-crrc-cwt11000-d230,CRRC,CRRC CWT11000-D230,11000,230,41526,3,,3,20,9.3,8.2,Doubly-fed induction generator (DFIG),,,,,,,,,,,Yes,Yes
2666,https://en.wind-turbine-models.com/turbines/2666-crrc-cwt18000-d260,CRRC,CRRC CWT18000-D260,20000,260,53093,3,,3,25,13.5,6.8,medium-speed PMSG,,steel tube with floating platform,,,,,,1380,50/60 Hz,,Yes,No
2069,https://en.wind-turbine-models.com/turbines/2069-csic-h52-850,CSIC,CSIC H52-850,850,52,2123.7,3,62,4,20,14,,double-fed induction/ synchronous permanent,,steel tube,32000,20000,,3200,,690,50 Hz,,No,Yes
2070,https://en.wind-turbine-models.com/turbines/2070-csic-h56-850,CSIC,CSIC H56-850,850,56,2463,3,62,3.5,20,13,,double-fed induction/ synchronous permanent,,steel tube,32000,20000,,3200,,690,50 Hz,,No,Yes
2071,https://en.wind-turbine-models.com/turbines/2071-csic-h60-850,CSIC,CSIC H60-850,850,60,2827.4,3,62,3,20,12,,double-fed induction/ synchronous permanent,,steel tube,32000,20000,,3200,,690,50 Hz,,No,Yes
2072,https://en.wind-turbine-models.com/turbines/2072-csic-h87-2-0,CSIC,CSIC H87-2.0,2000,87,5944.6,3,70,3,25,10.9,,double-fed induction,,steel tube,87000,45000,,8700,,690,50 Hz,,No,Yes
2073,https://en.wind-turbine-models.com/turbines/2073-csic-h93-2-0,CSIC,CSIC H93-2.0,2000,93,6792.9,3,70,3,25,10.8,,double-fed induction,,steel tube,87000,45300,,8800,,690,50 Hz,,No,Yes
2074,https://en.wind-turbine-models.com/turbines/2074-csic-h102-2-0,CSIC,CSIC H102-2.0,2000,102,8171.2,3,70,3,25,10.2,,double-fed induction,,steel tube,87000,48000,,9500,,690,50 Hz,,No,Yes
2075,https://en.wind-turbine-models.com/turbines/2075-csic-h111-2-0,CSIC,CSIC H111-2.0,2000,111,9676.8,3,70,3,25,9.6,,double-fed induction,,steel tube,87000,54800,,11600,,690,50 Hz,,No,Yes
2076,https://en.wind-turbine-models.com/turbines/2076-csic-h117-2-0,CSIC,CSIC H117-2.0,2000,117,10751.3,3,80,3,22,9,,double-fed induction,,steel tube,87000,57000,,12000,,690,50 Hz,,No,Yes
2077,https://en.wind-turbine-models.com/turbines/2077-csic-h120-2-0,CSIC,CSIC H120-2.0,2000,120,11309.7,3,80,3,22,9,,double-fed induction,,steel tube,87000,57300,,12000,,690,50 Hz,,No,Yes
2079,https://en.wind-turbine-models.com/turbines/2079-csic-h120-2-2,CSIC,CSIC H120-2.2,2200,120,11309.7,3,80,3,22,9.3,,double-fed induction,,steel tube,87000,57300,,12000,,690,50 Hz,,No,Yes
2078,https://en.wind-turbine-models.com/turbines/2078-csic-h123-2-0,CSIC,CSIC H123-2.0,2000,123,11882.2,3,80,3,22,9,,double-fed induction,,steel tube,87000,59400,,12800,,690,50 Hz,,No,Yes
2054,https://en.wind-turbine-models.com/turbines/2054-csic-h128-5-0,CSIC,CSIC H128-5.0,5000,128,12867.9,3,87,3.5,25,11.8,,synchronous permanent,,steel tube,217000,137000,,22200,,690,50 Hz,,Yes,Yes
2065,https://en.wind-turbine-models.com/turbines/2065-csic-h136-3-0,CSIC,CSIC H136-3.0,3000,136,14526.7,3,90,3,22,9.5,,double-fed induction,,steel tube,120000,92000,,17500,,690,50/60 Hz,,No,Yes
2066,https://en.wind-turbine-models.com/turbines/2066-csic-h140-3-0,CSIC,CSIC H140-3.0,3000,140,15393.8,3,90,3,22,9.2,,double-fed induction,,steel tube,120000,92000,,19000,,690,50/60 Hz,,No,Yes
2067,https://en.wind-turbine-models.com/turbines/2067-csic-h146-3-0,CSIC,CSIC H146-3.0,3000,146,16741.5,3,90,3,22,9.1,,double-fed induction,,steel tube,120000,92000,,19500,,690,50/60 Hz,,No,Yes
2068,https://en.wind-turbine-models.com/turbines/2068-csic-h146-3-2,CSIC,CSIC H146-3.2,3200,146,16741.5,3,90,3,22,9.5,,double-fed induction,,steel tube,122000,92000,,19500,,690,50/60 Hz,,No,Yes
2055,https://en.wind-turbine-models.com/turbines/2055-csic-h151-5-0,CSIC,CSIC H151-5.0,5000,151,17907.8,3,97,3.5,25,10.5,,synchronous permanent,,steel tube,217000,154000,,27300,,690,50 Hz,,Yes,Yes
2057,https://en.wind-turbine-models.com/turbines/2057-csic-h152-6-2,CSIC,CSIC H152-6.2,6200,152,18145.8,3,97,3.5,25,11,,synchronous permanent,,steel tube,219000,155000,,28000,,690,50 Hz,,Yes,Yes
2056,https://en.wind-turbine-models.com/turbines/2056-csic-h171-5-0,CSIC,CSIC H171-5.0,5000,171,22965.8,3,107,3.5,25,9.5,,synchronous permanent,,steel tube,217000,155000,,25200,,690,50 Hz,,Yes,Yes
1252,https://en.wind-turbine-models.com/turbines/1252-csr-wt1500-d82,CSR,CSR WT1500-D82,1500,82,5281,3,70,3,25,10.5,,,,steel tube,,,,,,,,,No,Yes
1253,https://en.wind-turbine-models.com/turbines/1253-csr-wt1500-d88,CSR,CSR WT1500-D88,1500,88,6082,3,70,3,23,10,,,,steel tube,,,,,,,,,No,Yes
1254,https://en.wind-turbine-models.com/turbines/1254-csr-wt1500-d93,CSR,CSR WT1500-D93,1500,93,6792.9,3,70,3,20,9.5,,,,steel tube,,,,,,,,,No,Yes
128,https://en.wind-turbine-models.com/turbines/128-csr-wt1650-d77,CSR,CSR WT1650-D77,1650,77.4,4708,3,70,3,25,12,20,,,,59100,36000,130000,17400,,,,,No,Yes
1255,https://en.wind-turbine-models.com/turbines/1255-csr-wt2000-d93,CSR,CSR WT2000-D93,2000,93,6792.9,3,80,3,25,10.5,,,,steel tube,,,,,,,,,No,Yes
1256,https://en.wind-turbine-models.com/turbines/1256-csr-wt2000-d103,CSR,CSR WT2000-D103,2000,103,8332,3,80,3,23,10,,,,steel tube,,,,,,,,,No,Yes
1257,https://en.wind-turbine-models.com/turbines/1257-csr-wt2000-d110,CSR,CSR WT2000-D110,2000,110,9503,3,80,3,20,9.5,,,,steel tube,,,,,,,,,No,Yes
1258,https://en.wind-turbine-models.com/turbines/1258-csr-wt2500-d103,CSR,CSR WT2500-D103,2500,103,8332,3,80,3,23,11,,,,steel tube,,,,,,,,,No,Yes
1259,https://en.wind-turbine-models.com/turbines/1259-csr-wt2500-d110,CSR,CSR WT2500-D110,2500,110,9503,3,80,3,23,10.5,,,,steel tube,,,,,,,,,No,Yes
1260,https://en.wind-turbine-models.com/turbines/1260-csr-wt5000-d128,CSR,CSR WT5000-D128,5000,128,12868,3,90,3,25,12,,,,steel tube,,,,,,,,,Yes,Yes
2553,https://en.wind-turbine-models.com/turbines/2553-cssc-h128-5-0,CSSC,CSSC H128-5.0,5000,128,12911,3,90,3.5,25,11.8,,high speed permanent magnet,,steel tube,,,,,,690,,,Yes,Yes
2570,https://en.wind-turbine-models.com/turbines/2570-cssc-h140-3-2,CSSC,CSSC H140-3.2,3200,140,15394,3,90,3,20,9.4,,doubly-fed induction (DFIG),,steel tube / hybrid concrete,,,,,,690,,,No,Yes
2569,https://en.wind-turbine-models.com/turbines/2569-cssc-h146-3-2,CSSC,CSSC H146-3.2,3200,146,16742,3,90,3,20,9.2,,doubly-fed induction (DFIG),,steel tube / hybrid concrete,,,,,,690,,,No,Yes
2568,https://en.wind-turbine-models.com/turbines/2568-cssc-h146-3-4,CSSC,CSSC H146-3.4,3400,146,16742,3,90,3,20,9.3,,doubly-fed induction (DFIG),,steel tube / hybrid concrete,,,,,,690,,,No,Yes
2555,https://en.wind-turbine-models.com/turbines/2555-cssc-h151-5-0,CSSC,CSSC H151-5.0,5000,151,17908,3,97,3.5,25,10.6,,high speed permanent magnet,,steel tube,,,,,,690,,,Yes,Yes
2552,https://en.wind-turbine-models.com/turbines/2552-cssc-h151-6-2,CSSC,CSSC H151-6.2,6200,151,18146,3,97,3.5,25,11.7,,high speed permanent magnet,,steel tube,,,,,,690,,,Yes,Yes
2563,https://en.wind-turbine-models.com/turbines/2563-cssc-h155-4-5,CSSC,CSSC H155-4.5,4500,155,18869,3,95,3,22,10.1,,squirrel cage induction,,steel tube / hybrid concrete,,,,,,1140,,,No,Yes
2541,https://en.wind-turbine-models.com/turbines/2541-cssc-h155-5-0,CSSC,CSSC H155-5.0,5000,155,18869,3,95,3,25,10.3,,squirrel cage induction,,steel tube,,,,,,1140,,,No,Yes
2567,https://en.wind-turbine-models.com/turbines/2567-cssc-h160-3-4,CSSC,CSSC H160-3.4,3400,160,20106,3,95,3,25,8.8,,doubly-fed induction (DFIG),,steel tube / hybrid concrete,,,,,,1140,,,No,Yes
2565,https://en.wind-turbine-models.com/turbines/2565-cssc-h165-4-0,CSSC,CSSC H165-4.0,4000,165,21382,3,100,3,20,9.1,,doubly-fed induction (DFIG),,steel tube / hybrid concrete,,,,,,1140,,,No,Yes
2561,https://en.wind-turbine-models.com/turbines/2561-cssc-h165-5-0,CSSC,CSSC H165-5.0,5000,165,21382,3,100,3,25,9.8,,squirrel cage induction,,steel tube,,,,,,1140,,,No,Yes
2566,https://en.wind-turbine-models.com/turbines/2566-cssc-h171-3-6,CSSC,CSSC H171-3.6,3600,171,22966,3,100,3,20,8.6,,doubly-fed induction (DFIG),,steel tube / hybrid concrete,,,,,,1140,,,No,Yes
2564,https://en.wind-turbine-models.com/turbines/2564-cssc-h171-4-0,CSSC,CSSC H171-4.0,4000,171,22966,3,100,3,20,8.9,,doubly-fed induction (DFIG),,steel tube / hybrid concrete,,,,,,1140,,,No,Yes
2554,https://en.wind-turbine-models.com/turbines/2554-cssc-h171-5-0,CSSC,CSSC H171-5.0,5000,171,22966,3,100,3.5,25,9.6,,high speed permanent magnet,,steel tube,,,,,,690,,,Yes,Yes
2551,https://en.wind-turbine-models.com/turbines/2551-cssc-h171-6-2,CSSC,CSSC H171-6.2,6200,171,22966,3,107,3.5,28,10.5,,high speed permanent magnet,,steel tube,,,,,,690,,,Yes,Yes
2549,https://en.wind-turbine-models.com/turbines/2549-cssc-h171-8-0,CSSC,CSSC H171-8.0,8000,171,22966,3,105,3.5,28,11.7,,high speed permanent magnet,,steel tube,,,,,,950,,,Yes,Yes
2550,https://en.wind-turbine-models.com/turbines/2550-cssc-h176-6-25,CSSC,CSSC H176-6.25,6250,176,24328,3,105,3.5,28,10.2,,medium speed permanent magnet,,steel tube,,,,,,1140,,,Yes,Yes
2558,https://en.wind-turbine-models.com/turbines/2558-cssc-h176-6-45,CSSC,CSSC H176-6.45,6450,176,24328,,105,3,25,10.8,,medium speed permanent magnet,,steel tube,,,,,,1140,,,No,Yes
2560,https://en.wind-turbine-models.com/turbines/2560-cssc-h185-5-0,CSSC,CSSC H185-5.0,5000,185,26879,3,105,3,22,8.6,,doubly-fed induction (DFIG),,steel tube,,,,,,1140,,,No,Yes
2557,https://en.wind-turbine-models.com/turbines/2557-cssc-h185-6-25,CSSC,CSSC H185-6.25,6250,185,26879,3,110,3,25,10.1,,doubly-fed induction (DFIG),,steel tube,,,,,,1140,,,No,Yes
2562,https://en.wind-turbine-models.com/turbines/2562-cssc-h193-4-55,CSSC,CSSC H193-4.55,4550,193,29254,3,110,3,25,10.4,,doubly-fed induction (DFIG),,steel tube,,,,,,1140,,,No,Yes
2559,https://en.wind-turbine-models.com/turbines/2559-cssc-h193-5-0,CSSC,CSSC H193-5.0,5000,193,29254,3,115,3,25,10.8,,doubly-fed induction (DFIG),,steel tube,,,,,,1140,,,No,Yes
2556,https://en.wind-turbine-models.com/turbines/2556-cssc-h193-6-25,CSSC,CSSC H193-6.25,6250,193,29254,3,115,3,23,9,,doubly-fed induction (DFIG),,steel tube,,,,,,1140,,,No,Yes
2548,https://en.wind-turbine-models.com/turbines/2548-cssc-h210-8-0,CSSC,CSSC H210-8.0,8000,210,34636,3,123,3.5,28,10.1,,medium speed permanent magnet,,steel tube,,,,,,3300,,,Yes,Yes
2545,https://en.wind-turbine-models.com/turbines/2545-cssc-h210-10-0,CSSC,CSSC H210-10.0,10000,210,34636,3,123,3.5,28,10.7,,medium speed permanent magnet,,steel tube,,,,,,1140,,,Yes,Yes
2543,https://en.wind-turbine-models.com/turbines/2543-cssc-h210-12,CSSC,CSSC H210-12,12000,210,34638,3,123,3.5,28,11.2,,medium speed permanent magnet,,steel tube,,,,,,950,,,Yes,Yes
2547,https://en.wind-turbine-models.com/turbines/2547-cssc-h220-8-0,CSSC,CSSC H220-8.0,8000,220,38012,3,128,3.5,28,9.4,,medium speed permanent magnet,,steel tube,,,,,,1140,,,Yes,Yes
2546,https://en.wind-turbine-models.com/turbines/2546-cssc-h220-8-35,CSSC,CSSC H220-8.35,8350,220,38012,3,128,3.5,28,9.9,,medium speed permanent magnet,,steel tube,,,,,,1140,,,Yes,Yes
2544,https://en.wind-turbine-models.com/turbines/2544-cssc-h220-10-0,CSSC,CSSC H220-10.0,10000,220,38012,3,128,3.5,28,10.3,,medium speed permanent magnet,,steel tube,,,,,,950,,,Yes,Yes
2542,https://en.wind-turbine-models.com/turbines/2542-cssc-h260-18,CSSC,CSSC H260-18,18000,260,51472,3,150,3.5,25,13.2,,medium speed permanent magnet,,steel tube,,,,,,1380,,,Yes,Yes
443,https://en.wind-turbine-models.com/turbines/443-cwel-c-30-250-kw,CWEL,CWEL C 30 / 250 KW,250,29.6,688,3,50,4,25,14.5,,Asynchronus,,Lattice,7300,4300,25000,,36500,415,60 Hz,,No,Yes
909,https://en.wind-turbine-models.com/turbines/909-d-m-heide-6-blade-wind-motor-klapsejler,D.M. Heide,D.M. Heide 6-blade wind motor klapsejler,,3.5,9.6,6,8.5,,,,,,,Lattice,,,,,,,,,No,Yes
2738,https://en.wind-turbine-models.com/turbines/2738-daewoo-dsme-d9-1,Daewoo DSME,Daewoo DSME D9.1,2000,93,6793,3,80,3,25,12,,permanent synchrounus,,steel,,,,,,690,50 / 60 Hz,,No,Yes
178,https://en.wind-turbine-models.com/turbines/178-dan-force-dk-22,Dan Force,Dan Force DK 22,150,21.8,373.2,3,26,,,,,,,,,,,,,,,,No,Yes
1461,https://en.wind-turbine-models.com/turbines/1461-dana-turbine,Dana,Dana Turbine,11,10,78.5,3,10,,,,,,,lattice,,,,,,,,1981,No,Yes
1874,https://en.wind-turbine-models.com/turbines/1874-dana-holger-danske-hd1,Dana,Dana Holger Danske HD1,5.5,5,19.6,3,10,3,17,10,,induction,,steel tube,,,,,,,50 Hz,1978,No,Yes
1875,https://en.wind-turbine-models.com/turbines/1875-dana-holger-danske-hd2,Dana,Dana Holger Danske HD2,22,10,78.5,3,,,,,,induction,,lattice,,,,,,,50 Hz,1979,No,Yes
1387,https://en.wind-turbine-models.com/turbines/1387-dwp-d75-15,DWP,DWP D75/15,75,15.3,184,3,24,4,30,18,55,induction,,steel tube / lattice,5800,1700,6500,,14000,480,60 Hz,,No,Yes
542,https://en.wind-turbine-models.com/turbines/542-dwp-d90-19,DWP,DWP D90/19,90,19,284,3,24,4,30,,50,induction,,Steel tube,,,,,,480,,,No,Yes
1388,https://en.wind-turbine-models.com/turbines/1388-dwp-d110-19,DWP,DWP D110/19,110,19.2,289,3,24,4,30,18,45,induction,,steel tube / lattice,6300,2600,8200,,17100,480,60 Hz,,No,Yes
543,https://en.wind-turbine-models.com/turbines/543-dwp-d150-22,DWP,DWP D150/22,150,22.2,387,3,24,4,25,,42,induction,,steel tube,,,,,,480,,,No,Yes
544,https://en.wind-turbine-models.com/turbines/544-dwp-d150-24,DWP,DWP D150/24,150,23.6,437,3,24,4,25,,40,induction,,steel tube,,,,,,480,,,No,Yes
545,https://en.wind-turbine-models.com/turbines/545-dwp-d175-24,DWP,DWP D175/24,175,23.6,437,3,24,4,25,,40,induction,,steel tube,,,,,,480,,,No,Yes
2169,https://en.wind-turbine-models.com/turbines/2169-dwp-d300-28,DWP,DWP D300/28,300,28,616,3,,,,,,induction,,steel tube,,,,,,480,,,No,Yes
1391,https://en.wind-turbine-models.com/turbines/1391-dwt-danish-wind-tech-windane-5,DWT Danish Wind Tech,DWT Danish Wind Tech Windane 5,4,5,19.6,2,12,4.5,,11.5,,induction,,steel tube,,,,,,380,50 Hz,,No,Yes
1368,https://en.wind-turbine-models.com/turbines/1368-dwt-danish-wind-tech-windane-9,DWT Danish Wind Tech,DWT Danish Wind Tech Windane 9,15,9,69.4,2,18.6,4,25,17,101,induction or synchronous,,Guyed. tubular steel tower,700,300,1500,,2400,380,36/50/60 Hz,1983,No,Yes
1390,https://en.wind-turbine-models.com/turbines/1390-dwt-danish-wind-tech-windane-10,DWT Danish Wind Tech,DWT Danish Wind Tech Windane 10,18.5,9.6,72.4,2,18.6,4.5,,14,120,synchronous,,Guyed. tubular steel tower,300,300,1500,,2400,380,50/60 Hz,,No,Yes
1369,https://en.wind-turbine-models.com/turbines/1369-dwt-danish-wind-tech-windane-12,DWT Danish Wind Tech,DWT Danish Wind Tech Windane 12,18.5,12,113.1,2,18.6,4.5,,12.5,83,induction,,steel tube guyed,,,,,,380,50 Hz,1984,No,Yes
1389,https://en.wind-turbine-models.com/turbines/1389-dwt-danish-wind-tech-windane-29,DWT Danish Wind Tech,DWT Danish Wind Tech Windane 29,265,29.3,674,3,29,5.5,25,13.5,42,induction,,steel tube,11500,8500,,1500,,480,50 Hz,1982,No,Yes
1370,https://en.wind-turbine-models.com/turbines/1370-dwt-danish-wind-tech-windane-31,DWT Danish Wind Tech,DWT Danish Wind Tech Windane 31,300,30.8,745,3,32,6,25,13.5,42,induction,,steel tube,14500,9700,54300,1500,78500,480,50/60 Hz,1985,No,Yes
194,https://en.wind-turbine-models.com/turbines/194-dwt-danish-wind-tech-windane-34,DWT Danish Wind Tech,DWT Danish Wind Tech Windane 34,400,34,908,3,32,5.5,25,14,35,induction,,stepped tubular,14500,9700,17700,2000,41900,660,50.0 Hz,,No,Yes
567,https://en.wind-turbine-models.com/turbines/567-dwt-danish-wind-tech-windane-34-us,DWT Danish Wind Tech,DWT Danish Wind Tech Windane 34 US,400,34.8,951,3,32,5,25,13,38,induction,,tubular steel,10300,8000,18000,1600,36300,660,60.0 Hz,,No,Yes
1367,https://en.wind-turbine-models.com/turbines/1367-dwt-danish-wind-tech-windane-40,DWT Danish Wind Tech,DWT Danish Wind Tech Windane 40,750,40,1256.6,3,45,5,25,14.5,32,induction,,concrete,51000,19000,47000,2700,117000,6600,50.0 Hz,1987,No,Yes
1393,https://en.wind-turbine-models.com/turbines/1393-danish-wind-turbines-22-kw,Danish Wind Turbines,Danish Wind Turbines 22 kW,22,10.7,90,3,12,,,,73,induction,,sturdy lattice mast,,,,,,380,50 Hz,,No,Yes
1396,https://en.wind-turbine-models.com/turbines/1396-danish-wind-turbines-33-kw,Danish Wind Turbines,Danish Wind Turbines 33 kW,33,10.7,90,3,12,,,,80,induction,,sturdy lattice mast,,,,,,440,60.0 Hz,,No,Yes
1394,https://en.wind-turbine-models.com/turbines/1394-danish-wind-turbines-60-kw,Danish Wind Turbines,Danish Wind Turbines 60 kW,60,16.3,208,3,18,,,,47,induction,,sturdy lattice mast,,,,,,380,50 Hz,,No,Yes
314,https://en.wind-turbine-models.com/turbines/314-danish-wind-turbines-75-kw-lolland,Danish Wind Turbines,Danish Wind Turbines 75 kW Lolland,75,15.3,184,3,18,,,,49,induction,,sturdy lattice mast,,,,,,440,60.0 Hz,,No,Yes
1395,https://en.wind-turbine-models.com/turbines/1395-danish-wind-turbines-100-kw,Danish Wind Turbines,Danish Wind Turbines 100 kW,100,20.6,333,3,18,,,,36,induction,,sturdy lattice mast,,,,,,380,50.0 Hz,,No,Yes
1397,https://en.wind-turbine-models.com/turbines/1397-danish-wind-turbines-120-kw,Danish Wind Turbines,Danish Wind Turbines 120 kW,120,20.6,333,3,18,,,,39,induction,,sturdy lattice mast,,,,,,440,60.0 Hz,,No,Yes
231,https://en.wind-turbine-models.com/turbines/231-danmark-11,DANmark,DANmark 11,22,11,95,3,,,,,,,,Lattice,,,,,,,,,No,Yes
232,https://en.wind-turbine-models.com/turbines/232-danmark-17,DANmark,DANmark 17,75,17,227,3,24,,,,50,Asynchronous,,Lattice,,,,,,,50 Hz,,No,Yes
233,https://en.wind-turbine-models.com/turbines/233-danmark-27,DANmark,DANmark 27,150,27,573,3,30,,,,,,,steel tube,,,,,,,,,No,Yes
999,https://en.wind-turbine-models.com/turbines/999-danmark-dk-36-500,DANmark,DANmark DK 36-500,525,36,1018,3,41,4,25,16,31,Asynchronus,,Steel tube,24000,7800,26000,1600,58000,400,50 Hz,,No,Yes
2364,https://en.wind-turbine-models.com/turbines/2364-danregn-bonus-22,DANREGN,DANREGN Bonus 22,22,10,78.5,3,18,3,28,13,,induction 22/5.5kW,,steel tube,,,,,,400,50 Hz,1979,No,Yes
185,https://en.wind-turbine-models.com/turbines/185-danregn-bonus-30,DANREGN,DANREGN Bonus 30,30,11,95,3,18,4,25,18,,induction 30/5.5kW,,steel tube,,,,,,400,50 Hz,1980,No,Yes
184,https://en.wind-turbine-models.com/turbines/184-danregn-bonus-55,DANREGN,DANREGN Bonus 55,55,16.2,207,3,24,3,28,13,,induction 55/11kW 6pol,,steel tube,,,,,,415,50 Hz,1982,No,Yes
591,https://en.wind-turbine-models.com/turbines/591-danregn-bonus-65,DANREGN,DANREGN Bonus 65,65,15.2,181,3,24,3,28,13,,induction 65/13kW 6pol,,steel tube,,,,,,400,60 Hz,1982,No,Yes
186,https://en.wind-turbine-models.com/turbines/186-danregn-bonus-95,DANREGN,DANREGN Bonus 95,95,19.4,296,3,24.5,3,28,13,,induction 95/20kW 6pol,,steel tube / lattice / tripod,,,,,,415,50 Hz,1985,No,Yes
2363,https://en.wind-turbine-models.com/turbines/2363-danregn-bonus-100,DANREGN,DANREGN Bonus 100,100,19.4,296,3,24.5,3,28,12,,induction 100/18KW,,lattice / three legged steel mast,,,,,,400,50 Hz,,No,Yes
2365,https://en.wind-turbine-models.com/turbines/2365-dansk-vindkraft-indu-giromil-dvi-15-2,Dansk Vindkraft Indu,Dansk Vindkraft Indu GIROMIL DVI 15/2,15,9,49,3,9.95,5,25,14,50,induction,,steel tube,,,,,4500,380,,1979,No,Yes
221,https://en.wind-turbine-models.com/turbines/221-danwin-danwin-23,Danwin,Danwin Danwin 23,180,23.2,423,3,30,5,25,13,42.8,induction,,steel tube,5900,3000,10400,700,19300,400,50.0 Hz,,No,Yes
599,https://en.wind-turbine-models.com/turbines/599-danwin-danwin-23-160,Danwin,Danwin Danwin 23/160,160,23,415,3,22.5,4,25,13,42,Asynchronus,,Steel tube,7500,5000,13000,,25500,480,60 Hz,,No,Yes
222,https://en.wind-turbine-models.com/turbines/222-danwin-danwin-24-150,Danwin,Danwin Danwin 24/150,150,24,452,3,30,3,25,14,,double. induction with 4 and 6 poles,,steel tube,,,,700,,690,50/60 Hz,1988,No,Yes
1470,https://en.wind-turbine-models.com/turbines/1470-danwin-danwin-24-180,Danwin,Danwin Danwin 24/180,180,24,452,3,30,4,25,12,40,induction,,steel tube,5900,3000,10400,700,19700,400,50 Hz,,No,Yes
223,https://en.wind-turbine-models.com/turbines/223-danwin-danwin-24-200,Danwin,Danwin Danwin 24/200,200,24,453,3,30,4,25,,,induction,,steel tube,7600,,13300,,,690,50 Hz,,No,Yes
1642,https://en.wind-turbine-models.com/turbines/1642-danwin-danwin-27-225,Danwin,Danwin Danwin 27/225,225,27,573,3,30,4,25,14,37.8,induction,,steel tube,7600,3500,13300,800,25000,400,50 Hz,,No,Yes
568,https://en.wind-turbine-models.com/turbines/568-ddis-ddis60,DDIS,DDIS DDIS60,800,60,2830,3,50,3,20,10.3,26.6,Synchronous permanent,,Steel tube,25000,20000,,,,690,50.0 Hz,,No,Yes
705,https://en.wind-turbine-models.com/turbines/705-deimoswind-dt-2160,DeimosWind,DeimosWind DT 2160,60,21.5,362,3,30,3,25,8.5,48,Asynchronous,,Metal,3500,1500,8500,400,13500,400,50/60 Hz,,No,Yes
702,https://en.wind-turbine-models.com/turbines/702-deimoswind-dt-2169,DeimosWind,DeimosWind DT 2169,60,21.5,362,3,30,3.2,25,8.5,48,Asynchronous,,Metal,3500,1500,8500,400,13500,400,50/60 Hz,,No,Yes
1978,https://en.wind-turbine-models.com/turbines/1978-delta-energy-delta-150,Delta Energy,Delta Energy Delta 150,150,,,,,,,,,induction,,steel tube,,,,,,480,,,No,Yes
2351,https://en.wind-turbine-models.com/turbines/2351-dencon-80-17,Dencon,Dencon 80/17,80,17,227,3,23,3,23,12,48.4,induction,,steel tube / lattice,,1200,7000,300,,415,50 Hz,,No,Yes
2350,https://en.wind-turbine-models.com/turbines/2350-dencon-95-17,Dencon,Dencon 95/17,95,17,227,3,23,3,23,12,48.4,induction,,steel tube,,1200,3500,300,,480,60 Hz,,No,Yes
1876,https://en.wind-turbine-models.com/turbines/1876-dencon-tornado-200-26,Dencon,Dencon Tornado 200/26,200,25.5,510,3,31.5,3,25,12,34,induction,,steel tube / lattice,,,10300,1400,,415,50 Hz,,No,Yes
180,https://en.wind-turbine-models.com/turbines/180-dencon-tornado-250-26,Dencon,Dencon Tornado 250/26,250,25.5,531,3,31.5,3,25,12,34,induction,,steel tube,,4900,,1400,,400,50/60 Hz,,No,Yes
796,https://en.wind-turbine-models.com/turbines/796-desa-a300,DESA,DESA A300,300,30,755,3,30,5,25,12,43.2,Asynchronus,,Steel tube,12800,,14500,,,660,50 Hz,,No,Yes
797,https://en.wind-turbine-models.com/turbines/797-desa-a600,DESA,DESA A600,600,,,,,,,,,,,,,,,,,,,,No,Yes
974,https://en.wind-turbine-models.com/turbines/974-desconocido-desconocido,desconocido,desconocido desconocido,,,,,,,,,,,,,,,,,,,,,No,Yes
429,https://en.wind-turbine-models.com/turbines/429-dfvlr-debra-25,DFVLR,DFVLR DEBRA-25,100,25,491,3,22,,,,50,Asynchronus,,Steel tube,,,,300,,690,50 Hz,1988,No,Yes
413,https://en.wind-turbine-models.com/turbines/413-dewind-d4-41-500,DeWind,DeWind D4 41/500,500,41,1320,3,55,2.5,25,13,30,Asynchronus,,Steel tube,24000,,50000,1700,,690,50 Hz,,No,Yes
731,https://en.wind-turbine-models.com/turbines/731-dewind-d4-46-600,DeWind,DeWind D4 46/600,600,46,1661.9,3,55,2.5,19,11.5,29.2,Asynchronus,,Steel tube,24000,11500,63000,3000,98500,690,50 Hz,1998,No,Yes
388,https://en.wind-turbine-models.com/turbines/388-dewind-d4-48-600,DeWind,DeWind D4 48/600,600,48,1808,3,60,2.5,19,11.5,29.2,Double Fed Asyn,,Steel tube,24000,11500,63000,2000,100000,690,50.0 Hz,,No,Yes
4,https://en.wind-turbine-models.com/turbines/4-dewind-d6-62-1250,DeWind,DeWind D6 62/1250,1250,62.3,3019,3,65.6,2.8,25,12.5,26.1,Double Fed Asyn,,Steel tube,44000,30000,72000,,,690,50 Hz,,No,Yes
252,https://en.wind-turbine-models.com/turbines/252-dewind-d6-62-1000,DeWind,DeWind D6 62/1000,1000,62,3019,3,68.5,2.5,23,11.5,25.2,Double Fed Asyn,,Steel tube,44000,30000,120000,6000,194000,690,50 Hz,1999,No,Yes
399,https://en.wind-turbine-models.com/turbines/399-dewind-d6-64-1250,DeWind,DeWind D6 64/1250,1250,64.3,3217,3,68,2.5,25,12.3,24.8,Double Fed Asyn,,Steel tube,44000,30000,116000,,,690,50 Hz,,No,Yes
1010,https://en.wind-turbine-models.com/turbines/1010-dewind-d8,DeWind,DeWind D8,2000,80,5027,3,80,3,25,13.5,20.7,doubly fed induction,,steel tube,65000,35000,160000,,260000,690,50 Hz,,No,Yes
85,https://en.wind-turbine-models.com/turbines/85-dewind-d8-2-windrive,DeWind,DeWind D8.2 WinDrive®,2000,80,5026,,100,4.9,25,15,18,,,steel tubular,73000,,155000,,,10,,,No,Yes
910,https://en.wind-turbine-models.com/turbines/910-dewind-d9-1,DeWind,DeWind D9.1,2000,93,6792.9,3,80,3,25,12,15.7,Synchronous permanent,,Stahlrohrturm,73000,,,8500,185000,690,50/60 Hz,,No,Yes
911,https://en.wind-turbine-models.com/turbines/911-dewind-d9-2-windrive,DeWind,DeWind D9.2 WinDrive®,2000,93,6792.9,3,80,4.9,25,12,16.3,synochron. 4Pole / 2.2 MVA starr,,Stahlrohrturm,,,,,,13800,60 Hz,,No,Yes
1176,https://en.wind-turbine-models.com/turbines/1176-dima-dw-44-500-53,DIMA,DIMA DW 44-500/53,500,44,1530,2,52,4,25,12.4,33.8,induction,,steel tube,20100,,56300,,,690,50 Hz,,No,Yes
1407,https://en.wind-turbine-models.com/turbines/1407-directtech-windtracker-20,DIRECTTECH,DIRECTTECH WINDTRACKER 20,20,10,20,6,10,2,25,17,,synchronous permanent,,steel tube,,,,,,230,50 Hz,,No,Yes
2739,https://en.wind-turbine-models.com/turbines/2739-dms-dms,DMS,DMS DMS,1000,60,2827,3,60,3,25,,,synchronous permanent,,steel tube,,,,,,,50/60 Hz,,No,Yes
2764,https://en.wind-turbine-models.com/turbines/2764-dongfang-h26mw-310s,Dongfang,Dongfang H26MW-310S,26000,310,77000,3,185,,,,,,,steel tube,,,,,,,,2025,Yes,Yes
2204,https://en.wind-turbine-models.com/turbines/2204-dongfang-df70-1500-direct-drive,Dongfang,Dongfang DF70-1500 direct drive,1500,70,3848,3,65,,,,,synchronous permanent,,steel tube,,,,,,,50/60 Hz,,No,Yes
2220,https://en.wind-turbine-models.com/turbines/2220-dongfang-fd70-1500-geared,Dongfang,Dongfang FD70-1500 geared,1500,70,3850,3,65,3.5,25,11.5,19,double fed induction,,steel tube,,,,,,690,50/60 Hz,,No,Yes
2205,https://en.wind-turbine-models.com/turbines/2205-dongfang-df77-1500-direct-drive,Dongfang,Dongfang DF77-1500 direct drive,1500,77,4657,3,65,,,,,synchronous permanent,,steel tube,,,,,,,50/60 Hz,,No,Yes
2221,https://en.wind-turbine-models.com/turbines/2221-dongfang-fd77-1500-geared,Dongfang,Dongfang FD77-1500 geared,1500,77,4657,3,65,3.5,25,11.5,17.3,double fed induction,,steel tube,55000,31500,,5500,,690,50/60 Hz,,No,Yes
2198,https://en.wind-turbine-models.com/turbines/2198-dongfang-df82-1500-direct-drive,Dongfang,Dongfang DF82-1500 direct drive,1500,82,5281,3,70,3,25,10.5,,synchron,,steel tube,,,,,,,50/60 Hz,,No,Yes
2222,https://en.wind-turbine-models.com/turbines/2222-dongfang-fd82-1500-geared,Dongfang,Dongfang FD82-1500 geared,1500,82,5281,3,70,3,25,10.5,,double fed induction,,steel tube,,,,,,690,50 Hz,,No,Yes
2199,https://en.wind-turbine-models.com/turbines/2199-dongfang-df87-1500-direct-drive,Dongfang,Dongfang DF87-1500 direct drive,1500,87,5945,3,70,3,22,10,,synchron,,steel tube,,,,,,,50/60 Hz,,No,Yes
2223,https://en.wind-turbine-models.com/turbines/2223-dongfang-fd87-1500-geared,Dongfang,Dongfang FD87-1500 geared,1500,87,5945,3,70,3,25,10,,double fed induction,,steel tube,,,,,,690,50 Hz,,No,Yes
2227,https://en.wind-turbine-models.com/turbines/2227-dongfang-fd87-2000-geared,Dongfang,Dongfang FD87-2000 geared,2000,87,5945,3,69,3.5,25,11,,double fed induction,,steel tube,,,,,,690,50 Hz,,No,Yes
2224,https://en.wind-turbine-models.com/turbines/2224-dongfang-fd89-1500-geared,Dongfang,Dongfang FD89-1500 geared,1500,89,6221,3,70,3,20,10,,double fed induction,,steel tube,,,,,,690,50 Hz,,No,Yes
2200,https://en.wind-turbine-models.com/turbines/2200-dongfang-df93-1500-direct-drive,Dongfang,Dongfang DF93-1500 direct drive,1500,93,6793,3,70,3,22,10,,synchron,,steel tube,,,,,,,50/60 Hz,,No,Yes
2225,https://en.wind-turbine-models.com/turbines/2225-dongfang-fd93-1500-geared,Dongfang,Dongfang FD93-1500 geared,1500,93,6793,3,69,3,20,9.5,15,double fed induction,,steel tube,,,,,,690,50 Hz,,No,Yes
2226,https://en.wind-turbine-models.com/turbines/2226-dongfang-fd93-2000-geared,Dongfang,Dongfang FD93-2000 geared,2000,93,6793,3,69,3,25,11,15,double fed induction,,steel tube,,,,,,690,50 Hz,,No,Yes
2201,https://en.wind-turbine-models.com/turbines/2201-dongfang-d2500-103-df103-2500-direct-drive,Dongfang,Dongfang D2500-103 / DF103-2500 direct drive,2500,103,8332,3,80,3,25,11,,synchron,,steel tube,,,,,,,50/60 Hz,,No,Yes
2202,https://en.wind-turbine-models.com/turbines/2202-dongfang-d2500-110-df110-2500-direct-drive,Dongfang,Dongfang D2500-110 / DF110-2500 direct drive,2500,110,9503,3,80,3,25,10.5,,synchron,,steel tube,,,,,,,50/60 Hz,,No,Yes
2203,https://en.wind-turbine-models.com/turbines/2203-dongfang-d2500-121-df121-2500-direct-drive,Dongfang,Dongfang D2500-121 / DF121-2500 direct drive,2500,121,11499,3,90,3,22,9.5,,synchron,,steel tube,,,,,,,50/60 Hz,,No,Yes
2228,https://en.wind-turbine-models.com/turbines/2228-dongfang-g2000-108-fd108-2000-geared,Dongfang,Dongfang G2000-108 / FD108-2000 geared,2000,108,9161,3,85,3,25,9.5,,double fed induction,,steel tube,,,,,,,50/60 Hz,,No,Yes
2229,https://en.wind-turbine-models.com/turbines/2229-dongfang-g2000-116-fd116-2000-geared,Dongfang,Dongfang G2000-116 / FD116-2000 geared,2000,116,10568,3,80,3,20,9,,double fed induction,,steel tube,,,,,,,50/60 Hz,,No,Yes
2230,https://en.wind-turbine-models.com/turbines/2230-dongfang-g2000-127-geared,Dongfang,Dongfang G2000-127 geared,2000,127,12668,3,,3,20,8.5,,double fed induction,,steel tube,,,,,,,50/60 Hz,,No,Yes
2231,https://en.wind-turbine-models.com/turbines/2231-dongfang-g2200-135-geared,Dongfang,Dongfang G2200-135 geared,2200,135,14314,3,,3,20,9,,double fed induction,,steel tube,,,,,,,50/60 Hz,,No,Yes
2232,https://en.wind-turbine-models.com/turbines/2232-dongfang-g2300-136-geared,Dongfang,Dongfang G2300-136 geared,2300,116,10568,3,80,3,20,8.5,,double fed induction,,steel tube,,,,,,,50/60 Hz,,No,Yes
2206,https://en.wind-turbine-models.com/turbines/2206-dongfang-d2500-131-direct-drive,Dongfang,Dongfang D2500-131 direct drive,2500,131,13478,3,,,,,,synchronous permanent,,,,,,,,,50/60 Hz,,No,Yes
2207,https://en.wind-turbine-models.com/turbines/2207-dongfang-d2750-148-direct-drive,Dongfang,Dongfang D2750-148 direct drive,2750,148,17203,3,,,,,,synchronous permanent,,,,,,,,,50/60 Hz,,No,Yes
2233,https://en.wind-turbine-models.com/turbines/2233-dongfang-g3000-119-fd119-3000-geared,Dongfang,Dongfang G3000-119 / FD119-3000 geared,3000,119,11122,3,90,3,20,10.5,,double fed induction,,steel tube,,,,,,,50/60 Hz,,Yes,Yes
2208,https://en.wind-turbine-models.com/turbines/2208-dongfang-d3000-148-direct-drive,Dongfang,Dongfang D3000-148 direct drive,3000,148,17203,3,,,,,,synchronous permanent,,steel tube,,,,,,,50/60 Hz,,No,Yes
2209,https://en.wind-turbine-models.com/turbines/2209-dongfang-d3000-155-direct-drive,Dongfang,Dongfang D3000-155 direct drive,3000,155,18869,3,,,,,,synchronous permanent,,steel tube,,,,,,,50/60 Hz,,No,Yes
2210,https://en.wind-turbine-models.com/turbines/2210-dongfang-d3200-155-direct-drive,Dongfang,Dongfang D3200-155 direct drive,3200,155,18869,3,,,,,,synchronous permanent,,steel tube,,,,,,,50/60 Hz,,No,Yes
2211,https://en.wind-turbine-models.com/turbines/2211-dongfang-d3300-148-direct-drive,Dongfang,Dongfang D3300-148 direct drive,3300,148,17203,3,,,,,,synchronous permanent,,steel tube,,,,,,,50/60 Hz,,No,Yes
2212,https://en.wind-turbine-models.com/turbines/2212-dongfang-d3500-148-direct-drive,Dongfang,Dongfang D3500-148 direct drive,3500,148,17203,3,,,,,,synchronous permanent,,steel tube,,,,,,,50/60 Hz,,No,Yes
2213,https://en.wind-turbine-models.com/turbines/2213-dongfang-d3800-148-direct-drive,Dongfang,Dongfang D3800-148 direct drive,3800,148,17203,3,,,,,,synchronous permanent,,steel tube,,,,,,,50/60 Hz,,No,Yes
2214,https://en.wind-turbine-models.com/turbines/2214-dongfang-d4000-148-direct-drive,Dongfang,Dongfang D4000-148 direct drive,4000,148,17203,3,90,2.5,20,11.5,12.7,permanent magnet synchronous,,steel tube,,,,,,720,50/60 Hz,,No,Yes
2215,https://en.wind-turbine-models.com/turbines/2215-dongfang-d4200-155-direct-drive,Dongfang,Dongfang D4200-155 direct drive,4200,155,18869,3,,,,,,synchronous permanent,,steel tube,,,,,,,50/60 Hz,,No,Yes
2216,https://en.wind-turbine-models.com/turbines/2216-dongfang-d4500-155-direct-drive,Dongfang,Dongfang D4500-155 direct drive,4500,155,18869,3,120,3,20,11.5,12.2,Permanent magnet synchronous,,steel tube,,,,,,1140,50/60 Hz,,No,Yes
2235,https://en.wind-turbine-models.com/turbines/2235-dongfang-g5000-127-fd127-5000-geared,Dongfang,Dongfang G5000-127 / FD127-5000 geared,5000,127,12668,3,100,3.5,25,12.5,,double fed induction,,steel tube,,,,,,,50/60 Hz,,No,Yes
2234,https://en.wind-turbine-models.com/turbines/2234-dongfang-g5000-140-fd140-5000-geared,Dongfang,Dongfang G5000-140 / FD140-5000 geared,5000,140,15394,3,100,3.5,30,11,,double fed induction,,steel tube,,,,,,,50/60 Hz,,No,Yes
2217,https://en.wind-turbine-models.com/turbines/2217-dongfang-d7000-186-direct-drive,Dongfang,Dongfang D7000-186 direct drive,7000,186,27172,3,,,,,,synchronous permanent,,steel tube,,,,,,,50/60 Hz,,Yes,Yes
2218,https://en.wind-turbine-models.com/turbines/2218-dongfang-d8000-185-direct-drive,Dongfang,Dongfang D8000-185 direct drive,8000,185,26880,3,,,,,,synchronous permanent,,steel tube,,,,,,,50/60 Hz,,Yes,Yes
2219,https://en.wind-turbine-models.com/turbines/2219-dongfang-d10000-185-direct-drive,Dongfang,Dongfang D10000-185 direct drive,10000,185,26880,3,125,4,30,11.5,10,synchronous permanent,,steel tube,,,,,,12000,50/60 Hz,,Yes,Yes
2386,https://en.wind-turbine-models.com/turbines/2386-dongfang-d13000-211-direct-drive,Dongfang,Dongfang D13000-211 direct drive,13000,211,34967,3,130,,,,,permanent magnet,,steel tube,,,,,,,50/60 Hz,2022,Yes,Yes
2575,https://en.wind-turbine-models.com/turbines/2575-doosan-ds205-8-0,Doosan,Doosan DS205-8.0,8000,205,33006,3,,3,25,11,8.4,Permanent Magnet Synchronous,,,,,,,,750,50/60 Hz,,Yes,Yes
2619,https://en.wind-turbine-models.com/turbines/2619-doosan-ds205-10-0,Doosan,Doosan DS205-10.0,10000,205,33006,3,,3.5,25,13,8.4,permanent magnet synchronous,,,,,,,,750,50/60 Hz,,Yes,Yes
482,https://en.wind-turbine-models.com/turbines/482-doosan-winds3000-91,Doosan,Doosan WinDS3000/91,3000,91.3,6539,3,80,3,25,13,15.7,Synchronous permanent,,Steel tube,,,,10000,,,50/60 Hz,,Yes,Yes
1847,https://en.wind-turbine-models.com/turbines/1847-doosan-winds3000-100,Doosan,Doosan WinDS3000/100,3000,100,7853,3,90,3,25,12,,synchronous permanent,,steel tube,,,,,,,50/60 Hz,,Yes,Yes
1848,https://en.wind-turbine-models.com/turbines/1848-doosan-winds3000-134,Doosan,Doosan WinDS3000/134,3000,134,14100,3,90,3,20,10,10.7,synchronous permanent,,steel tube,,,,,,,50/60 Hz,,Yes,Yes
2577,https://en.wind-turbine-models.com/turbines/2577-doosan-winds3300,Doosan,Doosan WinDS3300,3300,134,14102,3,90,3,20,11,,,,,,,,,,,,,Yes,Yes
2576,https://en.wind-turbine-models.com/turbines/2576-doosan-winds5500,Doosan,Doosan WinDS5500,5560,140,15393,3,,4,25,13,,,,,,,,,,,,,Yes,Yes
358,https://en.wind-turbine-models.com/turbines/358-dornier-darrieus-savonius-5-5-kw,Dornier,"Dornier Darrieus/Savonius 5,5 kW",5.5,5.5,24,3,10.5,3,,,110,induction,,Lattice,,,,,,28,50.0 Hz,1979,No,Yes
954,https://en.wind-turbine-models.com/turbines/954-dornier-darrieus-30,Dornier,Dornier Darrieus 30,30,12,140,3,18,4,24,10.5,90,Synchronous,,Steel tube,,,,,,380,50 Hz,1985,No,Yes
93,https://en.wind-turbine-models.com/turbines/93-dornier-darrieus-55,Dornier,Dornier Darrieus 55,55,15,200,2,25,3,25,11.5,60,synchronus,,steel tower,,,,,,,,,No,Yes
1153,https://en.wind-turbine-models.com/turbines/1153-dr-zaber-zefir-d7-p5-t10,DR ZABER,DR ZABER ZEFIR D7 - P5 - T10,5,7,38.5,3,10,3,18,8.8,200,synchronous permanent,,steel tube,,,,,,400,50 Hz,,No,Yes
1152,https://en.wind-turbine-models.com/turbines/1152-dr-zaber-zefir-d10-p12-t12,DR ZABER,DR ZABER ZEFIR D10 - P12 - T12,12,10,78.5,3,12,3,18,9,150,synchronous permanent,,steel tube,,,,,,400,50 Hz,,No,Yes
1151,https://en.wind-turbine-models.com/turbines/1151-dr-zaber-zefir-d14-p30-t15,DR ZABER,DR ZABER ZEFIR D14 - P30 - T15,30,14,154,3,15,3,18,9.4,120,synchronous permanent,,steel tube,,,,,,400,50 Hz,,No,Yes
1150,https://en.wind-turbine-models.com/turbines/1150-dr-zaber-zefir-d21-p70-t18,DR ZABER,DR ZABER ZEFIR D21 - P70 - T18,70,21,346,3,18,3,18,9.6,60,synchronous permanent,,steel tube,,,,,,400,50 Hz,,No,Yes
2052,https://en.wind-turbine-models.com/turbines/2052-ds-wind-ds-25,DS-wind,DS-wind DS-25,25,11.7,108.4,2,18,2.5,25,10,108,synchronous permanent,,Guyed tilt,1500,,3200,,4700,480,50/60 Hz,,No,Yes
2051,https://en.wind-turbine-models.com/turbines/2051-ds-wind-ds-400,DS-wind,DS-wind DS-400,400,34,908,3,30,3,25,14,33,induction,,steel tube,18000,,36000,,54000,690,50 Hz,,No,Yes
2050,https://en.wind-turbine-models.com/turbines/2050-ds-wind-ds-500,DS-wind,DS-wind DS-500,500,48,1810,3,50,3,25,12,23,induction,,steel tube,35000,,61000,,96000,690,50 Hz,,No,Yes
648,https://en.wind-turbine-models.com/turbines/648-dutch-rainmaker-aw-75,Dutch Rainmaker,Dutch Rainmaker AW 75,,20,,3,24,4,,,,without,,,,,,,25000,,,,No,Yes
511,https://en.wind-turbine-models.com/turbines/511-dynergy-american-windshark-80,Dynergy,Dynergy American Windshark 80,80,16.5,212.7,2,16.2,4.9,,14.8,95,induction,,Steel tube,1600,400,1300,,3200,,,,No,Yes
2044,https://en.wind-turbine-models.com/turbines/2044-eaz-wind-eaz-twelve,EAZ Wind,EAZ Wind EAZ-Twelve,15,12,113.1,3,15,2.5,20,8.5,,synchronous permanent,,steel tube,,,,,,,50/60 Hz,,No,Yes
2487,https://en.wind-turbine-models.com/turbines/2487-ewp-eastern-wind-pow-sky-farm-50kw-vawt,EWP Eastern Wind Pow,EWP Eastern Wind Pow Sky Farm 50kW VAWT,50,5,20,3,16.5,4,40,,,,,steel tube,,,,,,,50/60 Hz,,No,Yes
725,https://en.wind-turbine-models.com/turbines/725-easywind-easywind-6-0,EasyWind,EasyWind EasyWind 6.0,6,6,28,4,7,3,60,10.6,124,Asynchronus,,Steel tube,400,,300,,700,400,50 Hz,,No,Yes
2312,https://en.wind-turbine-models.com/turbines/2312-easywind-easywind-6-2,EasyWind,EasyWind EasyWind 6.2,6,6.2,30.1,4,7,3,,10.6,90,induction,,steel pipe with guy rope on 4 sides or monotower,400,,1700,,,400,50 Hz,,No,Yes
2313,https://en.wind-turbine-models.com/turbines/2313-easywind-easywind-6-8,EasyWind,EasyWind EasyWind 6.8,6,6.8,36.3,4,7,3,,10.6,128,induction,,steel pipe with guy rope on 4 sides or monotower,400,,1700,,,400,50 Hz,,No,Yes
1877,https://en.wind-turbine-models.com/turbines/1877-ebara-epw1570,Ebara,Ebara EPW1570,1500,70,3848,3,65,3.5,25,12,22,induction,,steel tube,53000,31000,115000,,199000,690,50 Hz,,No,Yes
2133,https://en.wind-turbine-models.com/turbines/2133-eclectic-energy-d400,ECLECTIC ENERGY,ECLECTIC ENERGY D400,0.4,1.1,1,5,,2.5,,14,,12 pole permanent magnet,,steel tube,,,,,,240,50/60 Hz,2005,Yes,Yes
917,https://en.wind-turbine-models.com/turbines/917-ecoener-30kw,Ecoener,Ecoener 30kW,30,10.3,78.5,3,12.4,4.5,25,,,,,,,,2200,,,,,,No,Yes
1404,https://en.wind-turbine-models.com/turbines/1404-ecot-cnia-eco-12-15,ecotècnia,ecotècnia ECO 12/15,15,12,113,3,14,3.5,30,9.5,42,induction,,steel tube tripode,1200,,800,100,2400,380,50 Hz,1982,No,Yes
716,https://en.wind-turbine-models.com/turbines/716-ecot-cnia-eco-12-30,ecotècnia,ecotècnia ECO 12/30,30,12,113,3,14,4,25,13,68,Asynchronus,,Lattice,,,,,,380,50 Hz,,No,Yes
717,https://en.wind-turbine-models.com/turbines/717-ecot-cnia-eco-20-150,ecotècnia,ecotècnia ECO 20/150,150,20,314,3,30,4,25,14,45,Asynchronus,,Steel tube/Lattice,,,,,,380,50 Hz,,No,Yes
786,https://en.wind-turbine-models.com/turbines/786-ecot-cnia-eco-28-225,ecotècnia,ecotècnia ECO 28/225,225,28,616,3,30,4,25,13.5,37.5,Asynchronus,,Steel tube,,,,,,380,50 Hz,,No,Yes
790,https://en.wind-turbine-models.com/turbines/790-ecot-cnia-eco-44-600,ecotècnia,ecotècnia ECO 44/600,600,44,1521,3,45,4,25,14.5,26.9,Asynchronus,,Steel tube,27600,6500,31000,,65099.99999999999,690,50 Hz,,No,Yes
958,https://en.wind-turbine-models.com/turbines/958-ecot-cnia-eco-48-700,ecotècnia,ecotècnia ECO 48/700,700,48,1810,3,45,4,25,14,24,Asynchronus,,Steel tube,27600,6500,55000,,89000,690,50 Hz,,No,Yes
791,https://en.wind-turbine-models.com/turbines/791-ecot-cnia-eco-48-750,ecotècnia,ecotècnia ECO 48/750,750,48,1810,3,45,4,25,14.5,24,Asynchronus,,Steel tube,27600,6500,55000,,89100,690,50 Hz,,No,Yes
789,https://en.wind-turbine-models.com/turbines/789-ecot-cnia-eco-62-1300,ecotècnia,ecotècnia ECO 62/1300,1300,62,3019,3,60,4,25,14,19,Asynchronus,,Steel tube,,,,,,690,50/60 Hz,,No,Yes
788,https://en.wind-turbine-models.com/turbines/788-ecot-cnia-eco-74-1670,ecotècnia,ecotècnia ECO 74/1670,1670,74,4301,3,60,3,25,13,19,Asynchronus,,Steel tube,,,,5600,,690,50/60 Hz,,No,Yes
787,https://en.wind-turbine-models.com/turbines/787-ecot-cnia-eco-80-1670,ecotècnia,ecotècnia ECO 80/1670,1670,80,5027,3,60,3,34,25,18.4,Asynchronus,,Steel tube,,,,5600,,690,,,No,Yes
572,https://en.wind-turbine-models.com/turbines/572-ecot-cnia-eco-80-2000,ecotècnia,ecotècnia ECO 80/2000,2000,80,5027,3,70,3,25,12,18.4,,,Steel tube,,,,,,690,,,No,Yes
444,https://en.wind-turbine-models.com/turbines/444-elecon-t600-48-dual-speed,Elecon,Elecon T600-48 Dual speed,600,48,1810,3,50,3,25,12.5,23,Asynchronus,,Steel tube/Lattice,30000,5000,68000,,107000,690,50 Hz,,No,Yes
798,https://en.wind-turbine-models.com/turbines/798-electria-wind-garb-100-28,Electria Wind,Electria Wind Garbí 100/28,100,28,616,3,35,2.5,25,9,47.7,Synchronous permanent,,Steel tube,11500,,16600,,28100,400,50 Hz,,No,Yes
799,https://en.wind-turbine-models.com/turbines/799-electria-wind-garb-150-28,Electria Wind,Electria Wind Garbí 150/28,150,28,616,3,35,2.5,20,10.4,41,Synchronous permanent,,Steel tube,11500,,20800,,32299.999999999996,400,50 Hz,,No,Yes
800,https://en.wind-turbine-models.com/turbines/800-electria-wind-garb-200-28,Electria Wind,Electria Wind Garbí 200/28,200,28,616,3,35,2.5,20,11,47,Synchronous permanent,,Steel tube,11700,,20800,,32500,400,50 Hz,,No,Yes
2329,https://en.wind-turbine-models.com/turbines/2329-eleon-3m116,Eleon,Eleon 3M116,3000,116,10568,3,122,,,,,,,steel tube / hybrid,,,,,,,,2013,No,Yes
512,https://en.wind-turbine-models.com/turbines/512-elfin-elfin-750,ELFIN,ELFIN ELFIN 750,10,7.5,44.2,3,,,,,145,,,Steel tube,,,,,,,,,No,Yes
1166,https://en.wind-turbine-models.com/turbines/1166-elkraft-aved-re-1mw,ELKRAFT,ELKRAFT Avedøre 1MW,1000,50,1963,3,55,4,25,15,23.1,induction,,steel tube,91200,23600,95000,3600,210000,400,50 Hz,1993,No,Yes
40,https://en.wind-turbine-models.com/turbines/40-elsam-gedser-prototype,ELSAM - Gedser,ELSAM - Gedser Prototype,200,24,450,3,25,5,,15,30,induction,,concrete,,,,1700,,,,1956,No,Yes
172,https://en.wind-turbine-models.com/turbines/172-elsam-nibe-nibe-a,ELSAM - Nibe,ELSAM - Nibe Nibe A,630,40,1256.6,3,45,5,25,13,34,induction,,concrete,,,,,,,50 Hz,1979,No,Yes
99,https://en.wind-turbine-models.com/turbines/99-elsam-nibe-nibe-b,ELSAM - Nibe,ELSAM - Nibe Nibe B,630,40,1256.6,3,45,3,25,13,34,induction,,concrete,,,,3400,,,50 Hz,1980,No,Yes
1012,https://en.wind-turbine-models.com/turbines/1012-elsam-tj-reborg,Elsam,Elsam Tjæreborg,2000,61.1,2931,3,60,5,25,17.5,22.4,Asynchronous,,concrete,143000,67500,645000,8500,2380000,6000,50 Hz,1987,No,Yes
2326,https://en.wind-turbine-models.com/turbines/2326-elwinger-armschwinger,Elwinger,Elwinger Armschwinger,5,8,50,1,13.7,,,,,,,Monopile with suspended conical arm,,,,,,,50 Hz,,No,Yes
1274,https://en.wind-turbine-models.com/turbines/1274-ewt-dw-52-250,EWT,EWT DW 52-250,250,52,2124,3,35,2.5,25,8,22,synchronous multipole,,steel tube,,,,,,690,50 Hz,,No,Yes
1268,https://en.wind-turbine-models.com/turbines/1268-ewt-dw-52-500,EWT,EWT DW 52-500,500,52,2124,3,35,3,25,10,26,synchronous multipole,,steel tube,,,,,,690,50 Hz,,No,Yes
104,https://en.wind-turbine-models.com/turbines/104-ewt-dw-52-750,EWT,EWT DW 52-750,750,52,2124,3,35,2.5,25,13,28,synchronous multipole,,steel tube,,,,,,690,50 Hz,,No,Yes
1537,https://en.wind-turbine-models.com/turbines/1537-ewt-dw-52-900,EWT,EWT DW 52-900,900,52,2124,3,35,2.5,25,14,26,synchronous multipole,,steel tube,,,,,,690,50 Hz,,No,Yes
2631,https://en.wind-turbine-models.com/turbines/2631-ewt-dw-54-x,EWT,EWT DW 54-X,1000,54,2290,3,40,3,25,13.5,,synchronous permanent,,steel tube,,,,,,,50/60 Hz,,No,Yes
1538,https://en.wind-turbine-models.com/turbines/1538-ewt-dw-54-250,EWT,EWT DW 54-250,250,54,2290,3,35,2.5,25,7.5,22,synchronous multipole,,steel tube,,,,,,690,50 Hz,,No,Yes
1267,https://en.wind-turbine-models.com/turbines/1267-ewt-dw-54-500,EWT,EWT DW 54-500,500,54,2290,3,35,2.5,25,10,26,synchronous multipole,,steel tube,,,,,,690,50.0 Hz,,No,Yes
335,https://en.wind-turbine-models.com/turbines/335-ewt-dw-54-900,EWT,EWT DW 54-900,900,54,2290,3,40,2.5,25,13,28,synchronous multipole,,steel tube,,,,,,690,50 Hz,,No,Yes
2630,https://en.wind-turbine-models.com/turbines/2630-ewt-dw-58-500,EWT,EWT DW 58-500,500,58,2642,3,46,3,25,,,synchronous permanent,,steel tube,,,,,,,50/60 Hz,,No,Yes
2629,https://en.wind-turbine-models.com/turbines/2629-ewt-dw-58-1mw,EWT,EWT DW 58-1MW,1000,58,2642,3,46,3,25,,,synchronous permanent,,steel tube,,,,,,,50/60 Hz,,No,Yes
1906,https://en.wind-turbine-models.com/turbines/1906-ewt-dw-61-1mw,EWT,EWT DW 61-1MW,1000,61,2922,3,46,3,25,14,29,synchronous multipole,,steel tube,,,,,,,50/60 Hz,,No,Yes
1535,https://en.wind-turbine-models.com/turbines/1535-ewt-dw-61-500,EWT,EWT DW 61-500,500,61,2922.5,3,46,2.5,25,10,22,synchronous multipole,,steel tube,,,,,,690,50 Hz,,No,Yes
1905,https://en.wind-turbine-models.com/turbines/1905-ewt-dw-61-750,EWT,EWT DW 61-750,750,61,2922,3,46,2.5,25,11.5,23,synchronous multipole,,steel tube,,,,,,,50/60 Hz,,No,Yes
1536,https://en.wind-turbine-models.com/turbines/1536-ewt-dw-61-900,EWT,EWT DW 61-900,900,61,2922.5,3,46,2.5,25,11.5,24,synchronous multipole,,steel tube,,,,,,690,50 Hz,,No,Yes
1659,https://en.wind-turbine-models.com/turbines/1659-enair-30-pro,enair,enair 30 PRO,3,3.8,11.3,3,,1.8,60,11,250,synchronous,,Lattice. clip. tubular,,100,,,,220,50 Hz,,No,Yes
1660,https://en.wind-turbine-models.com/turbines/1660-enair-70-pro,enair,enair 70 PRO,5.5,4.3,14.5,3,,1.8,60,11,250,synchronous,,Lattice. clip. tubular,,200,,,,220,50 Hz,,No,Yes
1485,https://en.wind-turbine-models.com/turbines/1485-enair-160,enair,enair 160,10.5,6.1,116.8,3,16,2,25,25,200,synchronous permanent,,steel tube,,400,,,,,50 Hz,,No,Yes
1661,https://en.wind-turbine-models.com/turbines/1661-enair-200,enair,enair 200,20,9.8,75.4,3,,1.9,30,12,120,synchronous,,steel tube,,,,,1000,500,50 Hz,,No,Yes
1701,https://en.wind-turbine-models.com/turbines/1701-enbreeze-15-kw,enbreeze,enbreeze 15 kW,15,11.5,103.9,3,20.85,2.5,,8.3,83,synchronous permanent,,steel tube,1300,,4600,,5800,400,50 Hz,,No,Yes
1621,https://en.wind-turbine-models.com/turbines/1621-endurance-x-29,Endurance,Endurance X-29,225,29.1,664,3,30,4,25,15,37.6,induction,,steel tube,,,,,12900,400,50 Hz,,No,Yes
1622,https://en.wind-turbine-models.com/turbines/1622-endurance-x-35,Endurance,Endurance X-35,225,35,962,3,30.5,4,20,15,30.8,induction,,Free Standing Monopole.,,,,,,400,50 Hz,,No,Yes
372,https://en.wind-turbine-models.com/turbines/372-endurance-e-3120,Endurance,Endurance E-3120,50,19.2,290,3,37,3.5,25,10,42,Induktion,,steel tube/lattice,,,,,4100,600,50.0 Hz,,No,Yes
1620,https://en.wind-turbine-models.com/turbines/1620-endurance-e-4660,Endurance,Endurance E-4660,85,23.5,434,3,24.8,4,25,15,33,induction,,Free Standing Monopole,,,,,6200,400,50 Hz,,No,Yes
733,https://en.wind-turbine-models.com/turbines/733-enercon-e-10,Enercon,Enercon E-10,30,10,78.5,3,,2,35,,90,Synchronous permanent,,,,,,,,690,50 Hz,,No,Yes
732,https://en.wind-turbine-models.com/turbines/732-enercon-e-12,Enercon,Enercon E-12,30,12,113,3,24,3,35,11,90,Synchronous permanent,,Steel tube/ concrete,2800,300,17000,,21000,690,50.0 Hz,,No,Yes
2496,https://en.wind-turbine-models.com/turbines/2496-enercon-e-12-30,Enercon,Enercon E-12/30,30,12,113,3,28.5,,,,100,induction,,spun concrete tower with quiver foundation,,,,,,380,,1992,No,Yes
282,https://en.wind-turbine-models.com/turbines/282-enercon-e-15,Enercon,Enercon E-15,55,15,176,3,18,2.5,25,8.5,55,Synchronous,,Lattice,,,,400,,400,50 Hz,1985,No,Yes
605,https://en.wind-turbine-models.com/turbines/605-enercon-e-16,Enercon,Enercon E-16,55,16.2,206.1,3,22.5,3,25,12,50,Synchronous,,Lattice,,,,,,690,50 Hz,,No,Yes
320,https://en.wind-turbine-models.com/turbines/320-enercon-e-17,Enercon,Enercon E-17,80,17.2,232.4,3,28.5,2.5,25,13,55,synchronus,,concrete,,,,,,380,50 Hz,,No,Yes
353,https://en.wind-turbine-models.com/turbines/353-enercon-e-18,Enercon,Enercon E-18,80,18,254.5,3,28.5,2.5,25,12,52,synchronous,,concrete or steel tubes,5000,,38000,300,48000,380,50 Hz,,No,Yes
559,https://en.wind-turbine-models.com/turbines/559-enercon-e-18-tripod,Enercon,Enercon E-18 Tripod,80,18,255,3,30,2,35,12,,,,tripod,,,,,,,,,No,Yes
1873,https://en.wind-turbine-models.com/turbines/1873-enercon-e-20,Enercon,Enercon E-20,100,20,314,3,,2,35,,,synchronus,,steel tube,,,,,,,50 Hz,2006,No,Yes
376,https://en.wind-turbine-models.com/turbines/376-enercon-e-30,Enercon,Enercon E-30,280,29.6,707,3,50,2.5,25,13.5,48,synchronous,,Steel tube,12600,3800,27300,300,44000,440,50.0 Hz,,No,Yes
2704,https://en.wind-turbine-models.com/turbines/2704-enercon-e-30-200,Enercon,Enercon E-30 / 200,200,30,707,3,50,3,25,11,43,synchronous,,steel tube,,,,,,400,50 Hz,,No,Yes
369,https://en.wind-turbine-models.com/turbines/369-enercon-e-30-330,Enercon,Enercon E-30 / 330,330,33,876,3,50,2.5,34,12.5,45,synchronous,,,,,,,,,,,No,Yes
367,https://en.wind-turbine-models.com/turbines/367-enercon-e-32-300,Enercon,Enercon E-32 / 300,300,32,804,3,34,3,25,11.5,39,synchronous,,concrete,20000,,40000,1400,,280,50.0 Hz,,No,Yes
368,https://en.wind-turbine-models.com/turbines/368-enercon-e-33-300,Enercon,Enercon E-33 / 300,300,33,855.3,3,35,3,25,11.5,39,synchronous,,concrete,,,,,,,50 Hz,,No,Yes
2778,https://en.wind-turbine-models.com/turbines/2778-enercon-e-33-330,Enercon,Enercon E-33 / 330,330,33.4,876,3,37,3,34,12.5,45,direct-drive annular,,steel tube,,,,,,690,50/60 Hz,,No,Yes
1801,https://en.wind-turbine-models.com/turbines/1801-enercon-e-36,Enercon,Enercon E-36,400,36,1018,3,45,3,25,12,40,synchronous,,concrete,,,,,,690,50 Hz,1992,No,Yes
67,https://en.wind-turbine-models.com/turbines/67-enercon-e-40-5-40,Enercon,Enercon E-40/5.40,500,40.3,1275,3,42,2.5,25,12,38,synchronous,,Steel tube/ concrete,26500,2700,120000,900,150000,440,50.0 Hz,,No,Yes
68,https://en.wind-turbine-models.com/turbines/68-enercon-e-40-6-44,Enercon,Enercon E-40/6.44,600,43.7,1521,3,50,2.5,28,12,34,synchronous,,Steel tube,20500,8700,99000,,,440,50 Hz,,No,Yes
531,https://en.wind-turbine-models.com/turbines/531-enercon-e-44,Enercon,Enercon E-44,900,44,1521,3,45,3,34,16.5,34,synchronous,,Steel tube,,,,,,690,50.0 Hz,,No,Yes
529,https://en.wind-turbine-models.com/turbines/529-enercon-e-48,Enercon,Enercon E-48,800,48,1809.6,3,50,3,34,12,31,Synchronous,,Steel tube/Hybrid,,,,,,690,50.0 Hz,,No,Yes
530,https://en.wind-turbine-models.com/turbines/530-enercon-e-53,Enercon,Enercon E-53,800,52.9,2198,3,60,3,34,12,28.3,Synchronous,,Steel tube/Hybrid,,,,,,690,50.0 Hz,,No,Yes
114,https://en.wind-turbine-models.com/turbines/114-enercon-e-58-10-58,Enercon,Enercon E-58/10.58,1000,58.6,2697,3,59,2.5,34,12,24,synchronous,,steel tower,61000,22100,111000,,,440,50 Hz,,No,Yes
826,https://en.wind-turbine-models.com/turbines/826-enercon-e-66,Enercon,Enercon E-66,1500,66,3421.2,3,60,3,25,12.5,20.3,Synchronous,,Steel tube,67000,32000,120000,4000,225000,400,50 Hz,1995,No,Yes
915,https://en.wind-turbine-models.com/turbines/915-enercon-e-66-15-66,Enercon,Enercon E-66/15.66,1500,66,3421.2,3,67,2.5,25,13,22,synchronous multipole,,steel tube / concret,,,,,,400,50 Hz,,No,Yes
73,https://en.wind-turbine-models.com/turbines/73-enercon-e-66-15-70,Enercon,Enercon E-66/15.70,1500,70,3848,3,65,2.5,25,13,22,synchronous,,Steel tube/ conctrete,63000,27300,876000,3900,970000,440,50.0 Hz,,No,Yes
856,https://en.wind-turbine-models.com/turbines/856-enercon-e-66-18-66,Enercon,Enercon E-66/18.66,1800,66,3421,3,67,2.5,34,12.5,22,Synchronous,,Steel tube/Hybrid,,,,,,690,50 Hz,,No,Yes
135,https://en.wind-turbine-models.com/turbines/135-enercon-e-66-18-70,Enercon,Enercon E-66/18.70,1800,70,3848,3,65,2.5,34,12.5,22,synchronous,,Steel tube/ concrete,68800,31700,858000,,,440,50 Hz,,No,Yes
831,https://en.wind-turbine-models.com/turbines/831-enercon-e-66-20-70,Enercon,Enercon E-66/20.70,2000,70.4,3893,3,64,2.5,34,14,22,Synchronous permanent,,Steel tube/ concrete,,,,,,440,50 Hz,,No,Yes
69,https://en.wind-turbine-models.com/turbines/69-enercon-e-70-e4-2-300,Enercon,Enercon E-70 E4 2.300,2300,71,3959,3,58,2.5,34,15,21,synchronous,,Steel tube/ concrete,,,,,,2000,50.0 Hz,,No,Yes
827,https://en.wind-turbine-models.com/turbines/827-enercon-e-70-e4-2-000,Enercon,Enercon E-70 E4 2.000,2000,71,3959,3,64,2.5,34,13.5,21.5,Synchronous,,Steel tube/ concrete,,,,,,690,50 Hz,,No,Yes
5,https://en.wind-turbine-models.com/turbines/5-enercon-e-82,Enercon,Enercon E-82,2300,82,5281,3,78,,34,,18.5,synchronous,,Steel tube/ concrete,,,,,,690,50.0 Hz,,No,Yes
550,https://en.wind-turbine-models.com/turbines/550-enercon-e-82-e2-2-300,Enercon,Enercon E-82 E2 2.300,2300,82,5281,3,78,3,34,12,18,Synchronous multi-pole,,Steel tube/Hybrid,,,,,,690,50.0 Hz,,No,Yes
835,https://en.wind-turbine-models.com/turbines/835-enercon-e-82-e2-2-000,Enercon,Enercon E-82 E2 2.000,2000,82,5281,3,78,2,34,12.5,18,Synchronous multi-pole,,Steel tube/ concrete,,,,,,690,50.0 Hz,,No,Yes
834,https://en.wind-turbine-models.com/turbines/834-enercon-e-82-e3-3-000,Enercon,Enercon E-82 E3 3.000,3000,82,5281,3,78,3,34,16,18,Synchronous multi-pole,,Steel tube/ concrete,,,,,,690,50 Hz,,No,Yes
833,https://en.wind-turbine-models.com/turbines/833-enercon-e-82-e4-3-000,Enercon,Enercon E-82 E4 3.000,3000,82,5281,3,59,3,34,16,18,Synchronous multi-pole,,Steel tube/ concrete,,,,,,690,50.0 Hz,,No,Yes
1487,https://en.wind-turbine-models.com/turbines/1487-enercon-e-82-e4-2-350,Enercon,Enercon E-82 E4 2.350,2350,82,5281,3,59,2,34,14,18,synchronous,,steel tube / hydrid,,,,,,690,50 Hz,,No,Yes
934,https://en.wind-turbine-models.com/turbines/934-enercon-e-82-e5-2-350,Enercon,Enercon E-82 E5 2.350,2350,82,5281,3,78,2,34,14,18,Synchronous multi-pole,,Steel tube/Hybrid,,,,,,690,50 Hz,,No,Yes
131,https://en.wind-turbine-models.com/turbines/131-enercon-e-92,Enercon,Enercon E-92,2350,92,6648,3,78,2,25,14,16,synchronous,,concrete tower /steel,,,,,,690,50.0 Hz,,No,Yes
130,https://en.wind-turbine-models.com/turbines/130-enercon-e-101,Enercon,Enercon E-101,3050,101,8012,3,99,2,25,13,14.5,Synchronous,,concrete / tubular steel on top,,,,14200,,690,50.0 Hz,,No,Yes
935,https://en.wind-turbine-models.com/turbines/935-enercon-e-101-e2-3-050,Enercon,Enercon E-101 E2 3.050,3050,101,8012,3,74,2,34,13,14.5,Synchronous multi-pole,,Steel tube/Hybrid,,,,,,690,50.0 Hz,,No,Yes
1289,https://en.wind-turbine-models.com/turbines/1289-enercon-e-101-e2-3-500,Enercon,Enercon E-101 E2 3.500,3500,101,8012,3,74,2,25,15,14.5,synchronous multipole,,steel tube,,,,,,690,50 Hz,,No,Yes
1298,https://en.wind-turbine-models.com/turbines/1298-enercon-e-103-ep2,Enercon,Enercon E-103 EP2,2350,103,8332,3,98,3,34,12,15,synchronous multipole,,steel tube / hybrid,,,,,,,50 Hz,,No,Yes
113,https://en.wind-turbine-models.com/turbines/113-enercon-e-112-45-114,Enercon,Enercon E-112/45.114,4500,114,10207,3,124,2.5,34,13,13,synchronous,,concrete,,,2500000,,,440,50 Hz,,No,Yes
846,https://en.wind-turbine-models.com/turbines/846-enercon-e-112-60-114,Enercon,Enercon E-112/60.114,6000,114,10207,3,124,2.5,34,13,13,Synchronous multi-pole,,concrete,,,2500000,,,440,50 Hz,,No,Yes
1972,https://en.wind-turbine-models.com/turbines/1972-enercon-e-115-ep2-3-200,Enercon,Enercon E-115 EP2 3.200,3200,115.7,10515.5,3,92,2.5,34,,12.8,synchron,,site specific,,,,,,690,50 Hz,,No,Yes
427,https://en.wind-turbine-models.com/turbines/427-enercon-e-115-2-500,Enercon,Enercon E-115 2.500,2500,115,10387,3,92.5,3,34,12,12.8,synchronous,,Steel tube/ concrete,,,,,,690,50 Hz,2013,No,Yes
832,https://en.wind-turbine-models.com/turbines/832-enercon-e-115-3-000,Enercon,Enercon E-115 3.000,3000,115.7,10515.5,3,92,2,25,11.5,12.8,Synchronous multi-pole,,Steel tube/ concrete,,,,,,690,50.0 Hz,,No,Yes
1335,https://en.wind-turbine-models.com/turbines/1335-enercon-e-115-ep3-3-000-prototype,Enercon,Enercon E-115 EP3 3.000 prototype,3000,115.7,10516,3,67,2.5,34,12.8,12.8,synchronous multipole,,steel tube / hybrid,,,,,,,50/60 Hz,,No,Yes
1902,https://en.wind-turbine-models.com/turbines/1902-enercon-e-115-ep3-e3-4-200,Enercon,Enercon E-115 EP3 E3 4.200,4200,115.7,10516,3,67,2.5,34,13.2,13.2,synchronous multipole,,steel tube / hydrid - site specific,,,,,,,50/60 Hz,,No,Yes
2311,https://en.wind-turbine-models.com/turbines/2311-enercon-e-115-ep3-e3-2-990,Enercon,Enercon E-115 EP3 E3 2.990,2990,115.7,10516,3,67,2.5,34,,12.7,synchronous,,Multiple technologies available,,,,,,,50/60 Hz,,No,Yes
2360,https://en.wind-turbine-models.com/turbines/2360-enercon-e-115-ep3-e4,Enercon,Enercon E-115 EP3 E4,4260,115.7,10516,3,77,2.5,34,13,13.2,permanent magnet synchronous,,steel tube,,,,,,790,50/60 Hz,,No,Yes
1702,https://en.wind-turbine-models.com/turbines/1702-enercon-e-126-ep3-3-5mw,Enercon,Enercon E-126 EP3 3.5MW,3500,127,12667,3,86,2,30,12.1,19,synchronous. high-pole,,steel tube / hydrid,,,,,,530,50/60 Hz,2018,No,Yes
1900,https://en.wind-turbine-models.com/turbines/1900-enercon-e-126-ep3-3-0mw,Enercon,Enercon E-126 EP3 3.0MW,3000,127,12667,3,86,2,30,12.1,19,synchronous. high-pole,,steel tube / hydrid - site specific,,,,,,530,50/60 Hz,,No,Yes
1901,https://en.wind-turbine-models.com/turbines/1901-enercon-e-126-ep3-4-0mw,Enercon,Enercon E-126 EP3 4.0MW,4000,127,12667,3,86,2,30,12.1,19,synchronous. high-pole,,steel tube / hydrid - site specific,,,,,,530,50/60 Hz,,No,Yes
1183,https://en.wind-turbine-models.com/turbines/1183-enercon-e-126-ep4,Enercon,Enercon E-126 EP4,4200,127,12688,3,99,3,34,13.5,11.6,synchronous,,steel tube / hybrid,,,,,,690,50.0 Hz,,No,Yes
920,https://en.wind-turbine-models.com/turbines/920-enercon-e-126-6-0-ep8,Enercon,Enercon E-126 6.0 EP8,6000,126,12667,3,135,3,34,16.5,12.1,Synchronous multi-pole,,Steel tube/ concrete,348000,364000,2800000,,7000000,690,50 Hz,,No,Yes
14,https://en.wind-turbine-models.com/turbines/14-enercon-e-126-7-58-ep8,Enercon,Enercon E-126 7.58 EP8,7580,127,12668,3,135,3,34,16.5,12.1,Synchronous,,concrete,,,,,,690,50.0 Hz,,No,Yes
2064,https://en.wind-turbine-models.com/turbines/2064-enercon-e-136-ep5,Enercon,Enercon E-136 EP5,4650,136,14584,3,109,2.5,25,,11,synchronous permanent,,MST - Modular Steel Tower,,,,,,,50/60 Hz,,No,Yes
1703,https://en.wind-turbine-models.com/turbines/1703-enercon-e-138-ep3,Enercon,Enercon E-138 EP3,3500,138.3,14957,3,81,2,28,13,10.8,synchronous,,steel tube / hydrid,,,,,,,50/60 Hz,2018,No,Yes
1899,https://en.wind-turbine-models.com/turbines/1899-enercon-e-138-ep3-e2,Enercon,Enercon E-138 EP3 E2,4200,138.6,15085,3,81,2.5,34,10.8,10.8,synchronous,,steel tube / hydrid - site specific,,,,,,,50/60 Hz,2018,No,Yes
2359,https://en.wind-turbine-models.com/turbines/2359-enercon-e-138-ep3-e3,Enercon,Enercon E-138 EP3 E3,4260,138.3,15011,3,81,2.5,28,12.1,10.8,Synchronous. high-pole,,steel tube,,,,,,790,50/60 Hz,,No,Yes
1297,https://en.wind-turbine-models.com/turbines/1297-enercon-e-141-ep4,Enercon,Enercon E-141 EP4,4200,141,15614.5,3,129,3,34,14,10.6,synchronous multipole,,steel tube / hybrid,,,,,,,50 Hz,,No,Yes
2063,https://en.wind-turbine-models.com/turbines/2063-enercon-e-147-ep5-e2,Enercon,Enercon E-147 EP5 E2,5000,147,16972,3,126,2.5,25,,10.3,synchronous permanent,,MST - Modular Steel Tower,,,,,,,50/60 Hz,,No,Yes
2310,https://en.wind-turbine-models.com/turbines/2310-enercon-e-147-ep5-e1,Enercon,Enercon E-147 EP5 E1,4300,147,16972,3,126,,,,,synchronous,,steel tube / hybrid HST /MTS,,,,,,,,,No,Yes
2062,https://en.wind-turbine-models.com/turbines/2062-enercon-e-160-ep5-e1,Enercon,Enercon E-160 EP5 E1,4600,160,20106,3,120,2.5,22,,,synchronous permanent,,MST - Modular Steel Tower,,,,,,,50/60 Hz,,No,Yes
2308,https://en.wind-turbine-models.com/turbines/2308-enercon-e-160-ep5-e2,Enercon,Enercon E-160 EP5 E2,5500,160,20106,3,120,2.5,22,,9.4,synchronous permanent,,,,,,,,,50/60 Hz,2021,No,Yes
2309,https://en.wind-turbine-models.com/turbines/2309-enercon-e-160-ep5-e3,Enercon,Enercon E-160 EP5 E3,5560,160,20106,3,98,2.5,28,12,11.5,multi-pole synchronous generator (PMG),,steel tube / hybrid HST,80000,,,,,755.2,50/60 Hz,2021,No,Yes
2472,https://en.wind-turbine-models.com/turbines/2472-enercon-e-175-ep5,Enercon,Enercon E-175 EP5,6000,175,24000,3,112,2,25,12.5,,permanent magnet synchronous,,steel tube / hybrid,,,,,,,50/60 Hz,2024,No,Yes
2537,https://en.wind-turbine-models.com/turbines/2537-enercon-e-175-ep5-e2-6-0mw,Enercon,Enercon E-175 EP5 E2 6.0MW,6000,175,24000,3,,,,,,permanent magnet,,,,,,,,,50/60 Hz,2026,No,Yes
2643,https://en.wind-turbine-models.com/turbines/2643-enercon-e-175-ep5-e2-7-0mw,Enercon,Enercon E-175 EP5 E2 7.0MW,7000,175,24053,3,112,2.5,25,,,multipole synchronous generator (PMG),,steel tube / hybrid,,,,,,690,50/60 Hz,,No,Yes
1456,https://en.wind-turbine-models.com/turbines/1456-energovars-ewt315,Energovars,Energovars EWT315,315,30,706.9,3,30,3.5,24,,33,induction,,steel tube,,,,,,,,,No,Yes
2170,https://en.wind-turbine-models.com/turbines/2170-energovars-ewt630,Energovars,Energovars EWT630,630,41,1320,3,40,4,24,19.5,29,asynchronous,,steel tube,21300,,34800,,,690,50 Hz,,No,Yes
2648,https://en.wind-turbine-models.com/turbines/2648-enerk-te-ek100,EnerKíte,EnerKíte EK100,100,6.2,30,2,80,,,10,,,,cabels,,,,,,,,2024,No,Yes
514,https://en.wind-turbine-models.com/turbines/514-enertech-e-44a,Enertech,Enertech E 44A,40,13,133,3,25,5.4,22.4,13.4,,Asynchronus,,Steel tube/Lattice,2100,,,,,480,50 Hz,,No,Yes
515,https://en.wind-turbine-models.com/turbines/515-enertech-e-1500,Enertech,Enertech E 1500,1.5,4,12.6,3,,4,20,10,,,,,100,,,,,120,,,No,Yes
516,https://en.wind-turbine-models.com/turbines/516-enertech-thunderbird-4000,Enertech,Enertech Thunderbird 4000,4,5.5,23.8,3,18,3.6,,,,,,Lattice,,,,,,220,,,No,Yes
2746,https://en.wind-turbine-models.com/turbines/2746-enerwin-korea-s-sawt-3kw,Enerwin Korea,Enerwin Korea S-SAWT 3kW,3,3,7,3,10,1.5,13,9,,,,steel tube,,,,,,,,2014,No,Yes
2477,https://en.wind-turbine-models.com/turbines/2477-enerwings-albatros,Enerwings,Enerwings Albatros,200,34,908,3,50,,,,,synchronous permanent,,steel tube,,,,,,,,,No,Yes
1757,https://en.wind-turbine-models.com/turbines/1757-enessere-s-r-l-hercules,ENESSERE S.r.l.,ENESSERE S.r.l. Hercules,3.4,3.8,9.3,3,8.89,2.5,20,,200,3 kW Magnetic Three-Phase Permanent. Exterior Rotor,,steel tube,,700,,,,360,50 Hz,,No,Yes
1758,https://en.wind-turbine-models.com/turbines/1758-enessere-s-r-l-pegasus,ENESSERE S.r.l.,ENESSERE S.r.l. Pegasus,3.4,3.8,9.3,3,8.89,2.5,20,,200,3 kW Magnetic Three-Phase Permanent. Exterior Rotor,,steel tube,,700,,,,360,50 Hz,,No,Yes
1432,https://en.wind-turbine-models.com/turbines/1432-ennera-energy-windera-s,Ennera Energy,Ennera Energy windera s,3.2,4.4,14.9,3,12,3,25,11,225,synchronous,,free standing,200,,,,,400,50 Hz,,No,Yes
108,https://en.wind-turbine-models.com/turbines/108-eno-energy-eno-82-2-0,eno energy,eno energy eno 82 2.0,2050,82.4,5333,3,58.6,3,25,13,17.9,Synchronous,,Steel tube,,,,,,690,50.0 Hz,,No,Yes
1934,https://en.wind-turbine-models.com/turbines/1934-eno-energy-eno-82-1-5,eno energy,eno energy eno 82 1.5,1500,82.4,5333,3,58.6,3,25,12,16.8,synchronous. brushless excitation,,steel tube,,,,,,690,50/60 Hz,,No,Yes
652,https://en.wind-turbine-models.com/turbines/652-eno-energy-eno-92,eno energy,eno energy eno 92,2200,92.8,6764,3,103,3,25,13,14.8,Synchronous,,Steel tube,,,,,,690,50.0 Hz,,No,Yes
651,https://en.wind-turbine-models.com/turbines/651-eno-energy-eno-100,eno energy,eno energy eno 100,2200,100.5,7926,3,99,3,25,12,14.2,Synchronous,,Steel tube,,,,,,690,50.0 Hz,,No,Yes
283,https://en.wind-turbine-models.com/turbines/283-eno-energy-eno-114-3-5,eno energy,eno energy eno 114 3.5,3500,114.9,10369,3,92,3,25,13,13.2,synchronus,,Steel tube/ concrete,,,,,,690,50 Hz,2012,No,Yes
1473,https://en.wind-turbine-models.com/turbines/1473-eno-energy-eno-114-4-0,eno energy,eno energy eno 114 4.0,4000,114.9,10369,3,92,3,25,13.5,11.8,synchronous,,steel tube / hybrid*,,,,,,690,50.0 Hz,,No,Yes
1742,https://en.wind-turbine-models.com/turbines/1742-eno-energy-eno-114-4-8,eno energy,eno energy eno 114 4.8,4800,114.9,10369,3,92,3,25,14,11.8,synchronous,,steel tube,,,,,,690,50 Hz,,No,Yes
653,https://en.wind-turbine-models.com/turbines/653-eno-energy-eno-126-3-5,eno energy,eno energy eno 126 3.5,3500,126,12468,3,117,3,25,13,12.8,Synchronous,,Steel tube/ concrete,,,,,,690,50.0 Hz,,No,Yes
1484,https://en.wind-turbine-models.com/turbines/1484-eno-energy-eno-126-4-0,eno energy,eno energy eno 126 4.0,4000,126,12468,3,97,3,25,13,11.2,synchronous,,steel tube / hydrid,,,,,,,50 Hz,,No,Yes
1741,https://en.wind-turbine-models.com/turbines/1741-eno-energy-eno-126-4-8,eno energy,eno energy eno 126 4.8,4800,126,12469,3,87,3,25,14,11.2,synchronous,,steel tube,,,,,,,50 Hz,,No,Yes
2302,https://en.wind-turbine-models.com/turbines/2302-eno-energy-eno-136,eno energy,eno energy eno 136,4500,136.4,14612,3,81,3,25,13,12,synchronous,,,,,,,,,50 Hz,,No,Yes
2471,https://en.wind-turbine-models.com/turbines/2471-eno-energy-eno-140,eno energy,eno energy eno 140,4200,140.8,15570,3,109,3,22,12,9.8,,,,,,,,,,,,No,Yes
2301,https://en.wind-turbine-models.com/turbines/2301-eno-energy-eno-152,eno energy,eno energy eno 152,5600,151.3,17979,3,124,3,25,13.5,10.2,synchronous,,steel tube / hybrid,,,,,,,50 Hz,,No,Yes
2300,https://en.wind-turbine-models.com/turbines/2300-eno-energy-eno-160,eno energy,eno energy eno 160,6000,160,20100,3,100,3,24,13.5,9.8,,,steel tube / hybrid,,,,,,,50/60 Hz,,No,Yes
2652,https://en.wind-turbine-models.com/turbines/2652-eno-energy-eno-175-7-x,eno energy,"eno energy eno 175 7,x",7000,175,24100,3,165,3,20,,8.5,Electrically excited synchronous generator,,hybrid,,,,,,,50/60 Hz,,No,Yes
371,https://en.wind-turbine-models.com/turbines/371-enron-1-5-s,Enron,Enron 1.5 s,1500,70.5,3902,3,65,3,25,12,20,Double Fed Asyn,,Steel tube,49000,28000,132000,,,690,50 Hz,,No,Yes
91,https://en.wind-turbine-models.com/turbines/91-enron-1-5-s-offshore,Enron,Enron 1.5 s offshore,1500,70.5,3902,3,65,3,25,12,20,Double Fed Asyn,,Steel tube,49000,28000,76000,,,690,50 Hz,,Yes,No
18,https://en.wind-turbine-models.com/turbines/18-enron-1-5-sl,Enron,Enron 1.5 sl,1500,77,4657,3,61,3,25,11.8,18,Double Fed Asyn,,Steel tube,49000,31000,158000,,,690,50 Hz,,No,Yes
111,https://en.wind-turbine-models.com/turbines/111-enron-750i,Enron,Enron 750i,750,50,1963,3,55,4,29,11.3,32.3,Double Fed Asyn,,Steel tube,21500,14500,49000,,,690,50/60 Hz,,No,Yes
395,https://en.wind-turbine-models.com/turbines/395-enron-900s,Enron,Enron 900s,900,55,2206,3,60,4,25,11.6,28,Double Fed Asyn,,Steel tube,27000,14000,64000,,,690,50 Hz,,No,Yes
1521,https://en.wind-turbine-models.com/turbines/1521-envision-en-70-1-5,Envision,Envision EN-70 / 1.5,1500,70.6,3915,3,65,4,25,11.6,,double fed induction,,steel tube,,,,,,690,50/60 Hz,,No,Yes
1522,https://en.wind-turbine-models.com/turbines/1522-envision-en-77-1-5,Envision,Envision EN-77 / 1.5,1500,77.5,4718,3,65,3.5,25,11.5,,double fed induction,,steel tube,,,,,,690,50/60 Hz,,No,Yes
1523,https://en.wind-turbine-models.com/turbines/1523-envision-en-82-1-5,Envision,Envision EN-82 / 1.5,1500,82.5,5346,3,65,3,25,10.5,,double fed induction,,steel tube,,,,,,690,50/60 Hz,,No,Yes
1524,https://en.wind-turbine-models.com/turbines/1524-envision-en-87-1-5,Envision,Envision EN-87 / 1.5,1500,87,5945,3,70,3,25,10,,double fed induction,,steel tube,,,,,,690,50/60 Hz,,No,Yes
1513,https://en.wind-turbine-models.com/turbines/1513-envision-en-93-1-5,Envision,Envision EN-93 / 1.5,1500,93,6793,3,80,3,20,9.5,,double fed induction,,steel tube,,,,,,690,50 Hz,,No,Yes
1514,https://en.wind-turbine-models.com/turbines/1514-envision-en-106-1-8,Envision,Envision EN-106 / 1.8,1800,106,8825,3,80,3,20,9.5,,double fed induction,,steel tube,,,,,,690,50 Hz,,No,Yes
1515,https://en.wind-turbine-models.com/turbines/1515-envision-en-110-2-1,Envision,Envision EN-110 / 2.1,2100,110,9503,3,80,3,20,9.5,,double fed induction,,steel tube,,,,,,690,50 Hz,,No,Yes
1516,https://en.wind-turbine-models.com/turbines/1516-envision-en-110-2-2,Envision,Envision EN-110 / 2.2,2200,110,9503,3,80,3,20,9.5,,double fed induction,,steel tube,,,,,,690,50 Hz,,No,Yes
288,https://en.wind-turbine-models.com/turbines/288-envision-en-100-2-3,Envision,Envision EN-100 / 2.3,2300,99.7,7807,3,80,4,20,10.3,,double fed induction,,steel tube,,,,,,690,50/60 Hz,,No,Yes
1520,https://en.wind-turbine-models.com/turbines/1520-envision-en-103-2-3,Envision,Envision EN-103 / 2.3,2300,103,8332,3,80,4,25,10.5,,double fed induction,,steel tube,,,,,,690,50 Hz,,No,Yes
1517,https://en.wind-turbine-models.com/turbines/1517-envision-en-110-2-3,Envision,Envision EN-110 / 2.3,2300,110,9503,3,80,3,25,10,,double fed induction,,steel tube,,,,,,690,50 Hz,,No,Yes
1506,https://en.wind-turbine-models.com/turbines/1506-envision-en-115-2-3,Envision,Envision EN-115 / 2.3,2300,115,10387,3,80,3,20,9.4,,double fed induction,,steel tube,,,,,,690,50/60 Hz,,No,Yes
1507,https://en.wind-turbine-models.com/turbines/1507-envision-en-128-2-3,Envision,Envision EN-128 / 2.3,2300,128,12868,3,80,2.8,20,9,,double fed induction,,steel tube,,,,,,690,50/60 Hz,,No,Yes
1508,https://en.wind-turbine-models.com/turbines/1508-envision-en-110-2-5,Envision,Envision EN-110 / 2.5,2500,110,9503,3,80,3,25,10,,double fed induction,,steel tube,,,,,,690,50/60 Hz,,No,Yes
1509,https://en.wind-turbine-models.com/turbines/1509-envision-en-128-2-5,Envision,Envision EN-128 / 2.5,2500,128,12868,3,80,3,25,9.5,,double fed induction,,steel tube,,,,,,690,50/60 Hz,,No,Yes
1760,https://en.wind-turbine-models.com/turbines/1760-envision-en-131-2-5,Envision,Envision EN-131 / 2.5,2500,131,13519,3,106.4,3,20,,,,,steel tube,,,,13600,,,50 Hz,,No,Yes
1510,https://en.wind-turbine-models.com/turbines/1510-envision-en-132-2-8,Envision,Envision EN-132 / 2.8,2800,132,13685,3,80,3,20,11,,double fed induction,,steel tube,,,,,,690,50/60 Hz,,No,Yes
1280,https://en.wind-turbine-models.com/turbines/1280-envision-en-120-3-0,Envision,Envision EN-120 / 3.0,3000,120,11310,3,90,3,25,11,,Eco-Swing HTS superconducting,,steel tube,,,,,,690,50/60 Hz,,No,Yes
1761,https://en.wind-turbine-models.com/turbines/1761-envision-en-140-3-0,Envision,Envision EN-140 / 3.0,3000,140,15386,3,90,3,20,,,induction double-fed,,steel tube,,,,11500,,,50 Hz,,No,Yes
1518,https://en.wind-turbine-models.com/turbines/1518-envision-en-130-4-0,Envision,Envision EN-130 / 4.0,4000,130,13273,3,80,3,25,12,,induction,,steel tube,,,,,,690,50 Hz,,No,Yes
1519,https://en.wind-turbine-models.com/turbines/1519-envision-en-136-4-0,Envision,Envision EN-136 / 4.0,4000,136,14527,3,80,3,25,10,,induction,,steel tube,,,,,,690,50 Hz,,No,Yes
1511,https://en.wind-turbine-models.com/turbines/1511-envision-en-130-4-2,Envision,Envision EN-130 / 4.2,4200,130,13273,3,80,3,25,12,,synchronous,,steel tube,,,,,,750,50/60 Hz,,Yes,Yes
1512,https://en.wind-turbine-models.com/turbines/1512-envision-en-136-4-2,Envision,Envision EN-136 / 4.2,4200,136,14527,3,80,3,25,10.5,,synchronous,,steel tube,,,,,,750,50/60 Hz,,Yes,Yes
1759,https://en.wind-turbine-models.com/turbines/1759-envision-en-148-4-5,Envision,Envision EN-148 / 4.5,4500,148,17087,3,106,3,25,,,,,steel tube,,,,,,,50/60 Hz,,Yes,Yes
1939,https://en.wind-turbine-models.com/turbines/1939-envision-en-121-3-4,Envision,Envision EN-121 / 3.4,3400,121,11499,3,80,3,25,,,,,steel tube,,,,,,,50 Hz,,No,Yes
284,https://en.wind-turbine-models.com/turbines/284-envision-e-128-3-6-pp-2b,Envision,Envision E-128 / 3.6 PP 2B,3600,128,12868,2,88,3,25,11.5,15,Permanent Magnet,,steel tube,225000,225000,,,,730,50/60 Hz,,Yes,Yes
1942,https://en.wind-turbine-models.com/turbines/1942-envision-en-141-2-5,Envision,Envision EN-141 / 2.5,2500,141,15614,3,105,3,20,,,,,steel tube,,,,,,,50 Hz,,No,Yes
1940,https://en.wind-turbine-models.com/turbines/1940-envision-en-141-3-0,Envision,Envision EN-141 / 3.0,3000,141,15164,3,106.4,3,20,,,,,steel tube,,,,,,,50 Hz,,No,Yes
2796,https://en.wind-turbine-models.com/turbines/2796-envision-en-156-3-3,Envision,Envision EN-156 / 3.3,3300,156,19113,3,120,3,25,,,Doubly-fed induction,,Steel tubular / Hydrid,,,,,,950,50 Hz,,No,Yes
2797,https://en.wind-turbine-models.com/turbines/2797-envision-en-156-4-x,Envision,Envision EN-156 / 4.X,5000,156,19113,3,,3,25,,,Doubly-fed induction,,Steel tubular / Hybrid,,,,,,1140,50 Hz,,No,Yes
2247,https://en.wind-turbine-models.com/turbines/2247-envision-en-161-5-2,Envision,Envision EN-161 / 5.2,5200,161,20358,3,,,,,,,,steel tube /*hybrid,,,,,,,,,No,No
2798,https://en.wind-turbine-models.com/turbines/2798-envision-en-171-4-x,Envision,Envision EN-171 / 4.X,4800,170.8,22912,3,120,3,25,,,Doubly-fed induction generator (DFIG),,steel tubular / Hybrid,,,,,,1140,50 / 60 Hz,,No,Yes
2799,https://en.wind-turbine-models.com/turbines/2799-envision-en-171-5-x,Envision,Envision EN-171 / 5.X,5000,170.8,22912,3,120,3,25,,,Doubly-fed induction generator (DFIG),,steel tubular / Hybrid,,,,,,1140,50 / 60 Hz,,No,Yes
2578,https://en.wind-turbine-models.com/turbines/2578-envision-en-171-6-x,Envision,Envision EN-171 / 6.X,6500,170.8,22912,3,120.6,3,25,13.4,10,Doubly-fed induction generator (DFIG),,steel tubular / Hybrid,,,,,,1140,50 / 60 Hz,,No,Yes
2800,https://en.wind-turbine-models.com/turbines/2800-envision-en-171-8-x,Envision,Envision EN 171 / 8.X,8000,170.8,22912,3,120,3,25,,,Doubly-fed induction generator (DFIG),,steel tubular / Hybrid,,,,,,1140,50 / 60 Hz,,No,Yes
2801,https://en.wind-turbine-models.com/turbines/2801-envision-en-182-5-x,Envision,Envision EN-182 / 5.X,5000,181.1,25759,3,130,3,25,,,Doubly-fed induction generator (DFIG),,Steel Tubular / Hybrid,,,,,,1140,50 / 60 Hz,,No,Yes
2802,https://en.wind-turbine-models.com/turbines/2802-envision-en-182-6-x,Envision,Envision EN-182 / 6.X,6250,181.1,25759,3,130,3,25,,,Doubly-fed induction generator (DFIG),,Steel Tubular / Hybrid,,,,,,1140,50 / 60 Hz,,No,Yes
2803,https://en.wind-turbine-models.com/turbines/2803-envision-en-182-8-x,Envision,Envision EN-182 / 8.X,8000,181.1,25759,3,130,3,25,,,Doubly-fed induction generator (DFIG),,Steel Tubular / Hybrid,,,,,,1140,50 / 60 Hz,,No,Yes
2420,https://en.wind-turbine-models.com/turbines/2420-envision-en-190-8-0,Envision,Envision EN-190 / 8.0,8000,190,28353,3,,,,,,,,,,,,,,,,2022,Yes,Yes
2419,https://en.wind-turbine-models.com/turbines/2419-envision-en-200-7-0,Envision,Envision EN-200 / 7.0,7000,200,31415,3,,,,,,,,,,,,,,,,2022,Yes,Yes
2794,https://en.wind-turbine-models.com/turbines/2794-envision-en-226-8-5,Envision,Envision EN-226 / 8.5,8500,226,40095,3,131,3,25,,,Doubly-fed induction,,steel tubular,,,,,,1140,50/60 Hz,,Yes,No
2795,https://en.wind-turbine-models.com/turbines/2795-envision-en-252-16-7,Envision,Envision EN-252 / 16.7,16700,252,49876,3,153,3,25,,,Permanent Magnetic Generator (PMG),,steel tubular,,,,,,1250,50 Hz,,Yes,No
2785,https://en.wind-turbine-models.com/turbines/2785-eocycle-eo10,Eocycle,Eocycle EO10,11.5,15.8,196,3,16,2.8,20,6,53,syncronous permanent,,steel tube with tilt-up tower,,,,,,,,,No,Yes
1640,https://en.wind-turbine-models.com/turbines/1640-eocycle-eo20,Eocycle,Eocycle EO20,20,15.8,196.3,3,17,2.8,20,7.5,53,synchronous permanent,,steel tube,,,,,,,,,No,Yes
2787,https://en.wind-turbine-models.com/turbines/2787-eocycle-eox-m-21,Eocycle,Eocycle EOX M-21,100,21,346.4,3,32,2.8,20,10,57,PM Generator,,free-standing steel tube and tilt-up,,,,,,400,50 / 60 Hz,,No,Yes
1641,https://en.wind-turbine-models.com/turbines/1641-eocycle-eo25,Eocycle,Eocycle EO25,25,12.6,125.1,3,18,3.2,25,11,90,transverse flux synchronous permanent magnet,,steel tube,,,,,,480,60 Hz,,No,Yes
2788,https://en.wind-turbine-models.com/turbines/2788-eocycle-eox-m-26,Eocycle,Eocycle EOX M-26,90,26,530,3,32,2.8,20,7.5,55,PM Generator,,free standing steel tube,,,,,,400,50 / 60  Hz,,No,Yes
685,https://en.wind-turbine-models.com/turbines/685-eolart-eol-ck-60,EolArt,EolArt EOL-CK-60,60,17.8,249,3,24,2,25,10,72,Synchronous multi-pole,,Steel tube,4200,400,6000,,10600,400,50 Hz,,No,Yes
1865,https://en.wind-turbine-models.com/turbines/1865-eolica-2kw,Eolica,Eolica 2kW,2,,,3,,,,,,synchronous permanent,,steel tube,,,,,,,,,No,Yes
1802,https://en.wind-turbine-models.com/turbines/1802-eolys-metronome-12-kw,EOLYS,EOLYS METRONOME 12 KW,10,9,63,3,11,3,20,11.5,150,synchronous permanent,,steel tube HYDRAULIC TIP-UP MAST,400,200,,,,,50 Hz,,No,Yes
1803,https://en.wind-turbine-models.com/turbines/1803-eolys-metronome-55,EOLYS,EOLYS METRONOME 55,52,16.4,199,3,18,,,,75,synchronous permanent,,steel tube,2200,500,,,,400,50 Hz,,No,Yes
1691,https://en.wind-turbine-models.com/turbines/1691-eovent-eva120-h-darrieus,Eovent,Eovent EVA120 H-Darrieus,20,10,120,3,23.5,2.5,16,9.3,,synchronous,,concrete/steel tube,,,,,,,50 Hz,,No,Yes
55,https://en.wind-turbine-models.com/turbines/55-eozen-eozen-1500-70,Eozen,Eozen EOZEN 1500/70,1500,70,3850,3,65,3,25,13.5,19,Synchronous permanent,,Steel tube,,,,,,690,50 Hz,,No,Yes
819,https://en.wind-turbine-models.com/turbines/819-eozen-eozen-1500-77,Eozen,Eozen EOZEN 1500/77,1500,77,4857,3,61.5,3,22,13,17.3,Synchronous permanent,,Steel tube,,,,,,690,50 Hz,,No,Yes
967,https://en.wind-turbine-models.com/turbines/967-eozen-eozen-1500-78,Eozen,Eozen EOZEN 1500/78,1500,78,4820,3,61.5,3,22,10.9,17.3,Synchronous,,Steel tube,,,,,,690,50 Hz,,No,Yes
968,https://en.wind-turbine-models.com/turbines/968-eozen-eozen-1500-82,Eozen,Eozen EOZEN 1500/82,1500,82,5281,3,85,3,22,10.1,17.3,Synchronous,,Steel tube,,,,,,690,50 Hz,,No,Yes
1936,https://en.wind-turbine-models.com/turbines/1936-ergowind-ew-20,Ergowind,Ergowind EW 20,20,10.8,92,3,20,3,25,10,78,induction,,steel tube Raisable/lowerable,,,,,1100,400,50 Hz,,No,Yes
1104,https://en.wind-turbine-models.com/turbines/1104-ergowind-kge-20-kt1,Ergowind,Ergowind KGE 20 KT1,20,10.8,91,3,15,3,20,11,78,asynchronous,,steel tube,1500,,,,,400,50 Hz,,No,Yes
1937,https://en.wind-turbine-models.com/turbines/1937-ergowind-ew-50,Ergowind,Ergowind EW 50,50,16,200,3,24,3,25,10.5,60,induction,,Polygonal section tower with lowerable/raisable hydraulic system,,,,,2600,400,50 Hz,,No,Yes
1103,https://en.wind-turbine-models.com/turbines/1103-ergowind-kge-55-kt1v2,Ergowind,Ergowind KGE 55 KT1v2,55,16,201,3,20,3,25,11,60,asynchronous,,steel tube,2500,,,,,400,50 Hz,,No,Yes
1938,https://en.wind-turbine-models.com/turbines/1938-ergowind-ew-60,Ergowind,Ergowind EW 60,60,16,200,3,24,3,25,12,60,induction,,Polygonal section tower with lowerable/raisable hydraulic system,,,,,2600,400,50 Hz,,No,Yes
2171,https://en.wind-turbine-models.com/turbines/2171-erini-22kw,Erini,Erini 22kW,22,13.6,145,3,18,,,,,asynchronous,,lattice,,,,,,,,1978,No,Yes
518,https://en.wind-turbine-models.com/turbines/518-energy-sciences-esi-54-s,Energy Sciences,Energy Sciences ESI-54-S,85,16.5,214,2,24,4,20,16.5,77,Asynchronus,,Lattice,,,,,4500,480,60 Hz,,No,Yes
517,https://en.wind-turbine-models.com/turbines/517-energy-sciences-esi-80-200,Energy Sciences,Energy Sciences ESI-80/200,200,24.3,468,2,24,,,,60,,,Lattice,,,,,,480,60 Hz,,No,Yes
2483,https://en.wind-turbine-models.com/turbines/2483-espe-fx-evo-16-20-40,ESPE,ESPE FX EVO 16-20-40,19.8,15.9,199.5,3,40,3,25,8,70,Synchronous radial flux permanent magnet generator - external use,,Flanged,4400,,16800,,21200,480,50 Hz,,No,Yes
2484,https://en.wind-turbine-models.com/turbines/2484-espe-fx-evo-21-50,ESPE,ESPE FX EVO 21-50,49.9,20.7,336.4,3,34.5,2.5,25,8.5,65,Synchronous radial flux permanent magnet generator - external use,,Flanged / slip joint,7500,,12000,,19500,480,50 Hz,,No,Yes
2485,https://en.wind-turbine-models.com/turbines/2485-espe-fx-evo-23-60,ESPE,ESPE FX EVO 23-60,59.9,23,415.3,3,34.5,2.5,25,8.5,75,Synchronous radial flux permanent magnet generator - external use,,Flanged / slip joint,8100,,15000,,23100,480,50 Hz,,No,Yes
2482,https://en.wind-turbine-models.com/turbines/2482-espe-fx-evo-30b-100,ESPE,ESPE FX EVO 30B-100,99.8,30,706.5,2,30,2.5,25,10,40,Synchronous radial flux permanent magnet generator - external use,,Flanged,11400,,16100.000000000002,,27500,410,50 Hz,2020,No,Yes
1530,https://en.wind-turbine-models.com/turbines/1530-espe-fx-evo-32-60,ESPE,ESPE FX EVO 32-60,60,32,803,3,33.5,2,18,7,,Soga,,,10500,,,,,,,,No,Yes
2517,https://en.wind-turbine-models.com/turbines/2517-evance-iskra-r9000,Evance,Evance ISKRA R9000,5,5.4,22.9,3,9,2.5,60,12,230,brushless direct drive air-cored high efficiency Permanent Magnet Alternator,,Free-standing (monopole) or guyed,300,,,,,400,50/60 Hz,,Yes,Yes
138,https://en.wind-turbine-models.com/turbines/138-eviag-ev2-93,eviag,eviag ev2.93,2050,93.2,6822,,85,3.5,25,11.5,17.7,,,,,,,,,690,,,No,Yes
1606,https://en.wind-turbine-models.com/turbines/1606-evoco-10kw,Evoco,Evoco 10kW,9.6,9.7,74,3,12,2.5,59.5,11,,Variable Frequency Brushless PMG,,Hydraulic steel towers,,,,,,500,50 Hz,,No,Yes
2031,https://en.wind-turbine-models.com/turbines/2031-extol-wind-ex-55,Extol Wind,Extol Wind EX-55,1000,55,2375.8,3,60,3,24,12,30,PMSG,,steel tube,,,,,,690,50/60 Hz,,No,Yes
2032,https://en.wind-turbine-models.com/turbines/2032-extol-wind-ex-100,Extol Wind,Extol Wind EX-100,2500,100,7857,3,100,3,24,11.5,17,PMSG,,steel tube,,,,,,690,50/60 Hz,,No,Yes
236,https://en.wind-turbine-models.com/turbines/236-f-l-smidth-2-vingers,F.L.Smidth,F.L.Smidth 2 vingers,60,,,,,,,,,,,,,,,,,,,,No,Yes
235,https://en.wind-turbine-models.com/turbines/235-f-l-smidth-3-vingers,F.L.Smidth,F.L.Smidth 3 vingers,60,24,452,3,30,,,,,DC generator,,concrete,,,,,,,50 Hz,1941,No,Yes
521,https://en.wind-turbine-models.com/turbines/521-fayette-windway-34-75-iis,Fayette,Fayette Windway 34-75 IIS,75,10.3,83,3,12,6.7,40.2,20,112,two speed induction,,hollow steel structure with six point guy wire system,,1000,,,,480,60 Hz,1981,No,Yes
2731,https://en.wind-turbine-models.com/turbines/2731-fayette-34-95-iis,Fayette,Fayette 34-95-IIS,95,10.3,83,3,12.2,4.5,40.2,17.9,112,induction. two speed,,steel pipe with double guys on two levels,1500,1000,,,,480,60 Hz,1982,No,Yes
2730,https://en.wind-turbine-models.com/turbines/2730-fayette-model-400,Fayette,Fayette Model 400,400,21.5,363,3,24.5,5.4,,25,50,induction,,structural grade pipe with double guy on two levels,6800,5000,7300,,19000,460,60 Hz,1983,No,Yes
927,https://en.wind-turbine-models.com/turbines/927-fh-wiesbaden-uewg-trebur,FH Wiesbaden / ÜWG,FH Wiesbaden / ÜWG Trebur,0.3,3.6,10.2,24,12,,,5,,,,Lattice,,,,,,,,1992,No,Yes
928,https://en.wind-turbine-models.com/turbines/928-floda-floda-500,Floda,Floda Floda 500,500,36,1017.9,3,,,,,,,,,,,,,,,,,No,Yes
933,https://en.wind-turbine-models.com/turbines/933-floda-floda-600,Floda,Floda Floda 600,600,45.8,1647,3,40,3,35,11.5,30,asynchronous,,steel tube,27000,,60000,1400,98000,690,50.0 Hz,1990,No,Yes
2318,https://en.wind-turbine-models.com/turbines/2318-flower-turbines-3-meter-model,Flower Turbines,Flower Turbines 3-Meter Model,1,1,0.8,2,,,,,150,synchronous,,steel tube,,,,,,,,,Yes,Yes
2371,https://en.wind-turbine-models.com/turbines/2371-flowind-flowind-ehd,FloWind,FloWind FloWind EHD,400,17,536,3,42,4.5,27,,,induction,,steel tube,,17800,,,,,50 Hz,1994,No,Yes
523,https://en.wind-turbine-models.com/turbines/523-flowind-flowind-17,FloWind,FloWind FloWind 17,142,17,260,2,,,,19.6,,,,,,,,,,,,,No,Yes
522,https://en.wind-turbine-models.com/turbines/522-flowind-flowind-19,FloWind,FloWind FloWind 19,250,19.2,340,2,25,5,,17,,induction,,steel tube,,10900,,,,,,1984,No,Yes
2372,https://en.wind-turbine-models.com/turbines/2372-flowind-flowind-25,FloWind,FloWind FloWind 25,381,25,515,2,,,,,,,,,,,,,,,,1986,No,Yes
140,https://en.wind-turbine-models.com/turbines/140-fly-tech-56-100,Fly-Tech ветротурбин,Fly-Tech ветротурбин 56-100,107.5,17,,,18,5,22,13,72,,,rolled steel,3700,3000,4700,,,,,,No,Yes
2142,https://en.wind-turbine-models.com/turbines/2142-fortis-passaat-1-4-kw,Fortis,Fortis Passaat 1.4 kW,1.4,3.1,7.6,3,12,2.5,60,16,775,Brushless permanent 12-pole,,guyed steel tubular / free standing tube mast,100,,,,,24,0-70 Hz,,Yes,Yes
2143,https://en.wind-turbine-models.com/turbines/2143-fortis-montana-5-kw,Fortis,Fortis Montana 5 kW,5,5,19.6,3,12,2.5,60,17,450,brushless permanent magnet 9-pole,,guyed steel tubular / free standing tube mast,200,,,,,230,0-70 Hz,,Yes,Yes
2144,https://en.wind-turbine-models.com/turbines/2144-fortis-montana-q-6-kw,Fortis,Fortis Montana-Q 6 kW,6,5.3,21.6,3,12,2.5,60,12.5,450,brushless permanent magnet 9-pole,,guyed steel tubular / free standing tube mast,200,,,,,230,0-70 Hz,,Yes,Yes
354,https://en.wind-turbine-models.com/turbines/354-fortis-alize-10-kw,Fortis,Fortis Alize 10 kW,10,7,39,3,30.5,4,25,12,,synchronous,,Lattice,,,,,,,,,No,Yes
1527,https://en.wind-turbine-models.com/turbines/1527-fr-dahlgaard-vindrosemotorer,Fr. Dahlgaard,Fr. Dahlgaard Vindrosemotorer,,7,38.5,24,,,,,,,,lattice,,,,,,,,,No,Yes
2729,https://en.wind-turbine-models.com/turbines/2729-freen-6-kw,FREEN,FREEN 6 kW,6,6,18,,3,3,17,,,,,,,,,,500,,,,Yes,Yes
2617,https://en.wind-turbine-models.com/turbines/2617-freen-20-kw,FREEN,FREEN 20 kW,20,7,52,4,19,3.5,17,14.9,108,synchronous permanent magnet,,lattice,,,2600,,5000,400,50 Hz,,No,Yes
2616,https://en.wind-turbine-models.com/turbines/2616-freen-55-kw,FREEN,FREEN 55 kW,56.7,,,,21,3.3,16,,,,,,,,,,7000,,,,No,Yes
2602,https://en.wind-turbine-models.com/turbines/2602-friedrich-boese-10kw,Friedrich Böse,Friedrich Böse 10kW,10,8,50,4,7.5,,,,,Three-phase squirrel-cage rotor,,lattice,,,,,,400,50 Hz,1980,No,Yes
936,https://en.wind-turbine-models.com/turbines/936-frisia-f45-750kw,Frisia,Frisia F45/750kW,750,45,1590.4,3,63,,,13,,,,Stahlrohr,,,63000,,105000,,,1997,No,Yes
394,https://en.wind-turbine-models.com/turbines/394-frisia-f48-750,Frisia,Frisia F48/750,750,48,1810,3,65,3,20,13,29,synchronous,,Steel tube,26000,13000,72000,,111000,690,50.0 Hz,,No,Yes
52,https://en.wind-turbine-models.com/turbines/52-frisia-f56-850,Frisia,Frisia F56/850,850,56,2463,3,70,2,20,12,25,synchronous,,Steel tube,28000,16000,74000,,118000,690,50.0 Hz,,No,Yes
277,https://en.wind-turbine-models.com/turbines/277-fuhrlaender-fl-20,Fuhrländer,Fuhrländer FL 20,20,12.8,130,3,19,3,25,12,71,Asynchronus,,Lattice,1000,,5100,100,,400,50 Hz,,No,Yes
278,https://en.wind-turbine-models.com/turbines/278-fuhrlaender-fl-30,Fuhrländer,Fuhrländer FL 30,30,12.8,130,3,18,2.5,25,12,71,Asynchronus,,Lattice,1000,500,3000,100,4500,400,50.0 Hz,,No,Yes
400,https://en.wind-turbine-models.com/turbines/400-fuhrlaender-fl-md-70,Fuhrländer,Fuhrländer FL MD 70,1500,70,3848,3,65,3,25,11.6,19,Double Fed Asyn,,Steel tube/Lattice,52500,31700,,,,690,50 Hz,,No,Yes
357,https://en.wind-turbine-models.com/turbines/357-fuhrlaender-fl-md-77,Fuhrländer,Fuhrländer FL MD 77,1500,77,4657,3,61.5,3,20,11.1,17.3,Double Fed Asyn,,Tubular/Lattice,55500,33400,260000,,,690,50 Hz,,No,Yes
279,https://en.wind-turbine-models.com/turbines/279-fuhrlaender-fl-100-astos,Fuhrländer,Fuhrländer FL 100 astOs,100,21,346,3,35,2.5,25,13,46,Asynchronus,,Steel tube,6200,2800,21000,500,30000,400,50.0 Hz,,No,Yes
280,https://en.wind-turbine-models.com/turbines/280-fuhrlaender-fl-250,Fuhrländer,Fuhrländer FL 250,250,29.5,683,3,42,2.5,25,15,39,Asynchronus,,Steel tube,9500,2300,32000,800,44000,400,50.0 Hz,,No,Yes
281,https://en.wind-turbine-models.com/turbines/281-fuhrlaender-fl-800,Fuhrländer,Fuhrländer FL 800,800,52.7,2181,3,60,2.5,25,14,22,Asynchronus,,Steel tube,39000,17500,85000,,142000,690,50.0 Hz,,No,Yes
70,https://en.wind-turbine-models.com/turbines/70-fuhrlaender-fl-1000,Fuhrländer,Fuhrländer FL 1000,1000,54,2290,3,70,3,25,12,22,Asynchronus,,Steel tube,40500,18500,120000,,180000,690,50.0 Hz,,No,Yes
72,https://en.wind-turbine-models.com/turbines/72-fuhrlaender-fl-1000-plus,Fuhrländer,Fuhrländer FL 1000 plus,1000,54,2290,3,55,3,20,11.5,22,Asyncron,,Steel tube,40500,18500,120000,,,690,,,No,Yes
83,https://en.wind-turbine-models.com/turbines/83-fuhrlaender-fl-2500-90,Fuhrländer,Fuhrländer FL 2500/90,2500,90,6362,3,85,4,25,12.5,18.1,Double fed induction,,steel tube/lattice,96000,50000,350000,,500000,690,50 Hz,,No,Yes
347,https://en.wind-turbine-models.com/turbines/347-fuhrlaender-fl-2500-100,Fuhrländer,Fuhrländer FL 2500/100,2500,100,7854,3,85,3.5,25,12,16.5,Double fed induction,,steel tube / *lattice,96000,52000,350000,,500000,690,50/60 Hz,,No,Yes
1346,https://en.wind-turbine-models.com/turbines/1346-fuhrlaender-fl-2500-104,Fuhrländer,Fuhrländer FL 2500/104,2500,104,8495,3,85,3.5,25,13,17.1,Double fed induction,,steel tube/lattice,96000,52000,350000,,500000,690,50 Hz,,No,Yes
1500,https://en.wind-turbine-models.com/turbines/1500-fuhrlaender-llc-wtu2-0-93,Fuhrländer LLC,Fuhrländer LLC WTU2.0-93,2050,93,6822,3,70,3,25,12,17.7,double fed induction,,steel tube / latice*,78000,45900,240000,,363900,690,50 Hz,,No,Yes
1501,https://en.wind-turbine-models.com/turbines/1501-fuhrlaender-llc-wtu2-0-100,Fuhrländer LLC,Fuhrländer LLC WTU2.0-100,2050,100,7854,3,70,3,25,11.5,17,double fed induction,,steel tube / latice*,78000,49800,240000,,367800,690,50 Hz,,No,Yes
1497,https://en.wind-turbine-models.com/turbines/1497-fuhrlaender-llc-wtu2-5-90,Fuhrländer LLC,Fuhrländer LLC WTU2.5-90,2500,90,6352,3,85,3.5,25,13.5,18.1,double fed induction,,steel tube / latice*,96000,50000,350000,,496000,690,50 Hz,,No,Yes
1498,https://en.wind-turbine-models.com/turbines/1498-fuhrlaender-llc-wtu2-5-100,Fuhrländer LLC,Fuhrländer LLC WTU2.5-100,2500,100,7854,3,85,3,25,13,17.2,double fed induction,,steel tube / latice*,96000,51000,350000,,497000,690,50 Hz,,No,Yes
1499,https://en.wind-turbine-models.com/turbines/1499-fuhrlaender-llc-wtu2-5-103,Fuhrländer LLC,Fuhrländer LLC WTU2.5-103,2500,103,8332,3,85,3.5,25,12.5,17,double fed induction,,steel tube / latice*,96000,52000,350000,,498000,690,50 Hz,,No,Yes
1502,https://en.wind-turbine-models.com/turbines/1502-fuhrlaender-llc-wtu3-0-120,Fuhrländer LLC,Fuhrländer LLC WTU3.0-120,3000,120,11390,3,90,3,25,12,14.8,synchronous,,steel tube / hydrid*,105000,92000,298000,,495000,690,50/60 Hz,,No,Yes
1503,https://en.wind-turbine-models.com/turbines/1503-fuhrlaender-llc-wtu3-0-132,Fuhrländer LLC,Fuhrländer LLC WTU3.0-132,3000,132,13685,3,90,3,25,12,,synchronous,,steel tube / hydrid*,,,,,,690,50 Hz,,No,Yes
2634,https://en.wind-turbine-models.com/turbines/2634-fuhrlaender-llc-wtu3-2-120,Fuhrländer LLC,Fuhrländer LLC WTU3.2-120,3200,120,11310,3,90,3,25,12,16,synchronous,,steel tube / lattice*,,,,,,690,50/60 Hz,,No,Yes
2635,https://en.wind-turbine-models.com/turbines/2635-fuhrlaender-llc-wtu3-2-132,Fuhrländer LLC,Fuhrländer LLC WTU3.2-132,3200,132,13685,3,90,3,25,12,16,synchronous,,steel tube / lattice*,114000,,,,,690,50 Hz,,No,Yes
2633,https://en.wind-turbine-models.com/turbines/2633-fuhrlaender-llc-wtu3-5-120,Fuhrländer LLC,Fuhrländer LLC WTU3.5-120,3500,120.7,11448,3,90,3,25,13,16,medium-speed PMG,,tubular steel tower,,,,,,,50/60 Hz,,No,Yes
2632,https://en.wind-turbine-models.com/turbines/2632-fuhrlaender-llc-wtu4-5-151,Fuhrländer LLC,Fuhrländer LLC WTU4.5-151,4500,151,17908,3,120,3,20,12,,Doubly-fed induction generator (DFIG),,tubular steel tower,,,,,,,50/60 Hz,,No,Yes
893,https://en.wind-turbine-models.com/turbines/893-fuji-subaru-subaru-15-40,Fuji - Subaru,Fuji - Subaru Subaru 15/40,40,15,177,3,21,2,25,11,87,,,Steel tube,,,,,,,,2000,No,Yes
894,https://en.wind-turbine-models.com/turbines/894-fuji-subaru-subaru-22-100,Fuji - Subaru,Fuji - Subaru Subaru 22/100,100,22,380,2,24,2.5,25,13,80,Synchronous permanent,,Steel tube,,,,,,400,50 Hz,1999,No,Yes
892,https://en.wind-turbine-models.com/turbines/892-fuji-subaru-subaru-80-2-0,Fuji - Subaru,Fuji - Subaru Subaru 80/2.0,2000,80,5026,3,60,3,25,13,19.5,Double Fed Asyn,,Steel tube,,,,,,1400,50 Hz,2005,Yes,Yes
1743,https://en.wind-turbine-models.com/turbines/1743-futurenergy-airforce-10,FuturEnergy,FuturEnergy AirForce 10,10,8,50.3,3,12,,,,,synchronous permanent,,tapered tower,,,,,,,,,No,Yes
1039,https://en.wind-turbine-models.com/turbines/1039-fwt-90-2500,FWT,FWT 90/2500,2500,90,6352,3,85,3.5,25,13.5,18.1,doubly fed asynchronous,,steel tube / *lattice,96000,50000,350000,,496000,690,50 Hz,,No,Yes
1037,https://en.wind-turbine-models.com/turbines/1037-fwt-93-2000,FWT,FWT 93/2000,2050,93,6822,3,85,3,25,11.5,17.7,doubly fed asynchronous,,steel tube / *lattice,78000,45900,240000,,363900,690,50 Hz,,No,Yes
1038,https://en.wind-turbine-models.com/turbines/1038-fwt-100-2000,FWT,FWT 100/2000,2050,100,7854,3,85,3,25,11.5,17,doubly fed asynchronous,,steel tube / *lattice,78000,49800,240000,,367800,690,50 Hz,,No,Yes
1040,https://en.wind-turbine-models.com/turbines/1040-fwt-100-2500,FWT,FWT 100/2500,2500,100,7854,3,85,3.5,25,13,17.2,doubly fed asynchronous,,steel tube / *lattice,96000,51000,350000,,497000,690,50 Hz,,No,Yes
1041,https://en.wind-turbine-models.com/turbines/1041-fwt-104-2500,FWT,FWT 104/2500,2500,104,8495,3,85,3.5,25,12,16.5,doubly fed asynchronous,,steel tube / *lattice,96000,52000,350000,,498000,690,50 Hz,,No,Yes
1042,https://en.wind-turbine-models.com/turbines/1042-fwt-120-3000,FWT,FWT 120/3000,3000,120.6,11423,3,90,3,25,12,16,synchronous permanent,,steel tube / *hybrid,105000,92000,298000,,495000,720,50.0 Hz,,No,Yes
2375,https://en.wind-turbine-models.com/turbines/2375-gaelico-ga-wm-14s,Gaelico,Gaelico GA/WM-14S,55,14.5,166,3,18,4.5,25,11.5,,induction,,lattice,,,,,,380,50 Hz,1979,No,Yes
245,https://en.wind-turbine-models.com/turbines/245-gaia-133-11kw-lattice-tower,Gaia,Gaia 133-11kW lattice tower,11,13,133,2,15,3.5,25,7.5,56,,,Lattice,900,,2000,,2900,400,50.0 Hz,,No,Yes
719,https://en.wind-turbine-models.com/turbines/719-gaia-133-11kw-tubular-tower,Gaia,Gaia 133-11kW tubular tower,11,13,133,2,18,3.5,25,7.5,56,,,Steel tube,900,,5300,,6100,400,50.0 Hz,,No,Yes
769,https://en.wind-turbine-models.com/turbines/769-gamesa-g39,Gamesa,Gamesa G39,500,39,1195,3,40.5,4,25,15,30,Asynchronus,,Steel tube,18000,,58000,1100,,690,50 Hz,,No,Yes
770,https://en.wind-turbine-models.com/turbines/770-gamesa-g42,Gamesa,Gamesa G42,600,42,1357,3,40.5,4,25,16,30,Asynchronus,,Steel tube,17300,8400,41000,1200,66700,690,50 Hz,,No,Yes
771,https://en.wind-turbine-models.com/turbines/771-gamesa-g44,Gamesa,Gamesa G44,600,44,1521,3,40.5,4,20,16,28,Asynchronus,,Steel tube,19800,,58000,1500,,690,50 Hz,,No,Yes
772,https://en.wind-turbine-models.com/turbines/772-gamesa-g47,Gamesa,Gamesa G47,660,47,1735,3,40,4,25,15,28.5,Asynchronus,,Steel tube,20400,7200,66400,1300,94000,690,50 Hz,,No,Yes
45,https://en.wind-turbine-models.com/turbines/45-gamesa-g52,Gamesa,Gamesa G52,850,52,2124,3,44,4,25,13,30.8,Asynchronus,,Steel tube,23000,33000,90000,,,690,50/60 Hz,,No,Yes
762,https://en.wind-turbine-models.com/turbines/762-gamesa-g58,Gamesa,Gamesa G58,850,58,2642,3,44,3,20,12.5,30.8,Asynchronus,,Steel tube,,,,,,690,50/60 Hz,,No,Yes
776,https://en.wind-turbine-models.com/turbines/776-gamesa-g66,Gamesa,Gamesa G66,1650,66,3421,3,60,4,25,15,19,Asynchronus,,Steel tube,55000,23000,102000,,180000,690,50 Hz,,No,Yes
34,https://en.wind-turbine-models.com/turbines/34-gamesa-g80,Gamesa,Gamesa G80,2000,80,5027,3,60,3.5,25,12,19,Double Fed Asyn,,Steel tube,70000,38000,238000,6500,391000,690,50/60 Hz,,No,Yes
773,https://en.wind-turbine-models.com/turbines/773-gamesa-g83,Gamesa,Gamesa G83,2000,83,5411,3,67,4,25,13.5,19,Double Fed Asyn,,Steel tube,,,203000,7300,,690,50 Hz,,No,Yes
548,https://en.wind-turbine-models.com/turbines/548-gamesa-g87,Gamesa,Gamesa G87,2000,87,5945,3,67,4,25,13,19,Double Fed Asyn,,Steel tube,107000,37000,242000,6200,386000,690,50 Hz,,No,Yes
763,https://en.wind-turbine-models.com/turbines/763-gamesa-g90,Gamesa,Gamesa G90,2000,90,6362,3,67,3,21,11,19,Double Fed Asyn,,Steel tube,70000,36000,255000,5800,361000,690,50 Hz,,No,Yes
764,https://en.wind-turbine-models.com/turbines/764-gamesa-g97,Gamesa,Gamesa G97,2000,97,7390,3,78,3,25,11,17.8,Double Fed Asyn,,Steel tube,,,,,,690,50/60 Hz,,No,Yes
1337,https://en.wind-turbine-models.com/turbines/1337-gamesa-g106-2-5mw,Gamesa,Gamesa G106-2.5MW,2500,106,8825,3,72,2,25,12,14.6,Double fed induction,,steel tube,,,,,,690,50/60 Hz,,No,Yes
428,https://en.wind-turbine-models.com/turbines/428-gamesa-g114-2-0mw,Gamesa,Gamesa G114-2.0MW,2000,114,10207,3,93,2.5,25,10,16,Double Fed Asyn,,Steel tube/ concrete,,,,,,690,50/60 Hz,,No,Yes
1486,https://en.wind-turbine-models.com/turbines/1486-gamesa-g114-2-1mw,Gamesa,Gamesa G114-2.1MW,2100,114,10207,3,80,1,25,11.5,14.8,Double fed induction,,steel tube,,,,,,690,50/60 Hz,,No,Yes
765,https://en.wind-turbine-models.com/turbines/765-gamesa-g114-2-5mw,Gamesa,Gamesa G114-2.5MW,2500,114,10207,3,64,2,25,10,14.6,Double Fed Asyn,,Steel tube,,,,,,690,50/60 Hz,,No,Yes
1482,https://en.wind-turbine-models.com/turbines/1482-gamesa-g114-2-625mw,Gamesa,Gamesa G114-2.625MW,2625,114,10207,3,68,2,25,11,14.6,Double fed induction,,steel tube,,,,,,690,50/60 Hz,,No,Yes
1286,https://en.wind-turbine-models.com/turbines/1286-gamesa-g126-2-5mw,Gamesa,Gamesa G126-2.5MW,2500,126,12469,3,84,2,21,10,12.9,Double fed induction,,steel tube / hybrid,,,,,,690,50/60 Hz,,No,Yes
1483,https://en.wind-turbine-models.com/turbines/1483-gamesa-g126-2-625mw,Gamesa,Gamesa G126-2.625MW,2625,126,12469,3,84,1,25,11,12.9,Double fed induction,,steel tube,,,,,,690,50/60 Hz,,No,Yes
156,https://en.wind-turbine-models.com/turbines/156-gamesa-g128-4-5mw,Gamesa,Gamesa G128-4.5MW,4500,128,12868,3,81,1,27,12,,synchronous,,Steel tube/ concrete,,,,,,690,50/60 Hz,,No,Yes
767,https://en.wind-turbine-models.com/turbines/767-gamesa-g128-5-0mw,Gamesa,Gamesa G128-5.0MW,5000,128,12868,3,81,2,27,14,12,Synchronous permanent,,Steel tube,,,,,,690,50/60 Hz,,No,Yes
766,https://en.wind-turbine-models.com/turbines/766-gamesa-g128-5-0mw-offshore,Gamesa,Gamesa G128-5.0MW Offshore,5000,128,12868,3,81,2,27,14,12,Synchronous permanent,,Steel tube / concrete,,,,,,690,50/60 Hz,,Yes,No
1336,https://en.wind-turbine-models.com/turbines/1336-gamesa-g132-3-3mw,Gamesa,Gamesa G132-3.3MW,3300,132,13685,3,84,2,25,10,10.9,Double fed induction,,steel tube / concret,,,,,,690,50 Hz,,No,Yes
1481,https://en.wind-turbine-models.com/turbines/1481-gamesa-g132-3-465mw,Gamesa,Gamesa G132-3.465MW,3465,132,13685,3,84,3,25,11,10.9,double fed induction,,steel tube,,,,,,690,50/60 Hz,,No,Yes
768,https://en.wind-turbine-models.com/turbines/768-gamesa-g132-5-0mw,Gamesa,Gamesa G132-5.0MW,5000,132,13685,3,95,1.5,27,13,11.8,Synchronous permanent,,Steel tube,,,,,,690,50/60 Hz,,No,Yes
445,https://en.wind-turbine-models.com/turbines/445-garuda-g-700-54,Garuda,Garuda G 700.54,700,54,2290,3,73,3.5,24,11,26.5,Synchronous permanent,,Steel tube,,,,,,690,50.0 Hz,,No,Yes
446,https://en.wind-turbine-models.com/turbines/446-garuda-g-1700-84,Garuda,Garuda G 1700.84,1700,84,5537,3,80,3.5,24,10.8,17.1,Synchronous permanent,,Steel tube,,,,,,690,50.0 Hz,,No,Yes
2033,https://en.wind-turbine-models.com/turbines/2033-gc-china-gc54,GC China,GC China GC54,1000,54,2291,2,60,4,25,15,24.8,induction,,steel tube,40000,11800,63000,3800,114800,690,50/60 Hz,,No,Yes
2034,https://en.wind-turbine-models.com/turbines/2034-gc-china-gc57,GC China,GC China GC57,1000,57,2552,2,60,4,23,15,22.8,induction,,steel tube,40000,12000,63000,4000,115000,690,50/60 Hz,,No,Yes
2035,https://en.wind-turbine-models.com/turbines/2035-gc-china-gc59,GC China,GC China GC59,1000,59,2734,2,60,4,21,15,21,induction,,steel tube,40000,12200,63000,4200,115200,690,50/60 Hz,,No,Yes
565,https://en.wind-turbine-models.com/turbines/565-ge-vernova-ge-1-5s,GE Vernova,GE Vernova GE 1.5s,1500,70.5,3904,3,64.7,4,25,13,22.2,Double Fed Asyn,,Steel tube,,,,,,690,50 Hz,,No,Yes
654,https://en.wind-turbine-models.com/turbines/654-ge-vernova-ge-1-5se,GE Vernova,GE Vernova GE 1.5se,1500,70.5,3904,3,52.6,4,25,12,22.2,Double Fed Asyn,,Steel tube,,,,,,690,50 Hz,,No,Yes
20,https://en.wind-turbine-models.com/turbines/20-ge-vernova-ge-1-5sl,GE Vernova,GE Vernova GE 1.5sl,1500,77,4657,3,61.4,3.5,25,12,20.4,Double Fed Asyn,,Steel tube,,,,,,690,50 Hz,,No,Yes
655,https://en.wind-turbine-models.com/turbines/655-ge-vernova-ge-1-5sle,GE Vernova,GE Vernova GE 1.5sle,1500,77,4657,3,61.4,3.5,25,12,20.4,Double Fed Asyn,,Steel tube,,,,,,690,50 Hz,,No,Yes
656,https://en.wind-turbine-models.com/turbines/656-ge-vernova-ge-1-5xle,GE Vernova,GE Vernova GE 1.5xle,1500,82.5,5346,3,58.7,3.5,20,11.5,18.7,Double Fed Asyn,,Steel tube,,,,,,690,50/60 Hz,,No,Yes
1294,https://en.wind-turbine-models.com/turbines/1294-ge-vernova-ge-1-6-82-5,GE Vernova,GE Vernova GE 1.6-82.5,1600,82.5,5345.6,3,65,3.5,25,10,,,,steel tube,,,,,,,,,No,Yes
370,https://en.wind-turbine-models.com/turbines/370-ge-vernova-ge-1-6-100,GE Vernova,GE Vernova GE 1.6 - 100,1600,100,7854,3,80,3.5,25,11,16.2,Double Fed Asyn,,Steel tube,65000,,,,,690,50/60 Hz,,No,Yes
746,https://en.wind-turbine-models.com/turbines/746-ge-vernova-ge-1-7-100,GE Vernova,GE Vernova GE 1.7 - 100,1700,100,7854,3,80,3,23,10,,Double Fed Asyn,,Steel tube,,,,,,,50/60 Hz,,No,Yes
1591,https://en.wind-turbine-models.com/turbines/1591-ge-vernova-ge-1-7-103,GE Vernova,GE Vernova GE 1.7 - 103,1700,103,8332,3,80,3,23,10,,Double Fed Asyn,,steel tube,,,,,,,50/60 Hz,,No,Yes
744,https://en.wind-turbine-models.com/turbines/744-ge-vernova-ge-1-85-82-5,GE Vernova,GE Vernova GE 1.85 - 82.5,1850,82.5,5346,3,65,3,25,13,,Double Fed Asyn,,Steel tube,,,,,,,50/60 Hz,,No,Yes
745,https://en.wind-turbine-models.com/turbines/745-ge-vernova-ge-1-85-87,GE Vernova,GE Vernova GE 1.85 - 87,1850,87,5945,3,80,3,25,12.5,,Double Fed Asyn,,Steel tube,,,,,,,50/60 Hz,,No,Yes
1837,https://en.wind-turbine-models.com/turbines/1837-ge-vernova-ge-2-0-2-7-116,GE Vernova,GE Vernova GE 2.0-2.7 - 116,2700,116,10660,3,80,3,,,,Double Fed Asyn,,steel tube,,,,,,,50/60 Hz,,No,Yes
1838,https://en.wind-turbine-models.com/turbines/1838-ge-vernova-ge-2-2-2-5-127,GE Vernova,GE Vernova GE 2.2-2.5 - 127,2500,127,12667,3,89,3,,,,Double Fed Asyn,,steel tube,,,,,,,60 Hz,,No,Yes
982,https://en.wind-turbine-models.com/turbines/982-ge-vernova-ge-2-3-107,GE Vernova,GE Vernova GE 2.3 -107,2300,107,8992,3,80,,,,,,,Steel tube,,,,,,,50/60 Hz,,No,Yes
57,https://en.wind-turbine-models.com/turbines/57-ge-vernova-ge-2-5-88,GE Vernova,GE Vernova GE 2.5 - 88,2500,88,6082,3,85,3,25,14,16.5,Double Fed Asyn,,Steel tube,,,,,,690,50 Hz,,No,Yes
641,https://en.wind-turbine-models.com/turbines/641-ge-vernova-ge-2-5-100,GE Vernova,GE Vernova GE 2.5 - 100,2500,100,7854,3,75,3,25,13,,,,Steel tube,,,,,,,,,No,Yes
1293,https://en.wind-turbine-models.com/turbines/1293-ge-vernova-ge-2-5-103,GE Vernova,GE Vernova GE 2.5-103,2500,103,8332,3,85,3,25,12,13.7,synchronous permanent,,steel tube,,,,,,,50/60 Hz,,No,Yes
310,https://en.wind-turbine-models.com/turbines/310-ge-vernova-ge-2-5-120,GE Vernova,GE Vernova GE 2.5 - 120,2500,120,11309.7,3,110,3,25,,,,,,,,,,,,,,No,Yes
748,https://en.wind-turbine-models.com/turbines/748-ge-vernova-ge-2-75-100,GE Vernova,GE Vernova GE 2.75 - 100,2750,100,7854,3,75,3,25,12,,Double Fed Asyn,,Steel tube/Hybrid,,,,,,,50/60 Hz,,No,Yes
747,https://en.wind-turbine-models.com/turbines/747-ge-vernova-ge-2-75-103,GE Vernova,GE Vernova GE 2.75 - 103,2750,103,8332,3,75,3,25,13,,Double Fed Asyn,,Steel tube/Hybrid,,,,,,,50/60 Hz,,No,Yes
983,https://en.wind-turbine-models.com/turbines/983-ge-vernova-ge-2-75-120,GE Vernova,GE Vernova GE 2.75 - 120,2750,120,11309.7,3,85,,,,,,,steel. hybrid or space frame tower,,,,,,,50/60 Hz,,No,Yes
2530,https://en.wind-turbine-models.com/turbines/2530-ge-vernova-ge-2-8-127,GE Vernova,GE Vernova GE 2.8 - 127,2800,127,12667,3,89,3,25,8,,Doubly-fed induction generator (DFIG),,steel tube,,,,,,,50/60 Hz,,No,Yes
2531,https://en.wind-turbine-models.com/turbines/2531-ge-vernova-ge-2-8-132,GE Vernova,GE Vernova GE 2.8 - 132,2800,132,13684,3,94,3,25,6.5,,Doubly-fed induction generator (DFIG),,steel tube,,,,,,,50/60 Hz,,No,Yes
749,https://en.wind-turbine-models.com/turbines/749-ge-vernova-ge-2-85-100,GE Vernova,GE Vernova GE 2.85 - 100,2850,100,7854,3,75,3,25,13,,Double Fed Asyn,,Steel tube,,,,,,,50/60 Hz,,No,Yes
750,https://en.wind-turbine-models.com/turbines/750-ge-vernova-ge-2-85-103,GE Vernova,GE Vernova GE 2.85 - 103,2850,103,8332,3,75,3,25,12.5,,Double Fed Asyn,,Steel tube,,,,,,,50/60 Hz,,No,Yes
1448,https://en.wind-turbine-models.com/turbines/1448-ge-vernova-ge-3-2s,GE Vernova,GE Vernova GE 3.2s,3200,104,8495,3,100,3,25,14.3,13.5,Double fed induction,,steel tube,160000,82000,,,,690,50 Hz,2002,No,Yes
984,https://en.wind-turbine-models.com/turbines/984-ge-vernova-ge-3-2-103,GE Vernova,GE Vernova GE 3.2 -103,3200,103,8332,3,70,,,,,,,Steel tube,,,,,,,50/60 Hz,,No,Yes
1290,https://en.wind-turbine-models.com/turbines/1290-ge-vernova-ge-3-2-130,GE Vernova,GE Vernova GE 3.2-130,3200,130,13273,3,85,2,25,12,,Double fed induction,,steel tube / *hybrid or space frame,,,,,,690,50/60 Hz,,No,Yes
1338,https://en.wind-turbine-models.com/turbines/1338-ge-vernova-ge-3-4-130,GE Vernova,GE Vernova GE 3.4-130,3400,130,13273,3,85,,,,,Double fed induction,,steel tube / concret,,,,,,,50/60 Hz,,No,Yes
1339,https://en.wind-turbine-models.com/turbines/1339-ge-vernova-ge-3-4-137,GE Vernova,GE Vernova GE 3.4-137,3400,137,14741,3,85,,,,,Double fed induction,,steel tube / concret,,,,,,,50/60 Hz,,No,Yes
2804,https://en.wind-turbine-models.com/turbines/2804-ge-vernova-ge-3-4-140,GE Vernova,GE Vernova GE 3.4-140,3400,140,15394,3,81,3,26,,12.6,doubly fed induction,,steel tubular tower,,,,,,,60 Hz,,No,Yes
58,https://en.wind-turbine-models.com/turbines/58-ge-vernova-ge-3-6s,GE Vernova,GE Vernova GE 3.6s,3600,104,8495,3,,3.5,25,15,15.3,Double Fed Asyn,,Steel tube,170000,82000,,,,690,50 Hz,,Yes,Yes
1551,https://en.wind-turbine-models.com/turbines/1551-ge-vernova-ge-3-6-137,GE Vernova,GE Vernova GE 3.6-137,3600,137,14741,3,85,,,,,,,steel tube / hydrid,,,,,,,50/60 Hz,2016,No,Yes
1552,https://en.wind-turbine-models.com/turbines/1552-ge-vernova-ge-3-8-130,GE Vernova,GE Vernova GE 3.8-130,3800,130,13273,3,85,,,,,,,steel tube / hydrid,,,,,,,50/60 Hz,,No,Yes
2447,https://en.wind-turbine-models.com/turbines/2447-ge-vernova-ge-3-8-137,GE Vernova,GE Vernova GE 3.8-137,3800,137,14741,3,76.5,,,,,doubly fed asynchronous,,steel tube / hybrid,,,,,,,50/60 Hz,,No,Yes
2805,https://en.wind-turbine-models.com/turbines/2805-ge-vernova-ge-3-8-154,GE Vernova,GE Vernova GE 3.8-154,3800,154,18626,3,98,3,25,,,doubly-fed induction,,tubular steel tower,,,,,,,50 / 60 Hz,,No,Yes
2448,https://en.wind-turbine-models.com/turbines/2448-ge-vernova-ge-4-0-137,GE Vernova,GE Vernova GE 4.0-137,4000,137,14741,3,76.5,,,,,doubly fed asynchronous,,steel tube / hybrid,,,,,,,50/60 Hz,,No,Yes
479,https://en.wind-turbine-models.com/turbines/479-ge-vernova-ge-4-1-113,GE Vernova,GE Vernova GE 4.1-113,4100,113,9940,3,85,3.5,25,14,20,Synchronous permanent,,Steel tube,,,,,,,50 Hz,,No,Yes
2449,https://en.wind-turbine-models.com/turbines/2449-ge-vernova-ge-4-2-117,GE Vernova,GE Vernova GE 4.2-117,4200,117,10751,3,76.5,,,,,doubly fed asynchronous,,steel tube / hybrid,,,,,,,50/60 Hz,,No,Yes
1719,https://en.wind-turbine-models.com/turbines/1719-ge-vernova-ge-4-8-158-cypress,GE Vernova,GE Vernova GE 4.8-158 Cypress,4800,158,19600,3,101,,,,,doubly-fed induction,,steel tube / hydrid,,,,,,,50/60 Hz,,No,Yes
1913,https://en.wind-turbine-models.com/turbines/1913-ge-vernova-ge-5-3-158-cypress,GE Vernova,GE Vernova GE 5.3-158 Cypress,5300,158,19607,3,101,,,,,doubly-fed induction,,steel tube / hydrid,,,,,,,50/60 Hz,,No,Yes
2306,https://en.wind-turbine-models.com/turbines/2306-ge-vernova-ge-5-5-158-cypress,GE Vernova,GE Vernova GE 5.5-158 Cypress,5500,158,19607,3,101,3,,,,Doubly-fed induction machine,,steel tube / hybrid,,,,,,,50/60 Hz,,No,Yes
2307,https://en.wind-turbine-models.com/turbines/2307-ge-vernova-ge-6-0-164-cypress,GE Vernova,GE Vernova GE 6.0-164 Cypress,6030,164,21124,3,112,3,25,11.1,9.7,Doubly-fed induction,,steel tube / hybrid,,,,,,6485,50/60 Hz,,No,Yes
2469,https://en.wind-turbine-models.com/turbines/2469-ge-vernova-ge-6-1-158-cypress,GE Vernova,GE Vernova GE 6.1-158 Cypress,6100,158,19607,3,96,3,25,,,Doubly-fed induction generator (DFIG),,steel tube / hybrid,,,,,,,50/60 Hz,2021,No,Yes
1809,https://en.wind-turbine-models.com/turbines/1809-ge-vernova-ge-haliade-x-12-mw,GE Vernova,GE Vernova GE Haliade-X 12 MW,12000,220,38000,3,138,3,34,10.5,7.8,Permanent magnet synchronous (PMSG),,steel tube,,,,55000,,3220,50/60 Hz,2019,Yes,No
2292,https://en.wind-turbine-models.com/turbines/2292-ge-vernova-ge-haliade-x-13-mw,GE Vernova,GE Vernova GE Haliade-X 13 MW,13000,220,38000,3,133,3,34,11,7.8,Permanent magnet synchronous (PMSG),,steel tube,,,,,,3374,50/60 Hz,2023,Yes,No
2320,https://en.wind-turbine-models.com/turbines/2320-ge-vernova-ge-haliade-x-14-mw,GE Vernova,GE Vernova GE Haliade-X 14 MW,14000,220,38000,3,138,3,34,11,7.8,Permanent magnet synchronous (PMSG),,steel tube,,,,55000,,3323,50/60 Hz,,Yes,No
1446,https://en.wind-turbine-models.com/turbines/1446-ge-vernova-ge-haliade-150-6mw,GE Vernova,GE Vernova GE Haliade 150-6MW,6000,151,17860,3,100,3,25,,11.5,synchronous permanent,,steel tube,,,,,,900,50/60 Hz,2016,Yes,Yes
2117,https://en.wind-turbine-models.com/turbines/2117-ge-vernova-ge-600a,GE Vernova,GE Vernova GE 600a,600,46,1662,3,50,3,20,13,25,induction,,steel tube,,,,,,690,50 Hz,,No,Yes
1213,https://en.wind-turbine-models.com/turbines/1213-neyrpic-saint-r-my-des-landes-1000kw,Neyrpic,Neyrpic Saint-Rémy-des-Landes 1000kW,1000,35,962,3,61,5.5,15,17,,induction,,lattice,,,,,96000,3000,50 Hz,1964,No,Yes
2287,https://en.wind-turbine-models.com/turbines/2287-genemic-revo-36-220,GeneMic,GeneMic Revo 36-220,220,36,1018,3,32,3,25,9.7,43.3,synchronous permanent,,steel tube,,,,,,400,50 Hz,2017,No,Yes
780,https://en.wind-turbine-models.com/turbines/780-genesys-mbh-genesys-600,GenesYs mbH,GenesYs mbH GenesYs 600,600,45.9,1654,3,62,3,25,11.5,32,Synchronous permanent,,Steel tube,32000,,,,,690,50.0 Hz,,No,Yes
195,https://en.wind-turbine-models.com/turbines/195-genvind-gv20,Genvind,Genvind GV20,20,12.6,125,3,20,,,,,,,,,,,,,,,,No,Yes
696,https://en.wind-turbine-models.com/turbines/696-genvind-gv20-2,Genvind,Genvind GV20-2,15,12.6,125,3,18.2,,,,,,,Steel tube,,,,,,,,,No,Yes
2118,https://en.wind-turbine-models.com/turbines/2118-german-sustainables-gs-1000nt,German Sustainables,German Sustainables GS-1000NT,1000,42,1385,3,60,3.5,28,13,25,synchron,,lattice,,,,,,,,,No,Yes
682,https://en.wind-turbine-models.com/turbines/682-get-danwin-225-27,GET Danwin,GET Danwin 225/27,225,27,573,3,30,4,25,14,37.8,Asynchronus,,Steel tube,7600,3500,13300,800,25000,400,50 Hz,,No,Yes
409,https://en.wind-turbine-models.com/turbines/409-get-danwin-225-29,GET Danwin,GET Danwin 225/29,225,29,661,3,30,4,25,16,37.6,Asynchronus,,Steel tube,7600,,20700,800,,400,50 Hz,,No,Yes
414,https://en.wind-turbine-models.com/turbines/414-get-danwin-600-41,GET Danwin,GET Danwin 600/41,600,41,1320,3,50,3.5,25,14,27.8,Asynchronus,,Steel tube,22400,,90000,2000,,690,50 Hz,,No,Yes
2774,https://en.wind-turbine-models.com/turbines/2774-geumpoong-3kw-vawt,Geumpoong,Geumpoong 3kW VAWT,3,3,7,3,,3,30,14,,PMSG,,lattice,,,,,,220,50/60 Hz,2013,No,Yes
2773,https://en.wind-turbine-models.com/turbines/2773-geumpoong-windfarmer-10,Geumpoong,Geumpoong Windfarmer 10,10,10.3,83.3,3,19,3,25,10,74,Squirrel Cage Induction Generator. 6 pole,,steel tube,,,,,,380,50/60 Hz,,No,Yes
2771,https://en.wind-turbine-models.com/turbines/2771-geumpoong-windfarmer-20,Geumpoong,Geumpoong Windfarmer 20,20,13.4,141.4,3,19,3.5,25,10,74,Squirrel Cage Induction Generator / 6 pole,,steel tube,,,,,2000,380,50 Hz,,No,Yes
2772,https://en.wind-turbine-models.com/turbines/2772-geumpoong-windfarmer-30,Geumpoong,Geumpoong Windfarmer 30,30,16,201,3,,3,25,10,67,Squirrel Cage Induction Generator. 6 pole,,steel tube,,,,,,380,50/60 Hz,,No,Yes
1101,https://en.wind-turbine-models.com/turbines/1101-ggs-falcon-1250,GGS,GGS Falcon 1250,1250,64,3217,3,68,3,25,13,23.8,synchronous permanent,,steel tube,12000,24000,,,,690,50 Hz,,No,Yes
447,https://en.wind-turbine-models.com/turbines/447-ghodawat-g-1650-82,Ghodawat,Ghodawat G 1650/82,1650,82,5278,3,68,3.5,20,11.5,18.2,Double Fed Asyn,,Steel tube,,,,,,690,50 Hz,,No,Yes
450,https://en.wind-turbine-models.com/turbines/450-global-wind-power-lt-gwp47-750kw,Global Wind Power Lt,Global Wind Power Lt GWP47-750kW,750,47,1735,3,45,3.5,25,14.5,25.5,Asynchronus,,Steel tube,,,,,,690,50 Hz,,No,Yes
451,https://en.wind-turbine-models.com/turbines/451-global-wind-power-lt-gwp82-2000kw,Global Wind Power Lt,Global Wind Power Lt GWP82-2000kW,2000,82.5,5350,3,80,2.7,28,12.5,18.5,Synchronous multi-pole,,Steel tube/Hybrid,,,,,,690,50 Hz,,No,Yes
1095,https://en.wind-turbine-models.com/turbines/1095-global-wind-power-lt-gwp-100-2500,Global Wind Power Lt,Global Wind Power Lt GWP 100 - 2500,2500,100,7854,3,85,3.5,25,12,18.1,doubly fed induction,,steel tube/*lattice,96000,52000,350000,,500000,690,50/60 Hz,,No,Yes
1094,https://en.wind-turbine-models.com/turbines/1094-global-wind-power-lt-gwp-my-1500,Global Wind Power Lt,Global Wind Power Lt GWP MY - 1500,1500,77.1,4669,3,65,3,25,11.3,19.5,doubly fed induction,,steel tube,65000,35000,,,,690,50/60 Hz,,No,Yes
2450,https://en.wind-turbine-models.com/turbines/2450-gmb-circulair,GMB,GMB CirculAIR,10,7.1,39.6,3,30,3.5,25,11,130,synchronous permanent,,steel tube,,,,,,690,50 Hz,,No,Yes
1347,https://en.wind-turbine-models.com/turbines/1347-goedecke-aerocraft-1002h,Gödecke,Gödecke AeroCraft 1002H,1,2.4,4.5,3,1.75,3,40,9,600,synchronous permanent,,steel tube/modular,0,,,,,230,50 Hz,,No,Yes
1445,https://en.wind-turbine-models.com/turbines/1445-goslich-gt-10,Goslich,Goslich GT 10,10,10.5,86,2,9,3,25,8,300,induction,,steel tube,200,0,,,,380,50 Hz,1980,No,Yes
305,https://en.wind-turbine-models.com/turbines/305-green-power-sarl-yonval-gp40-old-model,Green Power sarl,Green Power sarl Yonval GP40 - old model,36,11.5,104,3,30,3.4,25,12,200,Asynchronus,,Tubular Steel,1300,,,,,,,,No,Yes
1067,https://en.wind-turbine-models.com/turbines/1067-green-power-sarl-gp-yonval-40-16,Green Power sarl,Green Power sarl GP Yonval 40-16,40,16,200,3,20,3.5,24,11,74,Induction,,Hexagonal – Free standing,2500,,7600,200,10000,400,50.0 Hz,,No,Yes
1675,https://en.wind-turbine-models.com/turbines/1675-greenstorm-gs-21-s,Greenstorm,Greenstorm GS 21 S,60,22.3,386.7,3,30,3,25,8.8,50.5,synchronous permanent,,steel tube,2700,2600,14800,300,20000,460,50 Hz,,No,Yes
524,https://en.wind-turbine-models.com/turbines/524-grumman-windstream-33,Grumman,Grumman Windstream 33,15,10,79,3,,,,,74,Asynchronus,,,,,,,,,,,No,Yes
1698,https://en.wind-turbine-models.com/turbines/1698-weg-agw-100,WEG,WEG AGW 100,95,24.4,467.6,3,37,3,25,12,,synchronous permanent,,Tubular steel monopole,6900,,12000,,18900,690,60 Hz,,No,Yes
1697,https://en.wind-turbine-models.com/turbines/1697-weg-agw-110-2-1,WEG,WEG AGW 110 / 2.1,2100,110,9503,3,80,3,20,11,,synchronous permanent,,steel tube / concret hydrid,,,,,,690,50/60 Hz,,No,Yes
2342,https://en.wind-turbine-models.com/turbines/2342-weg-agw-147-4-2,WEG,WEG AGW 147/4.2,4200,147,16972,3,120,3,20,10.5,13,synchronous permanent,,steel tube,,,,,,850,50/60 Hz,2021,No,Yes
2474,https://en.wind-turbine-models.com/turbines/2474-weg-agw-172-7-x,WEG,WEG AGW 172/7.X,7000,172,23235,3,,,,,,,,,,,,,,,,2024,No,Yes
292,https://en.wind-turbine-models.com/turbines/292-united-power-up1500-86,United Power,United Power UP1500-86,1500,86,5809,,65,3,25,10,,,,,,,,,,690,,,No,Yes
293,https://en.wind-turbine-models.com/turbines/293-united-power-up2000-97,United Power,United Power UP2000-97,2000,97,7390,,80,3,25,10.1,,,,,,,,,,690,,,No,Yes
294,https://en.wind-turbine-models.com/turbines/294-united-power-up3000-120,United Power,United Power UP3000-120,3000,120,11310,,90,3.5,25,10.2,,,,,,,,,,690,,,No,Yes
295,https://en.wind-turbine-models.com/turbines/295-united-power-up6000-136,United Power,United Power UP6000-136,6000,136,14527,,95,3.5,25,12,,,,,,,,,,6600,,,Yes,Yes
2421,https://en.wind-turbine-models.com/turbines/2421-united-power-up11000-200,United Power,United Power UP11000-200,11000,200,31400,3,,,,,,synchronous permanent,,steel tube,,,,,,,50/60 Hz,2022,Yes,Yes
2598,https://en.wind-turbine-models.com/turbines/2598-h-energiesystemen-he-1000,H-Energiesystemen,H-Energiesystemen HE 1000,25,10,78.5,3,24,3.5,29,18,75,induction / synchronous,,tubular. compliant,1400,,2500,0,5000,400,50 Hz,,No,Yes
2596,https://en.wind-turbine-models.com/turbines/2596-halbes-1-kw,Halbes,Halbes 1 kW,1,2,3.1,3,,2,25,11,250,permanent magnet synchronous,,steel tube,,,,,,48,50 Hz,,Yes,Yes
2597,https://en.wind-turbine-models.com/turbines/2597-halbes-2-kw,Halbes,Halbes 2 kW,2,2,3.1,3,,2,25,13,250,permanent magnet synchronous,,steel tube,,,,,,48,50 Hz,,Yes,Yes
2595,https://en.wind-turbine-models.com/turbines/2595-halbes-3-kw,Halbes,Halbes 3 kW,3,2,3.1,3,,2,25,16,250,permanent magnet synchronous,,steel tube,,,,,,48,50 Hz,,Yes,Yes
1160,https://en.wind-turbine-models.com/turbines/1160-hanjin-hjwt100,Hanjin,Hanjin HJWT100,100,,,,,,,,,,,,,,,,,,,,No,Yes
2745,https://en.wind-turbine-models.com/turbines/2745-hanjin-hjwt1500-70,Hanjin,Hanjin HJWT1500/70,1500,70,3848,3,70,3.5,25,14,19,SCIG,,steel tubular,,,,,,690,60 Hz,,No,Yes
1156,https://en.wind-turbine-models.com/turbines/1156-hanjin-hjwt1500-77,Hanjin,Hanjin HJWT1500/77,1500,77,4657,3,70,3.5,25,13,17,squirrel cage induction,,steel tube,,,,,,690,60 Hz,,No,Yes
1157,https://en.wind-turbine-models.com/turbines/1157-hanjin-hjwt2000-87,Hanjin,Hanjin HJWT2000/87,2000,87,5945,3,85,3.5,25,12,17.3,Double fed induction,,steel tube,,,,,,690,60 Hz,,No,Yes
1158,https://en.wind-turbine-models.com/turbines/1158-hanjin-hjwt2000-93,Hanjin,Hanjin HJWT2000/93,2000,93,6735,3,85,3.5,25,12,15.8,Double fed induction,,steel tube,,,,,,690,60 Hz,,No,Yes
1159,https://en.wind-turbine-models.com/turbines/1159-hanjin-hjwt2500-103,Hanjin,Hanjin HJWT2500/103,2500,103,8332,3,90,3.5,25,11.4,,Double fed induction,,steel tube,,,,,,690,60 Hz,,No,Yes
1733,https://en.wind-turbine-models.com/turbines/1733-hannevind-vindkraft-11kw,Hannevind Vindkraft,Hannevind Vindkraft 11kW,11,10,78.5,3,21,3,25,9,,synchronous permanent,,lattice,700,,,,,400,50 Hz,,No,Yes
1734,https://en.wind-turbine-models.com/turbines/1734-hannevind-vindkraft-15kw,Hannevind Vindkraft,Hannevind Vindkraft 15kW,15,11,95,3,21,3,25,9,,synchronous permanent,,lattice,700,,,,,400,50 Hz,,No,Yes
1735,https://en.wind-turbine-models.com/turbines/1735-hannevind-vindkraft-22kw,Hannevind Vindkraft,Hannevind Vindkraft 22kW,22,14,153.9,3,24,3,25,9,,synchronous permanent,,lattice,1000,,,,,400,50 Hz,,No,Yes
1736,https://en.wind-turbine-models.com/turbines/1736-hannevind-vindkraft-30kw,Hannevind Vindkraft,Hannevind Vindkraft 30kW,30,14,153.9,3,24,3,25,9,,synchronous permanent,,lattice,1100,,,,,400,50 Hz,,No,Yes
1737,https://en.wind-turbine-models.com/turbines/1737-hannevind-vindkraft-5-5kw,Hannevind Vindkraft,Hannevind Vindkraft 5.5kW,5.5,6,28.3,3,15,3,25,9,,synchronous permanent,,steel tube / hydrid,300,,,,,400,50 Hz,,No,Yes
855,https://en.wind-turbine-models.com/turbines/855-svaneborg-stand-alone,Svaneborg,Svaneborg Stand Alone,7.5,,,3,,,,,,Synchronous permanent,,,,,,,,,,,No,Yes
836,https://en.wind-turbine-models.com/turbines/836-hag-et500-37,HAG,HAG ET500/37,500,37,1075.2,3,32,3.5,20,16,32,Asynchronus,,Steel tube,,,,,,690,50 Hz,,No,Yes
259,https://en.wind-turbine-models.com/turbines/259-hag-et550-41,HAG,HAG ET550/41,550,41.5,1353,3,42,3.5,25,14,28,Asynchronus,,Steel tube,30000,,40000,1500,,690,50 Hz,,No,Yes
80,https://en.wind-turbine-models.com/turbines/80-harakosan-stx-82,Harakosan,Harakosan STX 82,2000,82.7,5372,,80,3,25,12,18.5,,,tubular,,,60000,,,660,,,No,Yes
2777,https://en.wind-turbine-models.com/turbines/2777-harbon-hwt55,Harbon,Harbon HWT55,55,16,201,3,18,3,25,12,80,induduction,,Flanged Monopole (Hydraulic Tilt),,,,,,400,50 Hz,,No,Yes
2776,https://en.wind-turbine-models.com/turbines/2776-harbon-hwt60,Harbon,Harbon HWT60,60,16,201,3,18,3,25,12,80,induduction,,Flanged Monopole (Hydraulic Tilt),,,,,,400,50 Hz,,No,Yes
125,https://en.wind-turbine-models.com/turbines/125-harlingen-prototype,Harlingen ;-),Harlingen ;-) Prototype,,,,,,,,,,,,,,,,,,,,,No,Yes
1023,https://en.wind-turbine-models.com/turbines/1023-haue-eco-sign-vertical-axis-wind-turbine-generator,Haue,Haue Eco Sign / Vertical Axis Wind Turbine Generator,,,,,,,,,,,,,,,,,,,,,No,Yes
1435,https://en.wind-turbine-models.com/turbines/1435-heag-hw1-780,HEAG,HEAG HW1-780,780,50,1962,3,50,3.5,25,14.5,22,induction,,steel tube,22000,14000,76200,,112000,690,50 Hz,,No,Yes
1440,https://en.wind-turbine-models.com/turbines/1440-heag-hw2-s1500-77,HEAG,HEAG HW2/S1500(77),1500,77.1,4672.4,3,61.4,3,25,12,19.5,Double fed induction,,steel tube,59000,31000,117000,,207000,690,50/60 Hz,,No,Yes
2027,https://en.wind-turbine-models.com/turbines/2027-heag-hw2-s1500-82,HEAG,HEAG HW2/S1500(82),1500,82,5281,3,70,3,25,11.3,,DFIG,,steel tube,59000,32000,116000,,207000,690,50 Hz,,No,Yes
2028,https://en.wind-turbine-models.com/turbines/2028-heag-hw2-s1500-87,HEAG,HEAG HW2/S1500(87),1500,87,5945,3,70,3.5,22,11.4,,DFIG,,steel tube,59000,33000,114000,,206000,690,50 Hz,,No,Yes
2029,https://en.wind-turbine-models.com/turbines/2029-heag-hw2-s1500-92,HEAG,HEAG HW2/S1500(92),1500,92,6647,3,80,3,25,9.6,,DFIG,,steel tube,59000,34500,143000,,236500,690,50 Hz,,No,Yes
2030,https://en.wind-turbine-models.com/turbines/2030-heag-hw2-s2000-110,HEAG,HEAG HW2/S2000(110),2000,110,9503,3,100,3,25,9.6,,DFIG,,steel tube,80000,50000,161000,,291000,690,50 Hz,,No,Yes
1436,https://en.wind-turbine-models.com/turbines/1436-heag-hw3-s2500-90,HEAG,HEAG HW3/S2500(90),2500,90,6361.7,3,70,3,25,12.5,,synchronous permanent,,steel tube,87000,57000,200000,11000,344000,690,50/60 Hz,,No,Yes
1437,https://en.wind-turbine-models.com/turbines/1437-heag-hw3-s2500-97,HEAG,HEAG HW3/S2500(97),2500,97,7389.8,3,70,3,25,12,,synchronous permanent,,steel tube,87000,57600,200000,11200,344000,690,50/60 Hz,,No,Yes
1438,https://en.wind-turbine-models.com/turbines/1438-heag-hw3-s2500-103,HEAG,HEAG HW3/S2500(103),2500,103,8332.3,3,80,3,25,11.7,,synchronous permanent,,steel tube,102000,58800,200000,11600,360000,690,50/60 Hz,,No,Yes
1439,https://en.wind-turbine-models.com/turbines/1439-heag-hw3-s2500-110,HEAG,HEAG HW3/S2500(110),2500,110,9503.3,3,80,3,22,10.5,,synchronous permanent,,steel tube,102000,59000,200000,12500,361000,690,50/60 Hz,,No,Yes
525,https://en.wind-turbine-models.com/turbines/525-hedan-model-xs,Hedan,Hedan Model XS,20,11,95,3,,,,,,,,Lattice,,,,,,,,,No,Yes
526,https://en.wind-turbine-models.com/turbines/526-hedan-model-xt,Hedan,Hedan Model XT,25,13.4,141,3,,,,,,,,Lattice,,,,,,,,,No,Yes
2009,https://en.wind-turbine-models.com/turbines/2009-heidelberg-motor-gmbh-hm20,Heidelberg Motor GmbH,Heidelberg Motor GmbH HM20,20,,,,,,,,,,,,,,,,,,,,No,Yes
2008,https://en.wind-turbine-models.com/turbines/2008-heidelberg-motor-gmbh-hm300,Heidelberg Motor GmbH,Heidelberg Motor GmbH HM300,300,34,782,2,50,3.5,28,12.5,20,Dual Generator,,Guyed Mast/Pole,,,,,,400,50 Hz,1991,No,Yes
2010,https://en.wind-turbine-models.com/turbines/2010-heidelberg-motor-gmbh-hm1000,Heidelberg Motor GmbH,Heidelberg Motor GmbH HM1000,1000,,,,,,,,,,,,,,,,,,,,No,Yes
345,https://en.wind-turbine-models.com/turbines/345-dove-doba-4,Dove,Dove DOBA 4,70,20,,,22,,,,,,,,,,,,,,,1986,No,Yes
1646,https://en.wind-turbine-models.com/turbines/1646-laverenz-wka,Laverenz,Laverenz WKA,,,,5,,,,,,induction,,lattice,,,,,,,,,No,Yes
1008,https://en.wind-turbine-models.com/turbines/1008-henning-friis-jensen-m-lle,Henning Friis Jensen,Henning Friis Jensen Mølle,4,,,,,,,,,,,,,,,,,,,,No,Yes
158,https://en.wind-turbine-models.com/turbines/158-henrik-stiesdal-prototype,Henrik Stiesdal,Henrik Stiesdal prototype,15,,,,,,,,,,,,,,,,,,,,No,Yes
1571,https://en.wind-turbine-models.com/turbines/1571-bruemmer-bw-100,Brümmer,Brümmer BW 100,8.5,11,95,3,9,,,,,induction,,steel tube,,,,,,380,,,No,Yes
442,https://en.wind-turbine-models.com/turbines/442-bruemmer-bw-120,Brümmer,Brümmer BW 120,11,13,132.7,3,9,,,8,40,induction,,steel tube,,,,,,380,,,No,Yes
1572,https://en.wind-turbine-models.com/turbines/1572-bruemmer-bw-160,Brümmer,Brümmer BW 160,20,17,227,3,12,,,,,induction,,steel tube,,,,,,380,,,No,Yes
1573,https://en.wind-turbine-models.com/turbines/1573-bruemmer-bw-200,Brümmer,Brümmer BW 200,30,22,380,3,15,,,,,induction,,steel tube,,,,,,380,,,No,Yes
922,https://en.wind-turbine-models.com/turbines/922-hermann-claussen-tornado,Hermann Claußen,Hermann Claußen Tornado,30,16,201,3,25,,,,,,,Lattice,,,,,,,,1990,No,Yes
146,https://en.wind-turbine-models.com/turbines/146-honnef-turbine-1,Honnef,Honnef Turbine 1,15,9,63.6,12,36,,,,,,,,,,,,,,,,No,Yes
1949,https://en.wind-turbine-models.com/turbines/1949-heyde-windtechnik-heywind-2-5,Heyde Windtechnik,Heyde Windtechnik Heywind 2.5,2.5,3,7.1,3,,2.5,,11,,synchronous permanent,,,100,,,,,230,50 Hz,,Yes,Yes
1950,https://en.wind-turbine-models.com/turbines/1950-heyde-windtechnik-heywind-3-5,Heyde Windtechnik,Heyde Windtechnik Heywind 3.5,3.5,3.5,9.6,3,,2.5,,11,,synchronous permanent,,,100,,,,,230,50 Hz,,Yes,Yes
1044,https://en.wind-turbine-models.com/turbines/1044-hi-vawt-ds-3000w,Hi-VAWT,Hi-VAWT DS-3000W,3,4,,3,4.2,3,15,12,230,synchronus permanent,,steel tube,,500,,0,700,280,50/60 Hz,,No,Yes
1559,https://en.wind-turbine-models.com/turbines/1559-hibbeln-eigenbau,Hibbeln,Hibbeln Eigenbau,30,,,,18,,,,,,,Gittermast,,,,,,,,,Yes,Yes
839,https://en.wind-turbine-models.com/turbines/839-hidrotim-eoltim-3-1-model,HIDROTIM,HIDROTIM EOLTIM 3/1 model,300,30,707,3,35,3.5,25,10,50,Asynchronus,,Steel tube/,,,,,,660,50 Hz,,No,Yes
840,https://en.wind-turbine-models.com/turbines/840-hidrotim-eoltim-3-3-variant-i,HIDROTIM,HIDROTIM EOLTIM 3/3 variant I,300,30,707,3,35,3.5,25,10,50,Asynchronus,,Steel tube,,,,,,660,50 Hz,,No,Yes
838,https://en.wind-turbine-models.com/turbines/838-hidrotim-eoltim-3-5-variant-ii,HIDROTIM,HIDROTIM EOLTIM 3/5 variant II,300,30,707,3,35,3.5,25,10,50,Asynchronus,,Steel tube,,,,,,660,50 Hz,,No,Yes
2627,https://en.wind-turbine-models.com/turbines/2627-hitachi-ltd-windmel,"Hitachi, Ltd.","Hitachi, Ltd. WINDMEL",16.5,15,176.7,2,15.14,3.5,25,8,,,,steel tube,,,,,,,,,No,Yes
1009,https://en.wind-turbine-models.com/turbines/1009-hitachi-ltd-htw2-0-80,"Hitachi, Ltd.","Hitachi, Ltd. HTW2.0-80",2000,80,4978,3,65,4,25,,19.6,doubly fed induction,,steel tube,,,,,,1400,50/60 Hz,,Yes,Yes
2140,https://en.wind-turbine-models.com/turbines/2140-hitachi-ltd-htw2-0-86,"Hitachi, Ltd.","Hitachi, Ltd. HTW2.0-86",2000,86,5764,3,65,4,24,12,16.5,induction,,steel tube,,,,,,690,50/60 Hz,,No,Yes
2141,https://en.wind-turbine-models.com/turbines/2141-hitachi-ltd-htw2-1-80a,"Hitachi, Ltd.","Hitachi, Ltd. HTW2.1-80A",2100,80,4978,3,65,4,25,13,17.5,induction,,steel tube,,,,,,690,50/60 Hz,,No,Yes
2620,https://en.wind-turbine-models.com/turbines/2620-hitachi-ltd-htw2-5u-100,"Hitachi, Ltd.","Hitachi, Ltd. HTW2.5U-100",2500,100,7854,3,80,,,,,,,steel tube,,,,,,,,,No,Yes
2139,https://en.wind-turbine-models.com/turbines/2139-hitachi-ltd-htw5-0-126,"Hitachi, Ltd.","Hitachi, Ltd. HTW5.0-126",5000,126,12469,3,90,4,25,10,11.7,permanent magnet synchronous,,steel tube,,,,,,33000,50/60 Hz,2015,Yes,Yes
1554,https://en.wind-turbine-models.com/turbines/1554-hitachi-ltd-htw5-2-127,"Hitachi, Ltd.","Hitachi, Ltd. HTW5.2-127",5200,127,12644,3,90,4,25,10,12.7,PMG,,steel tube,,,,,,33000,,2020,Yes,Yes
1553,https://en.wind-turbine-models.com/turbines/1553-hitachi-ltd-htw5-2-136,"Hitachi, Ltd.","Hitachi, Ltd. HTW5.2-136",5200,136,14540,3,90,3.5,25,7.5,12.7,PMG,,steel tube,,,,,,33000,50/60 Hz,2020,Yes,Yes
2621,https://en.wind-turbine-models.com/turbines/2621-hitachi-ltd-nedo-100kw,"Hitachi, Ltd.","Hitachi, Ltd. NEDO 100kW",100,29.4,678.9,2,28,5,17,10,61.2,alternating current synchrounous brushless,,steel pipe truss structure,,,,,,440,50 Hz,1982,No,Yes
1034,https://en.wind-turbine-models.com/turbines/1034-holec-wps-30-3,HOLEC,HOLEC WPS-30/3,310,30.1,712,3,35,5,20,14,,synchronus,,steel tube,,15400,,3200,,,50 Hz,1988,No,Yes
1033,https://en.wind-turbine-models.com/turbines/1033-holec-wps-35-550,HOLEC,HOLEC WPS-35-550,550,35,962,2,40,,,,38,Asynchronous,,,52000,,,,250000,660,50 Hz,,No,Yes
2366,https://en.wind-turbine-models.com/turbines/2366-holger-danske-hd-1,Holger Danske,Holger Danske HD 1,5.5,5,19.6,3,10,3,17,10,,induction,,steel tube with tripod,,,,,,400,50 Hz,1979,No,Yes
2367,https://en.wind-turbine-models.com/turbines/2367-holger-danske-hd-2,Holger Danske,Holger Danske HD 2,22,10,78.5,3,10,3,25,14,,induction,,steel tube with tripod,,,,,,,50 Hz,1979,No,Yes
2705,https://en.wind-turbine-models.com/turbines/2705-home-energy-v200,Home Energy,Home Energy V200,2.3,2,3.8,4,12,3,40,,700,synchronous permanent,,,,100,,,,230,60 Hz,,Yes,Yes
535,https://en.wind-turbine-models.com/turbines/535-hsw-husumer-schiffs-hsw-30,HSW Husumer Schiffs.,HSW Husumer Schiffs. HSW 30,30,12.4,113,2,14,4.5,22,15,93,Asynchronus,,Steel tube/ concrete,,,,,,380,50 Hz,1988,No,Yes
2325,https://en.wind-turbine-models.com/turbines/2325-hsw-husumer-schiffs-hsw-200,HSW Husumer Schiffs.,HSW Husumer Schiffs. HSW 200,210,25,490.9,3,27.3,3,23,14,39.5,induction,,steel tube,,,,,55000,400,50 Hz,1987,No,Yes
1285,https://en.wind-turbine-models.com/turbines/1285-hsw-husumer-schiffs-hsw-250,HSW Husumer Schiffs.,HSW Husumer Schiffs. HSW 250,250,25,490.9,3,28,4,23,13,39.3,induction,,steel tube,,,,,,400,50 Hz,,No,Yes
265,https://en.wind-turbine-models.com/turbines/265-hsw-husumer-schiffs-hsw-250-t,HSW Husumer Schiffs.,HSW Husumer Schiffs. HSW 250 T,250,28.5,638,3,28.5,3.7,24,14,39.8,Asynchronus,,Steel tube,10000,,34200,800,,380,50.0 Hz,,No,Yes
701,https://en.wind-turbine-models.com/turbines/701-hsw-husumer-schiffs-hsw-750,HSW Husumer Schiffs.,HSW Husumer Schiffs. HSW 750,750,46,1661.9,3,55,5,24,14,28,induction 4-pol,,steel tube,55000,,,,,690,50 Hz,1992,No,Yes
1170,https://en.wind-turbine-models.com/turbines/1170-hsw-husumer-schiffs-hsw-750-48,HSW Husumer Schiffs.,HSW Husumer Schiffs. HSW 750/48,750,48.4,1840,3,65,3,20,14,22.5,induction,,steel tube,22000,10000,63000,,95000,690,50 Hz,,No,Yes
266,https://en.wind-turbine-models.com/turbines/266-hsw-husumer-schiffs-hsw-1000-54,HSW Husumer Schiffs.,HSW Husumer Schiffs. HSW 1000/54,1000,54,2300,3,52.4,5,28,13.2,24.4,Asynchronus,,Steel tube,68000,,88000,3600,,690,50.0 Hz,,No,Yes
728,https://en.wind-turbine-models.com/turbines/728-hsw-husumer-schiffs-hsw-1000-57,HSW Husumer Schiffs.,HSW Husumer Schiffs. HSW 1000/57,1050,57,2552,3,55,3,25,13,22.9,Asynchronus,,Steel tube,65700,18000,72000,,160000,690,50.0 Hz,,No,Yes
360,https://en.wind-turbine-models.com/turbines/360-hswind-viking-25,HSWind,HSWind Viking 25,25,13,133,3,18,4,25,12,65,Asynchronus,,Steel tube,,,,,,400,50/60 Hz,,No,Yes
2744,https://en.wind-turbine-models.com/turbines/2744-hulst-logic-25,Hulst,Hulst Logic-25,25,15.9,199.8,3,15,,,,44,,,steel tower,,,,,,,,,No,Yes
662,https://en.wind-turbine-models.com/turbines/662-hvk-herborg-hvk-5,HVK Herborg,HVK Herborg HVK 5,5,,,3,,,,,,,,,,,,,,,,,No,Yes
993,https://en.wind-turbine-models.com/turbines/993-hvk-herborg-hvk-5,HVK Herborg,HVK Herborg HVK 5,5,,,,,,,,,,,,,,,,,,,,No,Yes
660,https://en.wind-turbine-models.com/turbines/660-hvk-herborg-hvk-15,HVK Herborg,HVK Herborg HVK 15,15,,,3,,,,,,,,,,,,,,,,,No,Yes
202,https://en.wind-turbine-models.com/turbines/202-hvk-herborg-vestas-hvk-30,HVK Herborg,HVK Herborg Vestas HVK 30,30,10,78.5,3,,,,,,,,,,,,,,,,,No,Yes
661,https://en.wind-turbine-models.com/turbines/661-hvk-herborg-hvk-30,HVK Herborg,HVK Herborg HVK 30,30,,,3,,,,,,,,,,,,,,,,,No,Yes
706,https://en.wind-turbine-models.com/turbines/706-hvk-herborg-vestas-hvk-30,HVK Herborg,HVK Herborg Vestas HVK 30,30,10,78.5,3,18,,,,,,,Lattice,,,,,,,,,No,Yes
1422,https://en.wind-turbine-models.com/turbines/1422-hvk-herborg-hvk-37,HVK Herborg,HVK Herborg HVK 37,37,13,132.7,3,18,4,25,16,,asynchronous,,lattice,,,,,,400,50 Hz,,No,Yes
203,https://en.wind-turbine-models.com/turbines/203-hvk-herborg-vestas-hvk-55,HVK Herborg,HVK Herborg Vestas HVK 55,55,15.6,,3,24.5,,,,,,,Lattice,,,,,,,,,No,Yes
992,https://en.wind-turbine-models.com/turbines/992-hvk-herborg-hvk-55,HVK Herborg,HVK Herborg HVK 55,55,15,177,3,20,,,,,,,Lattice,,,,,,,,,No,Yes
1887,https://en.wind-turbine-models.com/turbines/1887-hvk-herborg-hvk-120,HVK Herborg,HVK Herborg HVK 120,22,12,113,3,15,,,,,induction,,lattice,,,,,,,50 Hz,,No,Yes
1181,https://en.wind-turbine-models.com/turbines/1181-hyosung-hs50,Hyosung,Hyosung HS50,750,50,1964,3,50,4,25,12.5,27.8,Double fed induction,,steel tube,,,,,,690,60 Hz,,No,Yes
82,https://en.wind-turbine-models.com/turbines/82-hyosung-hs90,Hyosung,Hyosung HS90,2000,90.6,6447,3,80,3.5,25,12,15.8,Double Fed Asyn,,Steel tube,,,,,,690,50.0 Hz,,No,Yes
1182,https://en.wind-turbine-models.com/turbines/1182-hyosung-hs139,Hyosung,Hyosung HS139,5000,139,15175,3,100,3.4,25,11,11.8,synchronous permanent,,steel tube,,,,,,3300,50/60 Hz,,Yes,Yes
306,https://en.wind-turbine-models.com/turbines/306-hyundai-hq1650-77,Hyundai,Hyundai HQ1650/77,1650,77,4657,3,70,3.5,20,12,20,Double Fed Induction,,Tubular Steel,,,,,,690,50.0 Hz,,No,Yes
1178,https://en.wind-turbine-models.com/turbines/1178-hyundai-hq2000-86,Hyundai,Hyundai HQ2000/86,2000,86,5809,3,80,3.5,25,12.5,18.4,Double fed induction,,steel tube,,,,,,690,50/60 Hz,,No,Yes
1179,https://en.wind-turbine-models.com/turbines/1179-hyundai-hq2000-93,Hyundai,Hyundai HQ2000/93,2000,93,6793,3,80,3,20,11.5,17.3,Double fed induction,,steel tube,,,,,,690,50/60 Hz,,No,Yes
1180,https://en.wind-turbine-models.com/turbines/1180-hyundai-hq5500-140,Hyundai,Hyundai HQ5500/140,5500,140,15393.8,3,100,3.5,25,13,,synchronous permanent,,steel tube,,,,,,,50/60 Hz,,Yes,Yes
1869,https://en.wind-turbine-models.com/turbines/1869-impec-60kw,IMPEC,IMPEC 60kW,60,,,3,,,,,,synchronous permanent,,steel tube,,,,,,,,,No,Yes
1306,https://en.wind-turbine-models.com/turbines/1306-impsa-iv-70,IMPSA,IMPSA IV 70,1500,70,3886,3,65,3.5,25,15,19,synchronous permanent,,Steel or concrete,,,,,,690,45-65 Hz,,No,Yes
1310,https://en.wind-turbine-models.com/turbines/1310-impsa-iwp-70-1-5,IMPSA,IMPSA IWP 70-1.5,1500,70,3848,3,72.5,3,25,12,19,synchronous permanent,,steel tube / concret,,,,,,690,45-65 Hz,,No,Yes
1311,https://en.wind-turbine-models.com/turbines/1311-impsa-iwp-70-1-8,IMPSA,IMPSA IWP 70-1.8,1800,70,3848,3,72.5,3,25,13,19,synchronous permanent,,steel tube / concret,,,,,,690,45-65 Hz,,No,Yes
1307,https://en.wind-turbine-models.com/turbines/1307-impsa-iv-77,IMPSA,IMPSA IV 77,1500,77,4637,3,61.5,3,22,13,17.3,synchronous permanent,,steel tube / concret,,,,,,690,45-65 Hz,,No,Yes
1308,https://en.wind-turbine-models.com/turbines/1308-impsa-iv-82,IMPSA,IMPSA IV 82,1500,82,5325,3,85,3,22,12.5,17.3,synchronous permanent,,steel tube / concret,,,,,,690,45-65 Hz,,No,Yes
1312,https://en.wind-turbine-models.com/turbines/1312-impsa-iwp-83,IMPSA,IMPSA IWP 83,2100,83,5410,3,72,3,25,12.5,17,synchronous permanent,,steel tube / concret,,,,,,789,45-65 Hz,,No,Yes
1313,https://en.wind-turbine-models.com/turbines/1313-impsa-iwp-85,IMPSA,IMPSA IWP 85,2000,85,5674.5,3,60,3,25,12,17,synchronous permanent,,steel tube / concret,,,,,,750,45-65 Hz,,No,Yes
1309,https://en.wind-turbine-models.com/turbines/1309-impsa-iv-87,IMPSA,IMPSA IV 87,1500,87,5890,3,85,3,22,12,17.3,synchronous permanent,,steel tube / concret,,,,,,690,45-65 Hz,,No,Yes
1314,https://en.wind-turbine-models.com/turbines/1314-impsa-iwp-93,IMPSA,IMPSA IWP 93,2100,93,6793,3,72,3,22,12.5,16,synchronous permanent,,steel tube / concret,,,,,,789,45-65 Hz,,No,Yes
1315,https://en.wind-turbine-models.com/turbines/1315-impsa-iwp-100,IMPSA,IMPSA IWP 100,2000,100,7853,3,85,3,22,11,15,synchronous permanent,,steel tube / concret,,,,,,750,45-65 Hz,,No,Yes
1316,https://en.wind-turbine-models.com/turbines/1316-impsa-iwp-103,IMPSA,IMPSA IWP 103,2000,103,8332,3,85,3,22,11,15,synchronous permanent,,steel tube / concret,,,,,,750,45-65 Hz,,No,Yes
1096,https://en.wind-turbine-models.com/turbines/1096-india-wind-power-iwpl-29-250,India Wind Power,India Wind Power IWPL-29/250,250,29.7,693,3,50,3,25,15,39.4,,,,,,,,,,,,No,Yes
946,https://en.wind-turbine-models.com/turbines/946-ingetur-it-60-1300,Ingetur,Ingetur IT-60/1300,1300,60,2827,3,,,,,,,,,,,,,,,,2000,No,Yes
947,https://en.wind-turbine-models.com/turbines/947-ingetur-it-70-1300,Ingetur,Ingetur IT-70/1300,1300,70,3849,3,,,,,,,,,,,,,,,,2001,No,Yes
948,https://en.wind-turbine-models.com/turbines/948-ingetur-it-70-1500,Ingetur,Ingetur IT-70/1500,1500,70,3849,3,60,4,25,11.6,20.2,Double Fed Asyn,,Steel tube,52200,15200,135000,,202400,12000,50 Hz,2004,No,Yes
949,https://en.wind-turbine-models.com/turbines/949-ingetur-it-77-1500,Ingetur,Ingetur IT-77/1500,1500,77,4657,3,77,3,18,11.8,16.7,Double Fed Asyn,,Steel tube,52300,24000,120000,6800,196000,12000,50 Hz,2004,No,Yes
1097,https://en.wind-turbine-models.com/turbines/1097-inox-df-93,Inox,Inox DF 93,2000,93,6795,3,80,3,20,11.5,15.9,doubly fed induction,,steel tube,,,,,,690,50 Hz,,No,Yes
1098,https://en.wind-turbine-models.com/turbines/1098-inox-df-100,Inox,Inox DF 100,2000,100,7894,3,80,3,20,11,15.7,doubly fed induction,,steel tube,,,,,,690,50.0 Hz,,No,Yes
1846,https://en.wind-turbine-models.com/turbines/1846-inox-df-113,Inox,Inox DF 113,2000,113,10029,3,92,3,20,10.5,14.2,double fed induction,,steel tube,,,,,,690,50 Hz,,No,Yes
448,https://en.wind-turbine-models.com/turbines/448-inox-wt-2000-df,Inox,Inox WT 2000 DF,2000,93,6785,3,78,3,20,11.5,15.9,Double Fed Asyn,,Steel tube,,,,,,690,50 Hz,,No,Yes
1046,https://en.wind-turbine-models.com/turbines/1046-ird-15kw,IRD,IRD 15kW,15,7.9,49,3,12.5,4,30,11.5,96.2,induction generator,,steel tube,,,,,,415,50 Hz,1984,No,Yes
1048,https://en.wind-turbine-models.com/turbines/1048-ird-22kw,IRD,IRD 22kW,22,10.2,81.7,3,18.5,4.5,25,12,69,Induction,,lattice,,,,,,415,50 Hz,1980,No,Yes
1047,https://en.wind-turbine-models.com/turbines/1047-ird-55kw,IRD,IRD 55kW,55,14.5,165,3,15,4.5,25,15,50,synchronus,,lattice,,,,,,415,50 Hz,1982,No,Yes
2053,https://en.wind-turbine-models.com/turbines/2053-iskra-at5-1,Iskra,Iskra AT5-1,5,5.4,22.9,3,9,2.5,60,12,220,Patented brushless Permanent Magnet Alternator,,Free-standing (monopole) or guyed,300,,,,,400,50/60 Hz,,No,Yes
1811,https://en.wind-turbine-models.com/turbines/1811-italia-hawt-prototype,ITALIA,ITALIA HAWT Prototype,10,15,177,2,30,,,,,,,steel tube,,,,,,,,1975,No,Yes
1812,https://en.wind-turbine-models.com/turbines/1812-italia-vawt-prototype,ITALIA,ITALIA VAWT Prototype,15,12,113,3,25,,,,120,induction,,steel tube with cable,,,,,,380,50 Hz,1975,No,Yes
1611,https://en.wind-turbine-models.com/turbines/1611-iwt-v42,IWT,IWT V42,600,42,1357,3,40.5,4,25,16,30,induction,,steel tube / lattice,17300,8400,41000,1200,67000,690,50 Hz,,No,Yes
1599,https://en.wind-turbine-models.com/turbines/1599-iwt-v47,IWT,IWT V47,660,47,1735,3,40,4,25,15,28.5,Asynchronous,,steel tube / lattice,,,,,,690,50 Hz,,No,Yes
1604,https://en.wind-turbine-models.com/turbines/1604-iwt-v52,IWT,IWT V52,850,52,2124,3,40,4,25,16,31.4,Asynchronous,,steel tube / lattice,22000,10000,95000,,127000,690,50 Hz,,No,Yes
2476,https://en.wind-turbine-models.com/turbines/2476-iwt-v66,IWT,IWT V66,1750,66,3421,3,60,4,25,16,24.4,induction with vcs,,steel tube,57000,23000,199000,3800,279000,690,50/60 Hz,,No,Yes
816,https://en.wind-turbine-models.com/turbines/816-izar-turbinas-bonus-44-600,IZAR TURBINAS,IZAR TURBINAS Bonus 44/600,600,44,1520,3,35,3,25,15,27,Asynchronus,,Steel tube,22500,14200,70000,,106000,690,50 Hz,,No,Yes
2172,https://en.wind-turbine-models.com/turbines/2172-izar-turbinas-bonus-54-1000,IZAR TURBINAS,IZAR TURBINAS Bonus 54/1000,1000,54.2,2300,3,50,3,25,15,22,asynchronous,,steel tube,40000,25000,90000,,155000,690,50 Hz,,No,Yes
1818,https://en.wind-turbine-models.com/turbines/1818-izar-turbinas-bonus-55-1300,IZAR TURBINAS,IZAR TURBINAS Bonus 55/1300,1300,55,2375.8,3,68,3,25,16,24,induction,,steel tube,50000,26000,198000,,274000,690,50 Hz,,No,Yes
815,https://en.wind-turbine-models.com/turbines/815-izar-turbinas-bonus-62-1300,IZAR TURBINAS,IZAR TURBINAS Bonus 62/1300,1300,62,3000,3,50,3,25,15,19,Asynchronus,,Steel tube,46500,34400,93500,,174400,690,50.0 Hz,,No,Yes
2173,https://en.wind-turbine-models.com/turbines/2173-jacobs-37-500,Jacobs,Jacobs 37/500,500,37,1075,3,50,5,25,16,28,asynchronous,,steel tube,29400,,,,,690,50  Hz,,No,Yes
1377,https://en.wind-turbine-models.com/turbines/1377-jacobs-41-500,Jacobs,Jacobs 41/500,500,41,1320,3,50,4,25,15,26.8,induction,,steel tube,29400,,,,,690,50 Hz,,No,Yes
1174,https://en.wind-turbine-models.com/turbines/1174-jacobs-43-600,Jacobs,Jacobs 43/600,600,43,1452,3,40,3,25,14,27,induction,,steel tube,23000,12400,62000,,100000,690,50 Hz,,No,Yes
389,https://en.wind-turbine-models.com/turbines/389-jacobs-48-600,Jacobs,Jacobs 48/600,600,48.4,1840,3,50,2.5,20,13,22.3,Asynchronus,,Steel tube,23000,,,,,690,50 Hz,,No,Yes
391,https://en.wind-turbine-models.com/turbines/391-jacobs-48-750,Jacobs,Jacobs 48/750,750,48.4,1840,3,50,3,20,14,22.5,Asynchronus,,Steel tube,23000,10000,90000,,125000,690,50.0 Hz,,No,Yes
398,https://en.wind-turbine-models.com/turbines/398-jacobs-57-1000,Jacobs,Jacobs 57/1000,1050,57,2552,3,55,3,25,13,23,Asynchronus,,Steel tube,65700,18000,72000,,160000,690,50.0 Hz,,No,Yes
401,https://en.wind-turbine-models.com/turbines/401-jacobs-md-70,Jacobs,Jacobs MD 70,1500,70,3850,3,65,2.5,25,13,19,Double Fed Asyn,,Steel tube,56000,33000,,,,690,50 Hz,,No,Yes
402,https://en.wind-turbine-models.com/turbines/402-jacobs-md-77,Jacobs,Jacobs MD 77,1500,77,4656,3,62,2.5,20,12,17,Double Fed Asyn,,Steel tube,56000,35000,,,,690,50 Hz,,No,Yes
1410,https://en.wind-turbine-models.com/turbines/1410-jacobs-powertec-jpt-3-120,Jacobs PowerTec,Jacobs PowerTec JPT 3-120,3000,120,11310,3,126,3,25,10.1,12.4,synchronous Permavent System,,steel tube,,,,,,690,50 Hz,,No,Yes
537,https://en.wind-turbine-models.com/turbines/537-jacobs-wind-electric-31-20,Jacobs Wind Electric,Jacobs Wind Electric 31-20,20,9.5,230,3,24.5,3.5,,,185,Synchronous,,Lattice,,,,,1000,240,60 Hz,,No,Yes
1385,https://en.wind-turbine-models.com/turbines/1385-james-howden-hwp-60,James Howden,James Howden HWP-60,60,15,176.7,3,20,4.5,29,17,50,induction or synchronous,,tapered tubular,2100,600,4000,,6700,415,50 Hz,,No,Yes
1386,https://en.wind-turbine-models.com/turbines/1386-james-howden-hwp-200,James Howden,James Howden HWP-200,200,22,380,3,22,5,25,13.5,58,induction or synchronous,,steel tube/lattice,11000,3000,15000,,29000,415,50 Hz,,No,Yes
1384,https://en.wind-turbine-models.com/turbines/1384-james-howden-hwp-300,James Howden,James Howden HWP-300,300,22,380,3,22,5,25,16,45,induction or synchronous,,steel tube,11000,3000,15000,,29000,415,50 Hz,1983,No,Yes
361,https://en.wind-turbine-models.com/turbines/361-james-howden-hwp-330-31,James Howden,James Howden HWP-330-31,330,31,754.8,3,25,5,25,13.5,38,induction or synchronous,,steel tube,17000,5400,22300,,44700,415,60 Hz,,No,Yes
2533,https://en.wind-turbine-models.com/turbines/2533-james-howden-hwp-330-26,James Howden,James Howden HWP-330-26,330,26,531,3,25,5,25,14,42,induction or synchronous,,tubular steel with,17000,,22300,4800,58000,416,50/60 Hz,1986,No,Yes
2534,https://en.wind-turbine-models.com/turbines/2534-james-howden-hwp-330-33,James Howden,James Howden HWP-330-33,330,33,855,3,25,4,25,12,36,induction or synchronous,,tubular steel,17000,19000,22300,5000,59000,415,50/60 Hz,1987,No,Yes
557,https://en.wind-turbine-models.com/turbines/557-james-howden-hwp-750,James Howden,James Howden HWP-750,750,45,1590,3,35,6,26,13,30,Synchronous or induction,,Steel tube,40000,11000,29400,,81000,33000,50.0 Hz,,No,Yes
1813,https://en.wind-turbine-models.com/turbines/1813-james-howden-hwp-1000,James Howden,James Howden HWP-1000,1000,55,2376,3,45,5,25,13,30,induction,,steel tube,,,,,850000,3300,50 Hz,1989,No,Yes
998,https://en.wind-turbine-models.com/turbines/998-jernst-beri-a-s-5-vinget-klapsejler,Jernstøberi A/S,Jernstøberi A/S 5-vinget Klapsejler,,,,,,,,,,,,,,,,,,,,1922,No,Yes
103,https://en.wind-turbine-models.com/turbines/103-jeumont-j-48-750,Jeumont,Jeumont J 48/750,750,48,1810,3,46,3,25,13.5,26,synchronous permanent,,steel tube,30000,9000,40000,,79000,690,50 Hz,,No,Yes
2515,https://en.wind-turbine-models.com/turbines/2515-jfe-lagerwey-lw-50-750,JFE - Lagerwey,JFE - Lagerwey LW 50/750,750,50.5,2000,3,50,3,25,12,32,multiple-pole. synchronous,,steel tube,38000,13000,88000,,121000,690,50/60 Hz,,No,Yes
2121,https://en.wind-turbine-models.com/turbines/2121-john-brown-costa-head-turbine,John Brown,John Brown Costa Head turbine,100,15.5,188,3,24,,,,130,asynchronous,,lattice,,,,,,,50 Hz,1955,No,Yes
2327,https://en.wind-turbine-models.com/turbines/2327-j-zef-antos-rebielice-kr-lewskie,Józef Antos,Józef Antos Rebielice Królewskie,2000,32,804,280,54,2,14,,,without,,steel tube,,,,,240000,,,2003,No,Yes
2511,https://en.wind-turbine-models.com/turbines/2511-jsw-japan-steel-work-j70,JSW Japan Steel Work,JSW Japan Steel Work J70,1500,70,3850,3,70,3.5,25,13,21,synchronous permanent,,steel tube,94000,36000,145000,4500,275000,660,50/60 Hz,2006,No,Yes
65,https://en.wind-turbine-models.com/turbines/65-jsw-japan-steel-work-j82-2-0,JSW Japan Steel Work,JSW Japan Steel Work J82-2.0,2000,83.3,5450,3,70,3.5,25,13,19,Synchronous permanent,,Steel tube,34000,42000,145000,6500,221000,660,50.0 Hz,,No,Yes
2516,https://en.wind-turbine-models.com/turbines/2516-jsw-japan-steel-work-j82-2-0d,JSW Japan Steel Work,JSW Japan Steel Work J82-2.0D,2000,83.3,5450,3,70,3.5,25,13,19,Permanent magnet Multi-pole synchronous,,steel tube,30000,42000,160000,6500,230000,660,50/60 Hz,2007,No,Yes
2508,https://en.wind-turbine-models.com/turbines/2508-jsw-japan-steel-work-j100-2-7,JSW Japan Steel Work,JSW Japan Steel Work J100-2.7,2700,104,8494,3,85,4,25,13,14.5,permanent magnet multi-pole synchronous,,steel tube,,,,,,,50/60 Hz,2013,No,Yes
1007,https://en.wind-turbine-models.com/turbines/1007-k-m-vindm-ller-km-t-103,K.M. Vindmøller,K.M. Vindmøller KM-T 103,11,10,78.5,3,,,,,,,,,,,,,,,,,No,Yes
986,https://en.wind-turbine-models.com/turbines/986-k-m-vindm-ller-t202-swinger,K.M. Vindmøller,K.M. Vindmøller T202 Swinger,11,13,133,2,18.3,3,25,12,56,,,,,,,,,,,,No,Yes
2599,https://en.wind-turbine-models.com/turbines/2599-kaal-van-der-linden-twinmaster,Kaal van der Linden,Kaal van der Linden Twinmaster,110,15.6,382,6,28,4,25,12,,synchronous,,lattice. rigid,,,,,,380,50 Hz,1984,No,Yes
251,https://en.wind-turbine-models.com/turbines/251-kaehler-maschinenbau-kano-rotor,Kähler Maschinenbau,Kähler Maschinenbau KANO Rotor,30,13,132,3,30.5,3,22,13,55,Asynchronus,,Lattice,3000,500,5300,100,8800,400,50.0 Hz,,No,Yes
520,https://en.wind-turbine-models.com/turbines/520-kaman-40-kw,Kaman,Kaman 40 kW,40,19.5,299,2,23,,,9,69.2,Synchronous,,Lattice,,,,,,,,,No,Yes
2639,https://en.wind-turbine-models.com/turbines/2639-kandenko-test-turbine,KANDENKO,KANDENKO Test Turbine,,,,,,,,,,,,,,,,,,,,,No,Yes
1028,https://en.wind-turbine-models.com/turbines/1028-karlskronavarvet-wts-3-maglarp,Karlskronavarvet,Karlskronavarvet WTS-3 Maglarp,3000,78,4778,2,80,6,21,14,25,synchronus,,steel tube,,,,,2258000,,50 Hz,1982,No,Yes
2361,https://en.wind-turbine-models.com/turbines/2361-kenera-maxcap-141,Kenera,Kenera maxcap 141,2300,141,15614,3,110,,,,,synchronous,,steel tube,,,,,,,50/60 Hz,,No,Yes
759,https://en.wind-turbine-models.com/turbines/759-kenersys-k82-2-0mw,Kenersys,Kenersys K82 2.0MW,2000,82,5281,3,80,3,25,14,17.1,Synchronous,,Steel tube,60000,38000,,,,600,50/60 Hz,,No,Yes
760,https://en.wind-turbine-models.com/turbines/760-kenersys-k100-2-5mw,Kenersys,Kenersys K100 2.5MW,2500,100,7854,3,85,3,25,14,14.1,Synchronous,,Steel tube/Hybrid,90000,55000,,,,600,50/60 Hz,,No,Yes
35,https://en.wind-turbine-models.com/turbines/35-kenersys-k110-2-4mw,Kenersys,Kenersys K110 2.4MW,2400,109,9331,3,95,3,20,12.5,12.8,Synchronous,,Steel tube/Hybrid,90000,62000,,,,600,50/60 Hz,,No,Yes
761,https://en.wind-turbine-models.com/turbines/761-kenersys-k120-2-3mw,Kenersys,Kenersys K120 2.3MW,2300,120,11310,3,90,3,20,10,11.9,Synchronous,,Steel tube/Hybrid,94000,69000,,,,600,50/60 Hz,,No,Yes
116,https://en.wind-turbine-models.com/turbines/116-kenetech-kvs-33,Kenetech,Kenetech KVS-33,360,33,855.3,3,24,4.5,29,11.6,54,Squirrel cage induction,,lattice or steel tower,10000,,52000,1000,,480,50/60 Hz,,No,Yes
975,https://en.wind-turbine-models.com/turbines/975-kenetech-33-m-vs,Kenetech,Kenetech 33 M-VS,410,33,588,3,25,4,28.5,14,54,Asynchronus,,Lattice,10000,4000,52000,700,66000,480,50/60 Hz,,No,Yes
316,https://en.wind-turbine-models.com/turbines/316-kenetech-kcs-56,Kenetech,Kenetech KCS-56,100,17,,3,,5,20,13,72,,,Tripod,,,,,,,,,No,Yes
1043,https://en.wind-turbine-models.com/turbines/1043-kessler-spinwind,Kessler,Kessler SPINWIND,10,4.7,40,3,9.7,3,16,11.5,130,synchronous,,steel tube,,800,1300,,2500,400,50 Hz,,No,Yes
1245,https://en.wind-turbine-models.com/turbines/1245-keuka-energy-rim-drive,Keuka Energy,Keuka Energy Rim Drive,,,,,,4,20,,,,,,,,,,,,,,No,Yes
666,https://en.wind-turbine-models.com/turbines/666-kingspan-renewables-kw6,Kingspan Renewables,Kingspan Renewables KW6,6.1,5.6,24.6,3,9,3.5,,,200,Synchronous permanent,,Steel tube,,,,,,300,,,No,Yes
2155,https://en.wind-turbine-models.com/turbines/2155-kleinwind-gmbh-schachner-windrad-sw1-5,Kleinwind GmbH,Kleinwind GmbH SCHACHNER WINDRAD SW1.5,1.5,1.9,2.8,5,,1.8,50,13,,synchron,,,,,,,0,48,50/60 Hz,,Yes,Yes
2153,https://en.wind-turbine-models.com/turbines/2153-kleinwind-gmbh-schachner-windrad-sw5,Kleinwind GmbH,Kleinwind GmbH Schachner Windrad SW5,5,5.6,24.6,3,8,2.5,25,11,240,synchron,,steel tube,,,,,300,400,50/60 Hz,,No,Yes
2154,https://en.wind-turbine-models.com/turbines/2154-kleinwind-gmbh-schachner-windrad-sw10,Kleinwind GmbH,Kleinwind GmbH Schachner Windrad SW10,10,7.8,47.8,3,10,3,25,11,200,synchron,,steel tube,,,,,500,400,50/60 Hz,,No,Yes
2385,https://en.wind-turbine-models.com/turbines/2385-kliux-geo-1800,KLiUX,KLiUX Geo 1800,1.8,2.4,3.5,9,6,3.5,,,70,permanent magnet,,steel tube,400,,400,,800,230,50 Hz,2011,No,Yes
2793,https://en.wind-turbine-models.com/turbines/2793-kodair-kd20,Kodair,Kodair KD20,20,13.1,135,3,20,3.5,19,11.5,,permanent magnet,,steel tube with tower tilt system,,,,,,,,,No,Yes
2792,https://en.wind-turbine-models.com/turbines/2792-kodair-kw30,Kodair,Kodair KW30,30,14.1,156,3,24,3.5,21,11,,permanent magnet generator,,steel tube with tower tilt system,,,,,,,,,No,Yes
1878,https://en.wind-turbine-models.com/turbines/1878-komaihaltec-kwt300,Komaihaltec,Komaihaltec KWT300,300,33,855,3,41.5,3,25,11.5,40.5,induction,,steel tube,18000,5000,50000,,73000,400,50/60 Hz,2006,No,Yes
480,https://en.wind-turbine-models.com/turbines/480-kon-ar-ko-va-57-1,KONČAR,KONČAR KO - VA 57 / 1,1000,57,2588,3,60,2,27,12,27,Synchronous,,Steel tube,,,,,,690,50 Hz,,No,Yes
481,https://en.wind-turbine-models.com/turbines/481-kon-ar-k80,KONČAR,KONČAR K80,2500,91,6526,3,80,2.5,25,12.5,16,Synchronous,,Steel tube,,,,,,690,50 Hz,,No,Yes
2384,https://en.wind-turbine-models.com/turbines/2384-kon-ar-k104,KONČAR,KONČAR K104,2500,103.8,8495,3,80,2.5,25,11.5,15,,,,,,,,,,,,No,Yes
199,https://en.wind-turbine-models.com/turbines/199-kongsted-kongsted-m-llen-fiberglass-blades,Kongsted,Kongsted Kongsted Møllen - fiberglass blades,22,10,78,3,18,4,45,,61,induction,,lattice mast,2000,,3000,,5000,380,50 Hz,,No,Yes
200,https://en.wind-turbine-models.com/turbines/200-kongsted-kongsted-m-llen-nacelle-fiberglass-blades,Kongsted,Kongsted Kongsted Møllen - nacelle (fiberglass blades),22,10.4,78,3,18,4,45,,61,induction,,lattice mast,2000,,3000,,5000,380,50 Hz,,No,Yes
198,https://en.wind-turbine-models.com/turbines/198-kongsted-kongsted-m-llen-nacelle-wood-blades,Kongsted,Kongsted Kongsted Møllen - nacelle (wood blades),22,10.4,78,3,18,4,45,,61,induction,,lattice mast,2000,,3000,,5000,380,50 Hz,,No,Yes
197,https://en.wind-turbine-models.com/turbines/197-kongsted-kongsted-m-llen-wood-blades,Kongsted,Kongsted Kongsted Møllen - wood blades,22,10.4,78,3,18,4,45,,61,induction,,lattice mast,2000,,3000,,5000,380,50 Hz,,No,Yes
1287,https://en.wind-turbine-models.com/turbines/1287-kongsted-kongsted-m-llen-18kw,Kongsted,Kongsted Kongsted Møllen 18kW,18,11,95,3,19,,,,,,,lattice,,,,,,,,,No,Yes
2740,https://en.wind-turbine-models.com/turbines/2740-kepco-200kw,KEPCO,KEPCO 200kW,200,28,615,3,30,3,25,10,,synchronous permanent,,steel tube,,,,,,,,2019,No,Yes
841,https://en.wind-turbine-models.com/turbines/841-koester-adler-pumping-station-arbshagen,Köster,Köster Adler / pumping station Arbshagen,,7.5,44,6,14,,,,,,,Lattice,,,,,,,,1914,No,Yes
906,https://en.wind-turbine-models.com/turbines/906-koester-adler-pumping-station-kaiser-wilhelm-koog,Köster,Köster Adler / pumping station Kaiser Wilhelm Koog,,,,,,,,,,,,,,,,,,,,,No,Yes
1704,https://en.wind-turbine-models.com/turbines/1704-koester-adler-pumping-station-lobbe,Köster,Köster Adler / pumping station Lobbe,,9.9,77,30,14,,,,,with out. pump for drainage,,lattice,,,,,,,,1920,No,Yes
1460,https://en.wind-turbine-models.com/turbines/1460-koester-adler-pumping-station-usedom,Köster,Köster Adler / pumping station Usedom,,8.5,56.7,27,,,,,,,,,,,,,,,,,No,Yes
234,https://en.wind-turbine-models.com/turbines/234-koester-adler-25,Köster,Köster Adler 25,165,25,480,3,22.7,3.4,20,13.5,50,induction,,guyed tubular / concrete,7400,,7100,1000,17400,400,50.0 Hz,,No,Yes
1442,https://en.wind-turbine-models.com/turbines/1442-krampitz-kk,Krampitz,Krampitz KK,18,9.5,72,18,9,3,25,10,45,induction,,lattice,1800,900,,,,380,50 Hz,1980,No,Yes
2174,https://en.wind-turbine-models.com/turbines/2174-kramsbjerg-m-llen-10-kw,Kramsbjerg Møllen,Kramsbjerg Møllen 10 kW,10,8,50,3,12,,25,,,synchronous,,lattice,,,,,,,,1982,No,Yes
1035,https://en.wind-turbine-models.com/turbines/1035-krasnovsky-wime-d-30,Krasnovsky,Krasnovsky WIME D-30,100,30,707,3,25,3,20,8,30,Asynchronous,,lattice,,,,,,220,,1931,No,Yes
324,https://en.wind-turbine-models.com/turbines/324-krogmann-15-50,Krogmann,Krogmann 15-50,50,15,177,3,30,2.5,25,14,70,synchronous,,Lattice/concrete,2100,,25600,100,,320,50 Hz,,No,Yes
680,https://en.wind-turbine-models.com/turbines/680-kuriant-ke-11k,Kuriant,Kuriant KE 11K,11,10,79,3,12,4,25,,,induction,,Lattice,,,,,,380,50 Hz,,No,Yes
171,https://en.wind-turbine-models.com/turbines/171-kuriant-ke-15-4,Kuriant,Kuriant KE 15/4,15,10.9,92,3,12,4,25,,,induction,,Lattice,,,,,,380,50 Hz,,No,Yes
679,https://en.wind-turbine-models.com/turbines/679-kuriant-ke-18-4eh,Kuriant,Kuriant KE 18/4EH,18,10.9,93,3,20,3.5,25,23,66.7,induction,,Lattice,,,,,,380,50 Hz,,No,Yes
988,https://en.wind-turbine-models.com/turbines/988-kva-vind-kva-6-10,KVA Vind,KVA Vind KVA 6-10,10,7.1,39.6,3,21.5,3,25,10.5,,Synchronous permanent,,,,,,,,400,50 Hz,,No,Yes
1935,https://en.wind-turbine-models.com/turbines/1935-kva-vind-kva-vind-10-15,KVA Vind,KVA Vind KVA Vind 10-15,15,9.9,77,3,,3,25,8.5,,synchronous permanent,,steel tube,,,,,,690,50 Hz,,No,Yes
830,https://en.wind-turbine-models.com/turbines/830-kv-rner-turbin-ab-naesudden-ii,Kværner Turbin AB,Kværner Turbin AB Näsudden II,3000,80.5,5093.4,2,78,6,25,14.5,21,Asynchronus,,concrete/tubular steel on top,130800.00000000001,41000,1510000,9000,1681800,690,50 Hz,1993,No,Yes
1029,https://en.wind-turbine-models.com/turbines/1029-kv-rner-turbin-ab-naesudden-i-wts-75,Kværner Turbin AB,Kværner Turbin AB Näsudden I WTS-75,2000,75,4418,2,77,6,21,13,25,Induction,,concrete,,,,,,,50 Hz,1982,No,Yes
2600,https://en.wind-turbine-models.com/turbines/2600-lagerwey-lw-10-24,Lagerwey,Lagerwey LW 10/24,30,10.6,88,3,24,4,40,12,66,synchronous,,tubular. compliant,,,,,,380,,1979,No,Yes
407,https://en.wind-turbine-models.com/turbines/407-lagerwey-lw-10-35,Lagerwey,Lagerwey LW 10/35,35,10.6,88.3,3,,,,,66,,,,,,,,,,,,No,Yes
117,https://en.wind-turbine-models.com/turbines/117-lagerwey-lw-15-75,Lagerwey,Lagerwey LW 15/75,75,15.8,196.1,2,24,3,25,12,,Asynchronus,,Steel tube,,,,,,400,50 Hz,,No,Yes
79,https://en.wind-turbine-models.com/turbines/79-lagerwey-lw-18-80,Lagerwey,Lagerwey LW 18/80,80,18,254,2,32,2.8,30,14,120,Asynchronus,,Steel tube/ concrete,3000,900,52000,200,56000,400,50.0 Hz,,No,Yes
378,https://en.wind-turbine-models.com/turbines/378-lagerwey-lw-27-250,Lagerwey,Lagerwey LW 27/250,250,27,572,2,36,3,25,14,90,Asynchronus,,Steel tube/ concrete,7500,2500,51000,300,61000,400,50.0 Hz,,No,Yes
380,https://en.wind-turbine-models.com/turbines/380-lagerwey-lw-30-250,Lagerwey,Lagerwey LW 30/250,250,30,707,2,40,3,25,13,70,Asynchronus,,Steel tube/ concrete,6000,500,51000,300,58000,400,50.0 Hz,,No,Yes
61,https://en.wind-turbine-models.com/turbines/61-lagerwey-lw-50-750,Lagerwey,Lagerwey LW 50/750,750,50.5,2003,3,50,3,25,12,32,synchronous. ring generator,,Steel tube,38000,13000,88000,,121000,690,50.0 Hz,,No,Yes
51,https://en.wind-turbine-models.com/turbines/51-lagerwey-lw-52-750,Lagerwey,Lagerwey LW 52/750,750,51.5,2083,3,35,2.5,25,13,28,Multipole,,,,,,,,,,,No,Yes
1349,https://en.wind-turbine-models.com/turbines/1349-lagerwey-lw-58-750,Lagerwey,Lagerwey LW 58/750,750,58,2642,3,75,1,20,11,21,synchronous multipole,,steel tube,,,,,,690,50 Hz,,No,Yes
423,https://en.wind-turbine-models.com/turbines/423-lagerwey-lw-72-2000,Lagerwey,Lagerwey LW 72/2000,2000,71.2,3984,3,65,2,25,13,24,synchronous,,Steel tube,60500,29000,150000,,,4000,50 Hz,,No,Yes
137,https://en.wind-turbine-models.com/turbines/137-lagerwey-l82-2-0-mw,Lagerwey,Lagerwey L82 2.0 MW,2000,82.5,5350,3,90,2.7,28,12.5,18.5,Synchronous multi-pole,,tubular steel tower,,,,,,690,50 Hz,,No,Yes
1451,https://en.wind-turbine-models.com/turbines/1451-lagerwey-l82-2-3-mw,Lagerwey,Lagerwey L82 2.3 MW,2300,82,5346,3,59,2.7,25,,17.8,multi pole synchronous permanent,,steel tube/ modular steel tower*,,,,,,,50 Hz,,No,Yes
1450,https://en.wind-turbine-models.com/turbines/1450-lagerwey-l93-1-5-mw,Lagerwey,Lagerwey L93 1.5 MW,1500,93,6810,3,73.5,2.3,28,,15.6,multi pole synchronous permanent,,steel tube,,,,,,,50 Hz,,No,Yes
336,https://en.wind-turbine-models.com/turbines/336-lagerwey-l93-2-6-mw,Lagerwey,Lagerwey L93 2.6 MW,2600,93,6810,3,80,2.3,28,15,15.6,Synchronous multi-pole,,Steel tube,,,,,,690,50 Hz,,No,Yes
640,https://en.wind-turbine-models.com/turbines/640-lagerwey-l100-1-5-mw,Lagerwey,Lagerwey L100 1.5 MW,1500,100,7854,3,90,2.1,28,10,15.3,Synchronous multi-pole,,Steel tube,,,,,,690,50 Hz,,No,Yes
638,https://en.wind-turbine-models.com/turbines/638-lagerwey-l100-2-5-mw,Lagerwey,Lagerwey L100 2.5 MW,2500,100,7854,3,75,2,22,11.7,15.3,Synchronous multi-pole,,Steel tube/ modular steel tower*,,,,,,676,50.0 Hz,,No,Yes
639,https://en.wind-turbine-models.com/turbines/639-lagerwey-l100-3-0-mw,Lagerwey,Lagerwey L100 3.0 MW,3000,100,7854,3,90,2.1,28,16,15.3,Synchronous multi-pole,,Steel tube,,,,,,690,50 Hz,,No,Yes
951,https://en.wind-turbine-models.com/turbines/951-lagerwey-l132-3-8-mw,Lagerwey,Lagerwey L132 3.8 MW,3800,132,13685,3,133,2.3,28,,11.8,Synchronous multi-pole,,Steel tube,,,,,,,,,No,Yes
1452,https://en.wind-turbine-models.com/turbines/1452-lagerwey-l136-4-0-mw,Lagerwey,Lagerwey L136 4.0 MW,4000,136,14655,3,120,2,25,,,Direct Drive Permanent Magnet (DDPM),,Modular Steel Tower (MST),,,,,,,50 Hz,,No,Yes
1720,https://en.wind-turbine-models.com/turbines/1720-lagerwey-l136-4-5-mw,Lagerwey,Lagerwey L136 4.5 MW,4500,136,14584,3,120,2.5,25,,11,synchronous multi-pole permanent,,MST - Modular Steel Tower,,,,,,,,,No,Yes
1903,https://en.wind-turbine-models.com/turbines/1903-lagerwey-l147-lp4,Lagerwey,Lagerwey L147 LP4,4300,147,16972,3,126,2.5,25,,,synchronous permanent,,Modular Steel Tower (MST),,,,,,,50/60 Hz,2018,No,Yes
1904,https://en.wind-turbine-models.com/turbines/1904-lagerwey-l160-lp4,Lagerwey,Lagerwey L160 LP4,4000,160,20106,3,120,2.5,25,,,synchronous permanent,,Modular Steel Tower (MST),,,,,,,50/60 Hz,2019,No,Yes
726,https://en.wind-turbine-models.com/turbines/726-lahmann-stampa-hawi-15,Lahmann + Stampa,Lahmann + Stampa HaWi 15,20,10,78,3,20,4,24,12,70,,,Lattice,,,,,,,,,No,Yes
1187,https://en.wind-turbine-models.com/turbines/1187-lanzhou-lec-2-0-mw-wd-r93,Lanzhou,Lanzhou LEC-2.0 MW-WD R93,2000,93,6792.9,3,80,3,25,11.5,,synchronous,,steel tube,,,,,,690,50 Hz,,No,Yes
464,https://en.wind-turbine-models.com/turbines/464-shriram-ltw-77,Shriram,Shriram LTW 77,1500,77,4657,3,65,2.5,25,,,Synchronous permanent,,Steel tube,,,,,,,,,No,Yes
1816,https://en.wind-turbine-models.com/turbines/1816-leitwind-ltw42-250,Leitwind,Leitwind LTW42 250,250,42,1385,3,29.47,3,25,9,29.7,Permanent Magnet Direct Drive Synchronous Machine,,steel tube,,,,,,400,50/60 Hz,,No,Yes
2606,https://en.wind-turbine-models.com/turbines/2606-leitwind-ltw42-500,Leitwind,Leitwind LTW42 500,500,42,1416,3,28,2.5,20,13,29.7,permanent magnet synchronous,,Segmented tubular steel tower,,,,,,690,50/60 Hz,,No,Yes
1647,https://en.wind-turbine-models.com/turbines/1647-leitwind-ltw62-1200,Leitwind,Leitwind LTW62 1200,1200,62,3019,3,60,3,25,12,25,synchronous permanent,,steel tube,,,,,,690,50 Hz,2003,No,Yes
621,https://en.wind-turbine-models.com/turbines/621-leitwind-ltw70-2000,Leitwind,Leitwind LTW70 2000,2000,70.1,3859,3,60,3,25,14.5,20.8,Synchronous permanent,,Steel tube,,,,,,690,50 Hz,,No,Yes
1648,https://en.wind-turbine-models.com/turbines/1648-leitwind-ltw77-800,Leitwind,Leitwind LTW77 800,800,76.6,4608,3,61.5,3,25,11,18,synchronous permanent,,steel tube,,,,,,690,50 Hz,2013,No,Yes
622,https://en.wind-turbine-models.com/turbines/622-leitwind-ltw77-850,Leitwind,Leitwind LTW77 850,850,76.6,4608,3,61.5,3,25,11,20.5,synchronous permanent,,Steel tube,,,,,,690,50 Hz,2011,No,Yes
1649,https://en.wind-turbine-models.com/turbines/1649-leitwind-ltw77-1000,Leitwind,Leitwind LTW77 1000,1000,76.6,4608,3,61.5,3,25,11,18,synchronous permanent,,steel tube,,,,,,690,50 Hz,2010,No,Yes
1650,https://en.wind-turbine-models.com/turbines/1650-leitwind-ltw77-1350,Leitwind,Leitwind LTW77 1350,1350,76.6,4608,3,65,2.5,25,12,18,synchronous permanent,,steel tube,,,,,,690,50 Hz,2005,No,Yes
307,https://en.wind-turbine-models.com/turbines/307-leitwind-ltw77-1500,Leitwind,Leitwind LTW77 1500,1500,76.7,4608,3,61.5,3,25,15,17.8,Synchronous permanent,,Steel tube,,,,,,690,50 Hz,2007,No,Yes
2608,https://en.wind-turbine-models.com/turbines/2608-leitwind-ltw80-500,Leitwind,Leitwind LTW80 500,500,80,5064,3,60,3,25,8,17.5,permanent magnet synchronous,,Segmented tubular steel tower / Transformer and converter station in tower bottom,,,,,,690,50/60 Hz,,No,Yes
1652,https://en.wind-turbine-models.com/turbines/1652-leitwind-ltw80-800,Leitwind,Leitwind LTW80 800,800,80.3,5064,3,65,3,25,10,17.5,synchronous permanent,,steel tube,,,,,,690,50/60 Hz,,No,Yes
623,https://en.wind-turbine-models.com/turbines/623-leitwind-ltw80-850,Leitwind,Leitwind LTW80 850,850,80,5064,3,65,3,25,10,20.9,Synchronous permanent,,Steel tube,,,,,,690,50 Hz,,No,Yes
1651,https://en.wind-turbine-models.com/turbines/1651-leitwind-ltw80-1000,Leitwind,Leitwind LTW80 1000,1000,80.3,5064,3,65,3,25,11,17.5,synchronous permanent,,steel tube,,,,,,690,50/60 Hz,,No,Yes
624,https://en.wind-turbine-models.com/turbines/624-leitwind-ltw80-1500,Leitwind,Leitwind LTW80 1500,1500,80.3,5064,3,60,3,25,12,17.5,Synchronous permanent,,Steel tube,,,,,,690,50/60 Hz,2009,No,Yes
1653,https://en.wind-turbine-models.com/turbines/1653-leitwind-ltw80-1650,Leitwind,Leitwind LTW80 1650,1650,80.3,5064,3,60,3,25,13,17.8,synchronous permanent,,steel tube,,,,,,690,50/60 Hz,,No,Yes
625,https://en.wind-turbine-models.com/turbines/625-leitwind-ltw80-1800,Leitwind,Leitwind LTW80 1800,1800,80.3,5064,3,60,3,25,13,17.8,Synchronous permanent,,Steel tube,,,,,,690,50/60 Hz,,No,Yes
1654,https://en.wind-turbine-models.com/turbines/1654-leitwind-ltw86-1000,Leitwind,Leitwind LTW86 1000,1000,86.3,5849,3,80,3,25,11,15,synchronous permanent,,steel tube,,,,,,690,50/60 Hz,,No,Yes
626,https://en.wind-turbine-models.com/turbines/626-leitwind-ltw86-1500,Leitwind,Leitwind LTW86 1500,1500,86.3,5849,3,80,3,20,13,15.8,synchronous permanent,,steel tube,,,,,,690,50/60 Hz,2010,No,Yes
2609,https://en.wind-turbine-models.com/turbines/2609-leitwind-ltw90-500,Leitwind,Leitwind LTW90 500,500,90,6404,3,60,3,25,8,15,permanent magnet synchronous,,segmented tubular steel tower,,,,,,690,50/60 Hz,,No,Yes
2610,https://en.wind-turbine-models.com/turbines/2610-leitwind-ltw90-900,Leitwind,Leitwind LTW90 900,900,90,6404,3,60,3,25,9,15,permanent magnet synchronous,,Segmented tubular steel tower,,,,,,690,50/60 Hz,,No,Yes
1817,https://en.wind-turbine-models.com/turbines/1817-leitwind-ltw90-950,Leitwind,Leitwind LTW90 950,950,90.3,6404,3,65,3,25,9,15,Permanent Magnet Direct Drive Synchronous Machine,,steel tube,,,,,,690,50/60 Hz,,No,Yes
1655,https://en.wind-turbine-models.com/turbines/1655-leitwind-ltw90-1000,Leitwind,Leitwind LTW90 1000,1000,90.3,6404,3,65,3,25,9,15,synchronous permanent,,steel tube,,,,,,690,50/60 Hz,,No,Yes
1656,https://en.wind-turbine-models.com/turbines/1656-leitwind-ltw90-1500,Leitwind,Leitwind LTW90 1500,1500,90.3,6404,3,65,3,25,11,15,synchronous permanent,,steel tube,,,,,,690,50/60 Hz,,No,Yes
1657,https://en.wind-turbine-models.com/turbines/1657-leitwind-ltw90-2000,Leitwind,Leitwind LTW90 2000,2000,90.3,6404,3,65,3,25,13,16,synchronous permanent,,steel tube,,,,,,690,50/60 Hz,,No,Yes
1658,https://en.wind-turbine-models.com/turbines/1658-leitwind-ltw93-3000,Leitwind,Leitwind LTW93 3000,3000,92.7,6750,3,75,3,25,14,16.8,synchronous permanent,,steel tube,,,,,,690,50/60 Hz,,No,Yes
1133,https://en.wind-turbine-models.com/turbines/1133-leitwind-ltw101-2000,Leitwind,Leitwind LTW101 2000,2000,101,8012,3,80,3,25,11,15,synchronous permanent,,steel tube / *hybrid,,,,,,690,50/60 Hz,,No,Yes
1134,https://en.wind-turbine-models.com/turbines/1134-leitwind-ltw101-2500,Leitwind,Leitwind LTW101 2500,2500,101,8012,3,80,3,25,12,14.4,synchronous permanent,,steel tube / *hybrid,,,,,,690,50/60 Hz,,No,Yes
620,https://en.wind-turbine-models.com/turbines/620-leitwind-ltw101-3000,Leitwind,Leitwind LTW101 3000,3000,101,8012,3,93.5,3,25,15,14.4,Synchronous permanent,,Steel tube/ concrete,,,,,,690,50/60 Hz,2013,No,Yes
627,https://en.wind-turbine-models.com/turbines/627-leitwind-ltw104-2000,Leitwind,Leitwind LTW104 2000,2000,104.1,8495,3,95,3,25,10,14.8,Synchronous permanent,,Steel tube/ concrete,,,,,,690,50 Hz,,No,Yes
628,https://en.wind-turbine-models.com/turbines/628-leitwind-ltw104-2500,Leitwind,Leitwind LTW104 2500,2500,104.1,8495,3,95,3,25,11,14.8,Synchronous permanent,,Steel tube/ concrete,,,,,,690,50 Hz,,No,Yes
1471,https://en.wind-turbine-models.com/turbines/1471-lykkegaard-4-vingede-klapsejler,Lykkegaard,Lykkegaard 4-vingede klapsejler,,,,,,,,,,,,,,,,,,,,,No,Yes
2175,https://en.wind-turbine-models.com/turbines/2175-lmw-10-7,LMW,LMW 10/7,10,7,38,3,18,3.1,54,12,,,,,,,,,,220,,1994,No,Yes
2521,https://en.wind-turbine-models.com/turbines/2521-luvside-double-helix-0-5-marina,LuvSide,LuvSide Double-Helix 0.5 Marina,0.5,1.4,1.4,4,1,3,25,,130,PMSG,,steel tube,,,,,,48,50/60 Hz,,Yes,Yes
2522,https://en.wind-turbine-models.com/turbines/2522-luvside-ls-doppel-helix-1-0,LuvSide,LuvSide LS Doppel Helix 1.0,1,1.4,4.2,12,3,4,,15,140,PMSG,,steel tube,,,,,500,130,50/60 Hz,,Yes,Yes
2518,https://en.wind-turbine-models.com/turbines/2518-luvside-ls-doppel-helix-1-5,LuvSide,"LuvSide LS Doppel Helix 1,5",1.5,1.4,5.6,16,4,3,23,15,140,PMSG,,steel tube,,,,,600,,50/60 Hz,2019,Yes,Yes
2519,https://en.wind-turbine-models.com/turbines/2519-luvside-helix-3-0,LuvSide,LuvSide Helix 3.0,3,2.2,8.8,6,4.4,4,20,16,140,PMSG,,steel tube,,300,,,600,,50/60 Hz,,Yes,Yes
2523,https://en.wind-turbine-models.com/turbines/2523-luvside-hurakan-8-0,LuvSide,LuvSide HuraKan 8.0,8,6,28,3,12,3,,11,260,PMSG,,steel tube,,,,,500,400,50/60 Hz,,Yes,Yes
808,https://en.wind-turbine-models.com/turbines/808-m-torres-twt-1-5-70,M.Torres,M.Torres TWT 1.5-70,1500,70,3870,3,60,3,25,11,17,Synchronous multi-pole,,Steel tube,70000,,,,,690,50 Hz,,No,Yes
801,https://en.wind-turbine-models.com/turbines/801-m-torres-twt-1-5-72,M.Torres,M.Torres TWT 1.5-72,1500,72,4072,3,60,3,25,11.5,20,Synchronous multi-pole,,Steel tube,70000,,,,,650,50 Hz,,No,Yes
809,https://en.wind-turbine-models.com/turbines/809-m-torres-twt-1-5-77,M.Torres,M.Torres TWT 1.5-77,1500,77,4630,3,60,3,25,10.5,17,Synchronous multi-pole,,Steel tube,70000,,,,,690,50 Hz,,No,Yes
802,https://en.wind-turbine-models.com/turbines/802-m-torres-twt-1-65-70,M.Torres,M.Torres TWT 1.65-70,1650,70,3870,3,71,3,25,16,17,Synchronous multi-pole,,Steel tube,,,,,,690,50 Hz,,No,Yes
803,https://en.wind-turbine-models.com/turbines/803-m-torres-twt-1-65-77,M.Torres,M.Torres TWT 1.65-77,1650,77,4630,3,71,3,25,16,20,Synchronous multi-pole,,Steel tube,,,,,,690,50 Hz,,No,Yes
804,https://en.wind-turbine-models.com/turbines/804-m-torres-twt-1-65-82,M.Torres,M.Torres TWT 1.65-82,1650,82,5365,3,71,3,25,15,18,Synchronous multi-pole,,Steel tube,,,,,,690,50 Hz,,No,Yes
805,https://en.wind-turbine-models.com/turbines/805-m-torres-twt-2-5-90,M.Torres,M.Torres TWT 2.5-90,2500,90,6362,3,103,3,25,16,17,Synchronous multi-pole,,Steel tube/ concrete,,,,,,690,50 Hz,,No,Yes
806,https://en.wind-turbine-models.com/turbines/806-m-torres-twt-2-5-100,M.Torres,M.Torres TWT 2.5-100,2500,100,7854,3,103,3,25,15,17,Synchronous multi-pole,,Steel tube/ concrete,,,,,,690,50 Hz,,No,Yes
807,https://en.wind-turbine-models.com/turbines/807-m-torres-twt-2-5-109,M.Torres,M.Torres TWT 2.5-109,2500,109,9314,3,103,3,20,14,17,Synchronous multi-pole,,Steel tube/ concrete,,,,,,690,50 Hz,,No,Yes
960,https://en.wind-turbine-models.com/turbines/960-made-endesa-gesa-peui-10-3,Made - Endesa,Made - Endesa GESA PEUI 10/3,30,10.4,85,3,12,3,25,12,75,induction 7.5/30kW,,steel tube,,,,,,380,50 Hz,1984,No,Yes
2722,https://en.wind-turbine-models.com/turbines/2722-made-endesa-gesa-ae-15-prototype,Made - Endesa,Made - Endesa GESA AE-15 prototype,75,15.3,183.9,3,18.5,3,25,12,,induction,,steel tube,,,,,,380,50 Hz,1988,No,Yes
959,https://en.wind-turbine-models.com/turbines/959-made-endesa-gesa-ae-18-prototype,Made - Endesa,Made - Endesa GESA AE-18 prototype,110,19,282,3,21.5,3,25,12,,induction,,steel tube,,,,,,380,50 Hz,1988,No,Yes
973,https://en.wind-turbine-models.com/turbines/973-made-endesa-ae-20,Made - Endesa,Made - Endesa AE-20,150,20,314,3,21,3,25,14,46,Asynchronus,,Steel tube,8100,,12300,,20400,400,50 Hz,,No,Yes
586,https://en.wind-turbine-models.com/turbines/586-made-endesa-ae-20-prototype,Made - Endesa,Made - Endesa AE-20 Prototype,150,20,314,3,21,3,25,14,46,Asynchronus,,Steel tube,8100,,12300,,20400,400,50 Hz,,No,Yes
573,https://en.wind-turbine-models.com/turbines/573-made-endesa-ae-23,Made - Endesa,Made - Endesa AE-23,180,23,415,3,28,3.5,28,14,43,Asynchronus,,Steel tube,11000,,12300,,23300,380,50 Hz,,No,Yes
574,https://en.wind-turbine-models.com/turbines/574-made-endesa-ae-30,Made - Endesa,Made - Endesa AE-30,330,30.4,726,3,30,4,28,14,34,asynchronous,,steel tube,10800,,18500,1200,38000,660,50 Hz,,No,Yes
575,https://en.wind-turbine-models.com/turbines/575-made-endesa-ae-32,Made - Endesa,Made - Endesa AE-32,330,32,804,3,30,3,25,12.5,,Asynchronus,,Steel tube,,,,,,,,,No,Yes
576,https://en.wind-turbine-models.com/turbines/576-made-endesa-ae-45,Made - Endesa,Made - Endesa AE-45,600,45,1590,3,44,3,25,13.5,26.5,Asynchronus,,Steel tube,25000,12000,40000,,77000,690,50 Hz,,No,Yes
577,https://en.wind-turbine-models.com/turbines/577-made-endesa-ae-46-i,Made - Endesa,Made - Endesa AE-46/I,660,46,1662,3,43.5,3,25,12.5,25.5,Asynchronus,,Steel tube,25000,12000,40000,,77000,690,50.0 Hz,,No,Yes
579,https://en.wind-turbine-models.com/turbines/579-made-endesa-ae-52,Made - Endesa,Made - Endesa AE-52,800,52,2123.7,3,50,3.5,25,12,25.7,Synchronous,,Steel tube,28200,15500,,,,1000,50 Hz,,No,Yes
972,https://en.wind-turbine-models.com/turbines/972-made-endesa-ae-52-prototype,Made - Endesa,Made - Endesa AE-52 Prototype,800,52,2123,3,50,3.5,25,12,25.7,Synchronous,,Steel tube,,,,,,1000,50 Hz,,No,Yes
580,https://en.wind-turbine-models.com/turbines/580-made-endesa-ae-56,Made - Endesa,Made - Endesa AE-56,800,56,2463,3,50,3.3,25,11.5,23.8,Synchronous,,Steel tube,29000,15200,,,,1000,50 Hz,,No,Yes
581,https://en.wind-turbine-models.com/turbines/581-made-endesa-ae-59,Made - Endesa,Made - Endesa AE-59,800,59,2734,3,50,3,25,11,22.6,Synchronous,,Steel tube,29500,15700,,,,1000,50 Hz,,No,Yes
584,https://en.wind-turbine-models.com/turbines/584-made-endesa-ae-61,Made - Endesa,Made - Endesa AE-61,1320,61,2923,3,58.5,4,25,15,18.8,Asynchronus,,Steel tube,49000,23000,89500,,161500,690,50 Hz,,No,Yes
970,https://en.wind-turbine-models.com/turbines/970-made-endesa-ae-61-1-100,Made - Endesa,Made - Endesa AE-61/1.100,1100,61,2923,3,58,4,25,15,18.8,Asynchronus,,Steel tube,,,,,,690,50 Hz,,No,Yes
2732,https://en.wind-turbine-models.com/turbines/2732-mait-b2-2-0mw-92,Mait,Mait B2 2.0MW - 92,2000,92,6682,3,80,3,25,11.5,15.5,Permanent Magnet Syncronous,,Steel Tubular,,,,,,690,50/60 Hz,,No,Yes
2736,https://en.wind-turbine-models.com/turbines/2736-mait-b2-2-3mw-92,Mait,Mait B2 2.3MW - 92,2300,92,6682,3,80,3,25,11.5,15.5,Permanent Magnet Syncronous,,Steel Tubular,,,,,,690,50/60 Hz,,No,Yes
2737,https://en.wind-turbine-models.com/turbines/2737-mait-b2-2-5mw-92,Mait,Mait B2 2.5MW - 92,2500,92,6682,3,80,3,25,11.5,15.5,Permanent Magnet Syncronous,,Steel Tubular,,,,,,690,50/60 Hz,,No,Yes
309,https://en.wind-turbine-models.com/turbines/309-man-aeroman-div,MAN,MAN Aeroman div.,11,11,95,2,,3.5,24,8.5,100,,,Stahlrohr/Gittermast,,,,,,,,,No,Yes
100,https://en.wind-turbine-models.com/turbines/100-man-growian,MAN,MAN GROWIAN,3000,100.4,7854,2,100,5.4,24,12,18.5,induction,,steel tube,340000,,,23000,,,50.0 Hz,1983,No,Yes
1412,https://en.wind-turbine-models.com/turbines/1412-man-aeroman-11-11,MAN,MAN Aeroman 11/11,11,11.6,105.7,2,10,3.8,24,8.5,77,synchronous,,lattice,900,,1000,100,2000,380,50 Hz,,No,Yes
962,https://en.wind-turbine-models.com/turbines/962-man-aeroman-11-20,MAN,MAN Aeroman 11/20,20,11,95,2,,,,,,,,,,,,,,,,,No,Yes
594,https://en.wind-turbine-models.com/turbines/594-man-aeroman-12-5,MAN,MAN Aeroman 12.5,40,12.5,123,2,15.2,3.5,26.8,11.2,,,,Steel tube,,,,,,480,60 Hz,,No,Yes
2603,https://en.wind-turbine-models.com/turbines/2603-man-12-5-30,MAN,MAN 12.5/30,30,12.5,123,2,10,3.7,,11.8,100,induction,,steel tube / lattice tower,1200,,2700,100,4000,380,50 Hz,,No,Yes
692,https://en.wind-turbine-models.com/turbines/692-man-aeroman-14-8,MAN,MAN Aeroman 14.8,33,14.8,172,2,15,3.8,25,11,100,Asynchronus,,steel tube / concrete,1600,,10500,200,12200,400,50/60 Hz,,No,Yes
182,https://en.wind-turbine-models.com/turbines/182-man-wka-60-growian-ii,MAN,MAN WKA-60 (GROWIAN II),1200,60,2827,3,50,6,24,12.2,23,Synchronous,,Concret,207000,,490000,8600,657000,776,50.0 Hz,1992,No,Yes
1021,https://en.wind-turbine-models.com/turbines/1021-mapna-2-5-mw,Mapna,Mapna 2.5 MW,2500,104,8495,3,85,3.5,25,12,17.1,doubly fed induction,,steel tube,96000,52000,170000,,318000,690,,,No,Yes
2611,https://en.wind-turbine-models.com/turbines/2611-mapna-mwt2-5-103-i,Mapna,Mapna MWT2.5-103-I,2500,103.4,8427,3,82,3.5,25,11.5,14.5,double-fed induction generator,,steel tube,,,,11000,,,50/60 Hz,,No,Yes
386,https://en.wind-turbine-models.com/turbines/386-markham-vs-45,Markham,Markham VS 45,600,45.9,1655,3,51.5,3.5,35,11.5,32,Asynchronus,,Steel tube,22500,,70000,1600,100000,690,50.0 Hz,,No,Yes
1055,https://en.wind-turbine-models.com/turbines/1055-marlec-rutland-wg910,Marlec,Marlec Rutland WG910,0.1,0.9,0.6,6,11.5,1.8,25,9.8,,synchronus permanent,,steel tube,,,,,,,,,No,Yes
2806,https://en.wind-turbine-models.com/turbines/2806-marlec-rutland-913-windcharger,Marlec,Marlec Rutland 913 Windcharger,0.3,0.9,0.4,6,2.3,2.6,,,700,3-phase permanent alternator,,steel tubular,,,,,0,24,,,Yes,Yes
1433,https://en.wind-turbine-models.com/turbines/1433-huellmann-hs-10-s,Hüllmann,Hüllmann HS 10 S,10,9,64,3,12,3,,12,100,induction,,tubular monopole,,,,,,380,50 Hz,,No,Yes
828,https://en.wind-turbine-models.com/turbines/828-huellmann-fhw-100,Hüllmann,Hüllmann FHW 100,100,20,314,3,24,,,,45,Asynchronus,,Steel tube,,,,,,400,50 Hz,,No,Yes
296,https://en.wind-turbine-models.com/turbines/296-mervento-3-6-118,Mervento,Mervento 3.6-118,3600,118,10936,3,90,4,25,11.5,12.6,PMG Synchronus,,Steel tube,,,,,,3900,50/60 Hz,,No,Yes
134,https://en.wind-turbine-models.com/turbines/134-mbb-messerschmitt-aeolus-ii,MBB Messerschmitt,MBB Messerschmitt Aeolus II,3000,80.5,5093.4,2,92,3.5,20,14,21,Synchronous,,concret tubular,130800.00000000001,41000,1200000,9000,1381300,660,50 Hz,1993,No,Yes
1581,https://en.wind-turbine-models.com/turbines/1581-mbb-messerschmitt-monopteros-m20,MBB Messerschmitt,MBB Messerschmitt Monopteros M20,25,12.5,123,1,15,4.5,19,15,100,induction,,steel tube,900,,800,0,1500,,,,No,Yes
2754,https://en.wind-turbine-models.com/turbines/2754-mbb-messerschmitt-monopteros-m30,MBB Messerschmitt,MBB Messerschmitt Monopteros M30,200,33,855,1,30,5,20,11,41,synchronous permanent or induction,,steel tube,,,,,,,50 Hz,,No,Yes
319,https://en.wind-turbine-models.com/turbines/319-mbb-messerschmitt-monopteros-m50,MBB Messerschmitt,MBB Messerschmitt Monopteros M50,640,56,2043,1,60,4.5,20,11,43,synchronus,,Steel Shell,42000,12500,,2600,,640,50 Hz,,No,Yes
1463,https://en.wind-turbine-models.com/turbines/1463-mhi-vestas-offshore-v112-3-3-mw,MHI Vestas Offshore,MHI Vestas Offshore V112-3.3 MW,3300,112,9852,3,,3,25,12.5,,,,steel tube,157000,,,11900,,,50/60 Hz,,Yes,Yes
1820,https://en.wind-turbine-models.com/turbines/1820-mhi-vestas-offshore-v117-4-2-mw,MHI Vestas Offshore,MHI Vestas Offshore V117-4.2 MW,4200,117,10751,3,84,3,25,12,,,,steel tube,,,,,,,50/60 Hz,,Yes,No
1419,https://en.wind-turbine-models.com/turbines/1419-mhi-vestas-offshore-v164-8-0-mw,MHI Vestas Offshore,MHI Vestas Offshore V164-8.0 MW,8000,164,21164,3,105,4,25,13,12.1,synchronous permanent,,steel tube,390000,,,35000,,30000,50/60 Hz,2015,Yes,Yes
1706,https://en.wind-turbine-models.com/turbines/1706-mhi-vestas-offshore-v164-8-3-mw,MHI Vestas Offshore,MHI Vestas Offshore V164-8.3 MW,8300,164,21124,3,105,4,25,13,12.1,synchronous permanent,,steel tube,390000,,,35000,,66000,50/60 Hz,,Yes,Yes
1819,https://en.wind-turbine-models.com/turbines/1819-mhi-vestas-offshore-v164-8-8-mw,MHI Vestas Offshore,MHI Vestas Offshore V164-8.8 MW,8800,164,21164,3,,4,25,13,12.1,synchronous permanent,,steel tube,,,,,,30000,50/60 Hz,2018,Yes,No
1568,https://en.wind-turbine-models.com/turbines/1568-mhi-vestas-offshore-v164-9-0-mw,MHI Vestas Offshore,MHI Vestas Offshore V164-9.0 MW,9000,164,21164,3,105,,,,12.1,synchronous permanent,,steel tube,390000,,,35000,,30000,50.0 Hz,,Yes,Yes
1605,https://en.wind-turbine-models.com/turbines/1605-mhi-vestas-offshore-v164-9-5-mw,MHI Vestas Offshore,MHI Vestas Offshore V164-9.5 MW,9500,164,21124,3,105,,,,,permanent magnetic,,steel tube,390000,,,35000,,66000,50/60 Hz,,Yes,Yes
1912,https://en.wind-turbine-models.com/turbines/1912-mhi-vestas-offshore-v164-10-0mw,MHI Vestas Offshore,MHI Vestas Offshore V164-10.0MW,10000,164,21124,3,105,,,,,Permanent magnet,,steel tube,390000,,,35000,,66000,50/60 Hz,,Yes,Yes
2138,https://en.wind-turbine-models.com/turbines/2138-mhi-vestas-offshore-v174-9-5,MHI Vestas Offshore,MHI Vestas Offshore V174-9.5,9500,174,23779,3,110,,,,9.9,,,steel tube,390000,,,35000,,,,2020,Yes,Yes
255,https://en.wind-turbine-models.com/turbines/255-micon-m-55-11,Micon,Micon M 55/11,55,16,200,3,18,4,25,15,45,asynkron,,,4500,,6500,,,400,50 Hz,,No,Yes
606,https://en.wind-turbine-models.com/turbines/606-micon-m-65-13-us,Micon,Micon M 65/13/US,65,16,201,3,25,3.5,25,15,48,Asynchronus,,Tubular Steel,5700,,6500,,,480,60 Hz,,No,Yes
562,https://en.wind-turbine-models.com/turbines/562-micon-108,Micon,Micon 108,108,18.9,293,3,23.8,4,30,14,,Asynchronus,,Steel tube,6200,,7200,,,480,60 Hz,,No,Yes
588,https://en.wind-turbine-models.com/turbines/588-micon-108-us,Micon,Micon 108 US,108,18.9,280,3,24.4,4,30,14,31,Asynchronus,,steel plate,6300,3500,7200,900,17000,480,60 Hz,,No,Yes
1304,https://en.wind-turbine-models.com/turbines/1304-micon-m-300-55,Micon,Micon M 300-55,55,19.8,307.9,3,30,,,,,,,,,,,,,,,,No,Yes
1305,https://en.wind-turbine-models.com/turbines/1305-micon-m-300-55,Micon,Micon M 300-55,55,19.8,307.9,3,30,,,,,,,,,,,,,,,,No,Yes
256,https://en.wind-turbine-models.com/turbines/256-micon-m-450,Micon,Micon M 450,200,24,450,3,30,5,25,,41.5,Asynchronus,,24 edged steel plate,9000,4000,12000,,,400,50 Hz,,No,Yes
257,https://en.wind-turbine-models.com/turbines/257-micon-m-530,Micon,Micon M 530,250,26,530,3,30,4,25,14.5,41.5,induction,,24 edged steel plate,8000,4800,13000,,26000,400,50.0 Hz,,No,Yes
727,https://en.wind-turbine-models.com/turbines/727-micon-m-530-175,Micon,Micon M 530-175,175,26,531,3,30,4,26,16,41.5,Asynchronus,,Steel tube,9000,4000,12000,,25000,400,50 Hz,,No,Yes
528,https://en.wind-turbine-models.com/turbines/528-micon-m-570-200,Micon,Micon M 570-200,200,27,570,3,,,,,,,,,,,,,,,,,No,Yes
1093,https://en.wind-turbine-models.com/turbines/1093-micon-m-600-250,Micon,Micon M 600/250,250,27.8,607,3,36,3,25,16,41.5,asynchronous,,steel tube,8000,,24000,800,40000,400,50 Hz,,No,Yes
377,https://en.wind-turbine-models.com/turbines/377-micon-m-700-225,Micon,Micon M 700-225,225,29.8,697,3,30,3,25,15,37.5,Asynchronus,,Steel tube,8000,,24000,800,40000,690,50.0 Hz,,No,Yes
1092,https://en.wind-turbine-models.com/turbines/1092-micon-m-750-250,Micon,Micon M 750/250,250,31,755,3,36,4,25,13,30.5,asynchronous,,steel tube,11000,,24000,1200,45000,400,50.0 Hz,,No,Yes
665,https://en.wind-turbine-models.com/turbines/665-micon-m-750-400,Micon,Micon M 750/400,400,31,750,3,35,3,25,15,35,asynchronous,,Steel tube,10500,,20500,1200,40000,690,50 Hz,,No,Yes
1302,https://en.wind-turbine-models.com/turbines/1302-micon-m-1100-600,Micon,Micon M 1100-600,600,37,1075,3,45,3.5,25,16,27,induction,,steel tube / steel 24 edge,21000,,55000,1800,85000,690,50/60 Hz,,No,Yes
94,https://en.wind-turbine-models.com/turbines/94-micon-m-1500-500,Micon,Micon M 1500-500,500,43,1452,3,40,3,25,13.5,25,Asynchronus,,24-Side,21000,15000,55000,2000,91000,690,50.0 Hz,,No,Yes
385,https://en.wind-turbine-models.com/turbines/385-micon-m-1500-600,Micon,Micon M 1500-600,600,43,1452,3,40,3,25,15.5,27,Asynchronus,,Steel tube,21000,,55000,2000,86000,690,50.0 Hz,,No,Yes
148,https://en.wind-turbine-models.com/turbines/148-micon-m-1500-750,Micon,Micon M 1500-750,750,44,1521,3,40.4,3,25,16,27,asynchronous,,steel 24 edge,22000,13000,33000,2000,68000,690,50 Hz,,No,Yes
419,https://en.wind-turbine-models.com/turbines/419-micon-m-1800-600,Micon,Micon M 1800-600,600,48,1810,3,60,3,25,13,21,Asynchronus,,Steel tube,23500,18000,55000,3100,97000,690,50.0 Hz,,No,Yes
1303,https://en.wind-turbine-models.com/turbines/1303-micon-m-1800-750,Micon,Micon M 1800-750,750,48.2,1824,3,50,4,25,16,22,induction,,steel tube,22000,12000,81000,,115000,690,50 Hz,,No,Yes
1000,https://en.wind-turbine-models.com/turbines/1000-micon-m-2300-1000,Micon,Micon M 2300-1000,1000,54,2290.2,3,60,,,,,,,bolted steel shell tube,,,,,,,,,No,Yes
2510,https://en.wind-turbine-models.com/turbines/2510-mie-wtg-for-research,MIE,MIE wtg for research,30,10,78.5,3,13.4,,,,,,,steel tube,,,,,,,,,No,Yes
2626,https://en.wind-turbine-models.com/turbines/2626-mie-no-2,MIE,MIE No. 2,10,6,28.3,2,,2,25,,,,,,,,,,,,,,No,Yes
2431,https://en.wind-turbine-models.com/turbines/2431-mingyang-my1-5-70-my1500-70,MingYang,MingYang My1.5/70 - MY1500/70,1500,70,3848,3,65,3.5,25,12,24,Doubly-fed induction,,steel tube,,,,,,690,50 Hz,,No,Yes
1926,https://en.wind-turbine-models.com/turbines/1926-mingyang-my1-5-77-my1500-77,MingYang,MingYang My1.5/77 - MY1500/77,1500,77.1,4369,3,65,3,25,11.3,19.5,double fed asynchronous,,steel tube,,,,,,690,50/60 Hz,,No,Yes
42,https://en.wind-turbine-models.com/turbines/42-mingyang-my1-5-82-my1500-82,MingYang,MingYang My1.5/82 - MY1500/82,1500,82.6,5320,3,65,3,25,10.8,19.5,double fed asynchronous,,steel tube,65000,35000,,,,690,50/60 Hz,,No,Yes
1927,https://en.wind-turbine-models.com/turbines/1927-mingyang-my1-5-89-my1500-89,MingYang,MingYang My1.5/89 - MY1500/89,1500,89,6221,3,65,3,25,10,18.3,double fed asynchronous,,steel tube,,,,,,690,50/60 Hz,,No,Yes
2432,https://en.wind-turbine-models.com/turbines/2432-mingyang-my2-0-87-my2000-87,MingYang,MingYang My2.0/87 - MY2000/87,2000,87,5945,3,70,3,25,10.9,19.1,Doubly-fed induction,,steel tube,,,,,,690,50 Hz,,No,Yes
2433,https://en.wind-turbine-models.com/turbines/2433-mingyang-my2-0-93-my2000-93,MingYang,MingYang My2.0/93 - MY2000/93,2000,93,6793,3,80,3,25,10.6,17.3,Doubly-fed induction generator (DFIG),,steel tube,,,,,,690,50 Hz,,No,Yes
2434,https://en.wind-turbine-models.com/turbines/2434-mingyang-my2-0-100-my2000-100,MingYang,MingYang My2.0/100 - MY2000/100,2000,100,7854,3,85,3,25,10,17.3,Doubly-fed induction generator (DFIG),,steel tube,,,,,,690,50 Hz,,No,Yes
2435,https://en.wind-turbine-models.com/turbines/2435-mingyang-my2-0-104-my2000-104,MingYang,MingYang My2.0/104 - MY2000/104,2000,104,8495,3,80,3,25,10.5,15.6,Doubly-fed induction generator (DFIG),,steel tube,,,,,,690,50 Hz,,No,Yes
2436,https://en.wind-turbine-models.com/turbines/2436-mingyang-my2-0-110-my2000-110,MingYang,MingYang My2.0/110 - MY2000/110,2000,110,9503,3,80,3,25,10,14.8,Doubly-fed induction generator (DFIG),,steel tube,,,,,,690,50 Hz,,No,Yes
2437,https://en.wind-turbine-models.com/turbines/2437-mingyang-my2-0-118-my2000-118,MingYang,MingYang My2.0/118 - MY2000/118,2000,118,10936,3,90,3,25,9.5,14.8,Doubly-fed induction generator (DFIG),,steel tube,,,,,,690,50 Hz,,No,Yes
1931,https://en.wind-turbine-models.com/turbines/1931-mingyang-my2-5-92-scd,MingYang,MingYang My2.5-92 SCD,2500,92,6644,2,75,3,25,11,,synchronous permanent,,steel tube,76000,43200,,12600,,850,50/60 Hz,,Yes,Yes
1932,https://en.wind-turbine-models.com/turbines/1932-mingyang-my2-5-100-scd,MingYang,MingYang My2.5-100 SCD,2500,100,7850,2,75,3,25,11,,synchronous permanent,,steel tube,76000,43200,,12600,,850,50/60 Hz,,Yes,Yes
1933,https://en.wind-turbine-models.com/turbines/1933-mingyang-my2-5-108-scd,MingYang,MingYang My2.5-108 SCD,2500,108,9160,2,75,3,25,11,,synchronous permanent,,steel tube,76000,43200,,12600,,850,50/60 Hz,,Yes,Yes
1928,https://en.wind-turbine-models.com/turbines/1928-mingyang-myse2-5-121,MingYang,MingYang MySE2.5-121,2500,121,11499,3,85,3,25,9.5,,,,steel tube,83000,78000,,14000,,,50/60 Hz,,Yes,Yes
78,https://en.wind-turbine-models.com/turbines/78-mingyang-my3-0-108-scd,MingYang,MingYang My3.0-108 SCD,3000,108,9160,2,75,3,25,13,,synchronous permanent,,steel tube,76000,43200,,12600,,850,50/60 Hz,,Yes,Yes
1930,https://en.wind-turbine-models.com/turbines/1930-mingyang-my3-0-92-scd,MingYang,MingYang My3.0-92 SCD,3000,92,6644,2,75,3,25,13,,synchronous permanent,,steel tube,76000,43200,,12600,,850,50/60 Hz,,Yes,Yes
1929,https://en.wind-turbine-models.com/turbines/1929-mingyang-my3-0-100-scd,MingYang,MingYang My3.0-100 SCD,3000,100,7850,2,75,3,25,13,,synchronous permanent,,steel tube,76000,43200,,12600,,850,50/60 Hz,,Yes,Yes
1914,https://en.wind-turbine-models.com/turbines/1914-mingyang-myse3-0-112,MingYang,MingYang MySE3.0-112,3000,112,9852,3,85,3,25,11,,synchronous,,steel tube,83000,78000,,14000,,,50/60 Hz,,Yes,Yes
1915,https://en.wind-turbine-models.com/turbines/1915-mingyang-myse3-0-121,MingYang,MingYang MySE3.0-121,3000,121,11499,3,85,3,25,10,,synchronous,,steel tube,83000,78000,,14000,,,50/60 Hz,,Yes,Yes
1916,https://en.wind-turbine-models.com/turbines/1916-mingyang-myse3-0-135,MingYang,MingYang MySE3.0-135,3000,135,14314,3,85,3,20,10.1,,permanent magnet synchronous,,steel tube / hybrid,85000,87000,,15800,,690,50/60 Hz,,Yes,Yes
1917,https://en.wind-turbine-models.com/turbines/1917-mingyang-myse3-2-145,MingYang,MingYang MySE3.2-145,3200,145,16513,3,85,2.5,20,9.2,,synchronous,,steel tube,104000,104000,,19000,,,50/60 Hz,,Yes,Yes
1918,https://en.wind-turbine-models.com/turbines/1918-mingyang-myse3-6-135,MingYang,MingYang MySE3.6-135,3600,135,14314,3,85,3,20,9.8,,synchronous,,steel tube,85000,88500,,16800,,,50/60 Hz,,Yes,Yes
2429,https://en.wind-turbine-models.com/turbines/2429-mingyang-myse4-0-145,MingYang,MingYang MySE4.0-145,4000,145,16505,3,90,2.5,25,9.7,12,permanent magnet synchronous,,steel tube / hybrid,99000,145000,,19700,,690,50 Hz,,No,No
2430,https://en.wind-turbine-models.com/turbines/2430-mingyang-myse4-0-156,MingYang,MingYang MySE4.0-156,4000,156,19113,3,90,2.5,20,9.7,11,permanent magnet synchronous,,steel tube / hybrid,99000,156000,,19800,,690,50 Hz,,No,Yes
1920,https://en.wind-turbine-models.com/turbines/1920-mingyang-myse5-0-166,MingYang,MingYang MySE5.0-166,5000,166,21642,3,100,2.5,25,10.1,10.1,permanent magnet synchronous,,steel tube / hybrid,128600,108800,,20100,,690,50/60 Hz,,No,Yes
2659,https://en.wind-turbine-models.com/turbines/2659-mingyang-myse5-5-145,MingYang,MingYang MySE5.5-145,5500,145,16513,3,100,2.5,25,11,,permanent magnet synchronous,,steel tube / hybrid,,,,,,1380,50/60 Hz,,No,Yes
1919,https://en.wind-turbine-models.com/turbines/1919-mingyang-myse5-5-155-offshore,MingYang,MingYang MySE5.5-155 Offshore,5500,155,18869,3,103,3,25,10.1,12,permanent magnet synchronous,,steel tube with jacket / monopile and pile cap,230000,201000,,36000,,690,50 Hz,,Yes,Yes
315,https://en.wind-turbine-models.com/turbines/315-mingyang-my6-0-140-scd,MingYang,MingYang My6.0-140 SCD,6000,140,15394,2,100,3,22,,,PMG Synchronus,,,205000,,,,,,,,Yes,Yes
2660,https://en.wind-turbine-models.com/turbines/2660-mingyang-myse6-25-172,MingYang,MingYang MySE6.25-172,6250,172,23235,3,100,2.5,25,10.5,,permanent magnet synchronous,,steel tube / hybrid,,,,,,1380,50/60 Hz,,No,Yes
2748,https://en.wind-turbine-models.com/turbines/2748-mingyang-myse6-25-182,MingYang,MingYang MySE6.25-182,6250,182,26016,3,110,,,,,DFIG,,steel tube / hydrid concrete*,,,,,,,50 Hz,,No,Yes
2428,https://en.wind-turbine-models.com/turbines/2428-mingyang-myse6-45-180-offshore,MingYang,MingYang MySE6.45-180 Offshore,6450,180,25447,3,114,3,25,9,10.8,permanent magnet synchronous,,steel tube with jacket / monopile and pile cap,247000,184000,,31000,,710,50 Hz,,Yes,Yes
1910,https://en.wind-turbine-models.com/turbines/1910-mingyang-myse7-0-158,MingYang,MingYang MySE7.0-158,7000,158,19607,3,100,3,30,11.1,12,permanent magnet synchronous,,steel tube with jacket / monopile and pile cap,254000,201000,,36000,,690,50 Hz,,Yes,Yes
2426,https://en.wind-turbine-models.com/turbines/2426-mingyang-myse7-25-158-offshore,MingYang,MingYang MySE7.25-158 Offshore,7250,158,19607,3,105,3,25,10,11.9,permanent magnet synchronous,,steel tube with jacket / monopile and pile cap,254000,201000,,36000,,690,50 Hz,,Yes,Yes
2665,https://en.wind-turbine-models.com/turbines/2665-mingyang-myse7-5-182,MingYang,MingYang MySE7.5-182,7500,182,26016,3,110,3,25,13.7,,Doubly-fed induction generator (DFIG),,steel tube / hybrid,,,,,,1140,50/60 Hz,,No,Yes
2664,https://en.wind-turbine-models.com/turbines/2664-mingyang-myse8-0-182,MingYang,MingYang MySE8.0-182,8000,182,26016,3,110,3,25,14,,Doubly-fed induction generator (DFIG),,steel tube / hybrid,,,,,,1140,50/60 Hz,,No,Yes
2427,https://en.wind-turbine-models.com/turbines/2427-mingyang-myse8-3-180-offshore,MingYang,MingYang MySE8.3-180 Offshore,8300,180,25447,3,100.5,3,25,9,10.8,permanent magnet synchronous,,steel tube with jacket / monopile and pile cap,276000,184000,,31000,,1140,50 Hz,,Yes,Yes
2749,https://en.wind-turbine-models.com/turbines/2749-mingyang-myse8-5-230-offshore,MingYang,MingYang MySE8.5-230 Offshore,8500,230,41548,3,130,3,25,7,,double-fed technology,,steel tube,,,,,,,50 / 60 Hz,,Yes,No
2663,https://en.wind-turbine-models.com/turbines/2663-mingyang-myse9-0-210,MingYang,MingYang MySE9.0-210,9000,210,34636,3,110,3,25,11.5,,Doubly-fed induction generator (DFIG),,steel tube / hybrid,,,,,,1140,50/60 Hz,,No,Yes
2653,https://en.wind-turbine-models.com/turbines/2653-mingyang-myse9-0-230-offshore,MingYang,MingYang MySE9.0-230 Offshore,9000,230,41548,3,126,3,25,7.5,,double-fed technology,,steel tube,,,,,,,,,Yes,Yes
2662,https://en.wind-turbine-models.com/turbines/2662-mingyang-myse10-210,MingYang,MingYang MySE10-210,10000,210,34636,3,120,3,25,13.5,,Doubly-fed induction generator (DFIG),,steel tube / hybrid,,,,,,1140,50/60 Hz,,No,Yes
2661,https://en.wind-turbine-models.com/turbines/2661-mingyang-myse10-233,MingYang,MingYang MySE10-233,10000,233,42638,3,120,3,25,13.5,,Doubly-fed induction generator (DFIG),,steel tube / hybrid,,,,,,1140,50/60 Hz,,No,Yes
2655,https://en.wind-turbine-models.com/turbines/2655-mingyang-myse10-242-offshore,MingYang,MingYang MySE10-242 Offshore,10000,242,45996,3,131.7,3,25,7.5,,,,,,,,,,,,,Yes,No
2286,https://en.wind-turbine-models.com/turbines/2286-mingyang-myse11-230-offshore,MingYang,MingYang MySE11-230 Offshore,11000,230,41584,3,126,3,25,8.5,,synchronous permanent,,steel tube,,,,,,,50/60 Hz,,Yes,No
2656,https://en.wind-turbine-models.com/turbines/2656-mingyang-myse12-242-offshore,MingYang,MingYang MySE12-242 Offshore,12000,242,45996,3,132,3,25,8.5,,,,,,,,,,,,,Yes,No
2657,https://en.wind-turbine-models.com/turbines/2657-mingyang-myse14-260-offshore,MingYang,MingYang MySE14-260 Offshore,14000,260,53093,3,155,3,25,9.5,,,,,,,,,,,,,Yes,No
2338,https://en.wind-turbine-models.com/turbines/2338-mingyang-myse16-0-242,MingYang,MingYang MySE16.0-242,16000,242,46000,3,,,,,,,,steel tube,592000,,,,,,,2022,Yes,Yes
2641,https://en.wind-turbine-models.com/turbines/2641-mingyang-myse16-6-t-182-oceanx-offshore,MingYang,MingYang MySE16.6(T)-182 OceanX Offshore,16600,182,52031,6,113.5,3,25,8.5,,permanent magnet synchronous,,steel tube,276000,184000,,31000,15000000,1140,50 Hz,2024,Yes,No
2658,https://en.wind-turbine-models.com/turbines/2658-mingyang-myse18-260-offshore,MingYang,MingYang MySE18-260 Offshore,18000,260,53066,3,175,3,30,10,,,,,,,,,,,,,Yes,No
2765,https://en.wind-turbine-models.com/turbines/2765-mingyang-myse18-292,MingYang,MingYang MySE18-292,18000,292,67000,3,,,,,,permanent magnet drive generator (PMG),,steel tube,800000,,,,,,,2024,Yes,Yes
2750,https://en.wind-turbine-models.com/turbines/2750-mingyang-myse18-5-260-offshore,MingYang,MingYang MySE18.5-260 Offshore,18500,260,53066,3,145,3,30,8,,,,steel tube,,,,,,,50 / 60 Hz,,Yes,No
2654,https://en.wind-turbine-models.com/turbines/2654-mingyang-myse24-290-offshore,MingYang,MingYang MySE24-290 Offshore,24000,290,66052,3,,,,,,,,,,,,,,,,,Yes,No
918,https://en.wind-turbine-models.com/turbines/918-ecovent-15kw,Ecovent,Ecovent 15kW,15,8.4,55,3,17.6,2.5,25,10,90,Asynchron,,Rohrmast,700,100,2100,,2900,,50.0 Hz,,No,Yes
595,https://en.wind-turbine-models.com/turbines/595-mitsubishi-mwt-167-7-0-sea-angel,Mitsubishi,Mitsubishi MWT-167/7.0 Sea Angel,7000,167,21900,3,,,,,,Synchronous,,,,,,,,,,,Yes,No
899,https://en.wind-turbine-models.com/turbines/899-mitsubishi-mwt-40,Mitsubishi,Mitsubishi MWT-40,40,,,,,,,,,,,,,,,,,,,1980,No,Yes
2681,https://en.wind-turbine-models.com/turbines/2681-mitsubishi-mwt-56-1000,Mitsubishi,Mitsubishi MWT-56/1000,1000,56,2463,3,60,3,24,13,21,induction,,steel tube,,,,,,550,50/60 Hz,1999,No,Yes
589,https://en.wind-turbine-models.com/turbines/589-mitsubishi-mwt-62-1000a,Mitsubishi,Mitsubishi MWT-62/1000A,1000,61.4,2960,3,50,3,25,12.5,19.8,induction,,tapered monopile,75000,,94000,,169000,600,60 Hz,,No,Yes
898,https://en.wind-turbine-models.com/turbines/898-mitsubishi-mwt-92-2-3,Mitsubishi,Mitsubishi MWT-92/2.3,2300,92,6648,3,80,3,25,12.5,16.9,Double Fed Asyn,,Steel tube,,,,,,690,50/60 Hz,,No,Yes
897,https://en.wind-turbine-models.com/turbines/897-mitsubishi-mwt-92-2-4,Mitsubishi,Mitsubishi MWT-92/2.4,2400,92,6648,3,80,3,25,12.5,16.9,Double Fed Asyn,,Steel tube,,,,,,690,50/60 Hz,,No,Yes
359,https://en.wind-turbine-models.com/turbines/359-mitsubishi-mwt-95-2-4,Mitsubishi,Mitsubishi MWT-95/2.4,2400,95,7088,3,80,3,25,12.5,16.9,Double Fed Asyn,,Steel tube,,,,,,690,50/60 Hz,,No,Yes
896,https://en.wind-turbine-models.com/turbines/896-mitsubishi-mwt-100-2-4,Mitsubishi,Mitsubishi MWT-100/2.4,2400,100,7854,3,80,3,25,12,16.9,Double Fed Asyn,,Steel tube,,,,,,690,50/60 Hz,,No,Yes
895,https://en.wind-turbine-models.com/turbines/895-mitsubishi-mwt-102-2-4,Mitsubishi,Mitsubishi MWT-102/2.4,2400,102,8171,3,80,3,25,11.5,16.9,Double Fed Asyn,,Steel tube,,,,,,690,50/60 Hz,,Yes,Yes
308,https://en.wind-turbine-models.com/turbines/308-mitsubishi-mwt-250,Mitsubishi,Mitsubishi MWT-250,250,25,490.9,3,25,4,24,13.2,48,induction,,Steel tube,,,,,,480,60 Hz,,No,Yes
900,https://en.wind-turbine-models.com/turbines/900-mitsubishi-mwt-250c,Mitsubishi,Mitsubishi MWT-250C,275,28,616,3,30.5,5,24,12.9,48,induction,,Steel tube,,,,,,480,60.0 Hz,,No,Yes
901,https://en.wind-turbine-models.com/turbines/901-mitsubishi-mwt-250g,Mitsubishi,Mitsubishi MWT-250G,300,29,661,3,30,4.5,24,14.4,47,induction,,Steel tube,17900,,17700,1000,41600,690,50.0 Hz,,No,Yes
2642,https://en.wind-turbine-models.com/turbines/2642-mitsubishi-mwt-250s,Mitsubishi,Mitsubishi MWT-250S,250,28,616,3,30,3,24,12.9,48,synchronous permanent,,steel tube,,,,,,480,60 Hz,,No,Yes
2505,https://en.wind-turbine-models.com/turbines/2505-mitsubishi-mwt-300g,Mitsubishi,Mitsubishi MWT-300G,300,30,706.8,3,41.5,3,24,13.5,28.6,induction,,steel tube,17000,3000,19000,1000,39000,,50/60 Hz,,No,Yes
902,https://en.wind-turbine-models.com/turbines/902-mitsubishi-mwt-300s,Mitsubishi,Mitsubishi MWT-300S,300,30,707,3,30,2.5,25,14.5,46,Synchronous permanent,,Steel tube,,,,,,690,50/60 Hz,1982,No,Yes
903,https://en.wind-turbine-models.com/turbines/903-mitsubishi-mwt-450,Mitsubishi,Mitsubishi MWT-450,450,41,1320,3,40,4.5,24,12.5,25,induction,,steel tube,24000,,26000,1700,58000,550,50/60 Hz,,No,Yes
598,https://en.wind-turbine-models.com/turbines/598-mitsubishi-mwt-500,Mitsubishi,Mitsubishi MWT-500,500,41,1320,3,50,4.5,24,12.5,25,induction,,taper monopole,32000,,28000,,60000,550,50 Hz,,No,Yes
566,https://en.wind-turbine-models.com/turbines/566-mitsubishi-mwt-600g,Mitsubishi,Mitsubishi MWT-600G,600,45,1590,3,45,2.5,25,13,34,,,,,,,,,,,,No,Yes
2506,https://en.wind-turbine-models.com/turbines/2506-mitsubishi-mwt-600s,Mitsubishi,Mitsubishi MWT-600S,600,45,1590,3,50,,,,34,synchronous permanent,,concrete,,,,,,,,,No,Yes
608,https://en.wind-turbine-models.com/turbines/608-mitsubishi-mwt-57-1000,Mitsubishi,Mitsubishi MWT-57/1000,1000,57,2550,3,60,4,25,13.5,21,induction 4 pole type,,tapered monopole,75000,,94000,,169000,600,60 Hz,,No,Yes
904,https://en.wind-turbine-models.com/turbines/904-mitsubishi-mwt-s2000,Mitsubishi,Mitsubishi MWT-S2000,2000,75,4418,3,60,2.5,25,13,24,Synchronous permanent,,Steel tube,,,,,,690,50.0 Hz,2003,No,Yes
674,https://en.wind-turbine-models.com/turbines/674-ml-vindteknik-smedemester-150-kw,ML Vindteknik,ML Vindteknik Smedemester 150 kW,150,27,573,3,30,,,,,,,Lattice,,,,,,,,,No,Yes
1546,https://en.wind-turbine-models.com/turbines/1546-moncada-wpr-750-52,Moncada,Moncada WPR 750/52,750,52,2124,3,52,3,25,12,,synchronous permanent,,steel tube,,,,,,,50 Hz,2005,No,Yes
1545,https://en.wind-turbine-models.com/turbines/1545-moncada-wpr-850-58,Moncada,Moncada WPR 850/58,850,58,2614,3,55,3,23,12,27,synchronous permanent,,steel tube,,,,,,700,13 Hz,2010,No,Yes
2059,https://en.wind-turbine-models.com/turbines/2059-mowea-camp,MOWEA,MOWEA Camp,0.3,1.5,1.8,2,,3,,10,950,synchronous permanent,,,,,,,,300,50 Hz,,No,Yes
2060,https://en.wind-turbine-models.com/turbines/2060-mowea-net,MOWEA,MOWEA Net,0.3,1.5,1.8,2,,3,,10,950,synchronous permanent,,,,,,,,300,50 Hz,,No,Yes
1526,https://en.wind-turbine-models.com/turbines/1526-m-llekilen-m-lle,Møllekilen,Møllekilen Mølle,,,,,,,,,,,,,,,,,,,,1842,No,Yes
2290,https://en.wind-turbine-models.com/turbines/2290-mroz-16-55,Mroz,Mroz 16-55,55,16,201,3,30,,,,,,,lattice,,,,,,,,1993,No,Yes
2291,https://en.wind-turbine-models.com/turbines/2291-mroz-16-75,Mroz,Mroz 16-75,75,16,201,3,36,,,,,,,lattice,,,,,,,,1994,No,Yes
22,https://en.wind-turbine-models.com/turbines/22-multibrid-m5000,Multibrid,Multibrid M5000,5000,116,10568,3,90,3.5,25,12,14.8,Synchronous permanent,,Steel tube,200000,110000,825000,16500,1135000,3000,50.0 Hz,,Yes,Yes
98,https://en.wind-turbine-models.com/turbines/98-nasa-mod-0-nasa-lockheed,NASA,NASA MOD-0 NASA / Lockheed,100,38.1,1140,2,30.5,4.5,13.4,8,40,induction,,steel open-truss,,,,,,480,60.0 Hz,1975,No,Yes
1366,https://en.wind-turbine-models.com/turbines/1366-nasa-mod-0a-westinghouse,NASA,NASA MOD-0A Westinghouse,200,38.1,1140,2,30.5,4.3,17.9,10,40,synchronous,,pipe truss,14800,5500,20000,1000,40300,480,60 Hz,1977,No,Yes
321,https://en.wind-turbine-models.com/turbines/321-nasa-mod-1-general-electric,NASA,NASA MOD-1 General Electric,2000,61,2922.5,2,42.67,5,15.9,11.4,35,synchronous,,steel truss tower,,,,,,4160,60 Hz,1979,No,Yes
322,https://en.wind-turbine-models.com/turbines/322-nasa-mod-2-boeing,NASA,NASA MOD-2 Boeing,2500,91.4,6566.9,2,60.96,6.3,20.1,12.3,17.5,synchronous,,steel tube,72200,76700,177500,45500,263000,4160,60 Hz,1982,No,Yes
323,https://en.wind-turbine-models.com/turbines/323-nasa-wts-4-hamilton-standard,NASA,NASA WTS-4 Hamilton Standard,4200,79.2,4926.5,2,80,7.1,21,,,,,,,,,,,,,,No,Yes
1383,https://en.wind-turbine-models.com/turbines/1383-nasa-mod-5b-boeing,NASA,NASA MOD-5B Boeing,3200,97.5,7698,2,61,5.4,26.8,12.5,17.3,induction,,steel tube,265300,,180500,,425900,4160,60 Hz,1987,No,Yes
1053,https://en.wind-turbine-models.com/turbines/1053-nps-vortex-6000,NPS,NPS Vortex 6000,6,4.6,16.6,2,7.6,3,25,12,,synchronus,,lattice,,,,,,220,50 Hz,1980,No,Yes
619,https://en.wind-turbine-models.com/turbines/619-nedwind-nw-25-250,NedWind,NedWind NW 25/250,250,25.5,511,3,30,,,,40.6,,,concrete,,,,,,,,,No,Yes
2613,https://en.wind-turbine-models.com/turbines/2613-nedwind-nw-31-2-250,NedWind,NedWind NW 31-2/250,250,31,755,2,31,,,,40,induction,,steel tube / concrete / lattice mast,10000,4200,19000,,33200,690,50/60 Hz,,No,Yes
2614,https://en.wind-turbine-models.com/turbines/2614-nedwind-nw-31-3-250,NedWind,NedWind NW 31-3/250,250,31,755,3,31,4,25,14,34,induction,,steel tube /  concrete,10000,5500,19000,,34500,690,50 Hz,,No,Yes
1321,https://en.wind-turbine-models.com/turbines/1321-nedwind-nw-35-500,NedWind,NedWind NW 35/500,500,35,962,2,30,5,20,15,41,asynchronous,,steel tube,,,,,,,,,No,Yes
1090,https://en.wind-turbine-models.com/turbines/1090-nedwind-nw-40-500,NedWind,NedWind NW 40/500,500,40.8,1306,2,39,4,25,15,32,asynchronous,,steel tube,38500,,30800,2700,67000,380,50 Hz,,No,Yes
334,https://en.wind-turbine-models.com/turbines/334-nedwind-nw-40-500-offshore,NedWind,NedWind NW 40/500 Offshore,500,40.8,1305,2,40,4,25,15,32,Asynchronus,,Tubular Steel,,14500,,,,690,50 Hz,,No,Yes
2612,https://en.wind-turbine-models.com/turbines/2612-nedwind-nw-41-500,NedWind,NedWind NW 41/500,500,40.8,755,2,39,4,25,15,32,induction 2 x 250kW,,steel tube,22000,12000,62000,,96000,690,50 Hz,,No,Yes
330,https://en.wind-turbine-models.com/turbines/330-nedwind-nw-43-500,NedWind,NedWind NW 43/500,500,43.8,1506,2,40,4,25,14,32,Asynchronus,,Steel tube,28500,,44700,2700,82000,690,50.0 Hz,,No,Yes
60,https://en.wind-turbine-models.com/turbines/60-nedwind-nw-44-500,NedWind,NedWind NW 44/500,500,43.8,1505,2,39,4,25,13,32,induction 2 x 250kW,,steel tube,22000,13600,62000,2700,97600,400,50 Hz,,No,Yes
775,https://en.wind-turbine-models.com/turbines/775-nedwind-nw-46-500,NedWind,NedWind NW 46/500,500,46.1,1661.9,3,47.2,3.5,25,14,28.5,induction,,steel tube,,,,,,690,50 Hz,,No,Yes
1091,https://en.wind-turbine-models.com/turbines/1091-nedwind-nw-50-1000,NedWind,NedWind NW 50/1000,1000,52.6,2173,2,55,5,25,17,24.5,asynchronous,,steel tube,48000,,48000,10000,125000,400,50 Hz,,No,Yes
329,https://en.wind-turbine-models.com/turbines/329-nedwind-nw-53-1000,NedWind,NedWind NW 53/1000,1000,52.6,2173,2,40,4,20,16,24.6,induction 4 x 250kW,,steel tube,56000,21000,73000,5200,150000,690,50 Hz,,No,Yes
421,https://en.wind-turbine-models.com/turbines/421-nedwind-nw-55-1000,NedWind,NedWind NW 55/1000,1000,55,2376,2,55,4,25,14,24.6,induction 4 x 250kW,,Steel tube,56000,24000,73000,3600,153000,400,50 Hz,,No,Yes
844,https://en.wind-turbine-models.com/turbines/844-neg-micon-nm-43-600,NEG Micon,NEG Micon NM 43/600,600,43,1452,3,46,2.5,25,15.5,27,Asynchronus,,Steel tube,20000,12500,40000,1900,72500,690,50 Hz,,No,Yes
1299,https://en.wind-turbine-models.com/turbines/1299-neg-micon-nm-44-750,NEG Micon,NEG Micon NM 44/750,750,44,1521,3,40,3,25,16,27,induction,,steel tube / steel 24 edge,22000,13000,33000,2000,68000,690,50 Hz,,No,Yes
1173,https://en.wind-turbine-models.com/turbines/1173-neg-micon-nm-48-600,NEG Micon,NEG Micon NM 48/600,600,48,1810,3,46,3.5,20,13,21,induction,,steel tube,23000,17000,70000,,110000,690,50 Hz,,No,Yes
311,https://en.wind-turbine-models.com/turbines/311-neg-micon-nm-48-750,NEG Micon,NEG Micon NM 48/750,750,48.2,1824,3,50,4,25,16,22,Asynchronus,,Steel tube,22000,12000,81000,,115000,690,50.0 Hz,,No,Yes
43,https://en.wind-turbine-models.com/turbines/43-neg-micon-nm-52-900,NEG Micon,NEG Micon NM 52/900,900,52.2,2140,3,60,3.5,25,16,22.4,Asynchronus,,Steel tube,24500,16500,97000,,,690,50 Hz,,No,Yes
1005,https://en.wind-turbine-models.com/turbines/1005-neg-micon-nm-54-950,NEG Micon,NEG Micon NM 54/950,950,54,2291,3,50,3,25,16,22,,,bolted steel shell tube,,,,,,,,,No,Yes
313,https://en.wind-turbine-models.com/turbines/313-neg-micon-nm-60-1000,NEG Micon,NEG Micon NM 60/1000,1000,60,2827,3,70,3,20,16,18,Asynchronus,,Steel tube,33500,23900,114000,,170000,690,50.0 Hz,,No,Yes
64,https://en.wind-turbine-models.com/turbines/64-neg-micon-nm-64-1500,NEG Micon,NEG Micon NM 64/1500,1500,64,3217,3,57,5,25,15,19,Asynchronus,,Steel tube,65000,39500,133000,,193000,690,50.0 Hz,,No,Yes
403,https://en.wind-turbine-models.com/turbines/403-neg-micon-nm-64c-1500,NEG Micon,NEG Micon NM 64c/1500,1500,64,3217,3,68,4,25,14,17.3,Asynchronus,,Steel tube,43000,29000,148000,,,690,50 Hz,,No,Yes
151,https://en.wind-turbine-models.com/turbines/151-neg-micon-nm-72c-1500,NEG Micon,NEG Micon NM 72c/1500,1500,72,4072,3,64,3,20,13,17.3,Asynchronus,,Steel tube,44000,31400,201000,,,690,50 Hz,,No,Yes
1300,https://en.wind-turbine-models.com/turbines/1300-neg-micon-nm-72-1650,NEG Micon,NEG Micon NM 72/1650,1650,72,4071,3,70,4,25,16,,induction,,steel tube,51000,28000,120000,5800,200000,690,50/60 Hz,,No,Yes
62,https://en.wind-turbine-models.com/turbines/62-neg-micon-nm-72-2000,NEG Micon,NEG Micon NM 72/2000,2000,72,4072,3,64,3,25,15,18,Asynchronus,,Steel tube,85200,40000,175000,,,690,50 Hz,,No,Yes
1423,https://en.wind-turbine-models.com/turbines/1423-neg-micon-nm-72-2000-offshore,NEG Micon,NEG Micon NM 72/2000 Offshore,2000,72,4072,3,60,3,25,15,18,induction,,steel tube,85000,40000,,,,690,50 Hz,2001,Yes,Yes
659,https://en.wind-turbine-models.com/turbines/659-neg-micon-nm-80-2500,NEG Micon,NEG Micon NM 80/2500,2500,80,5026.6,3,,,,,,,,,,,,,,,,,No,Yes
1278,https://en.wind-turbine-models.com/turbines/1278-neg-micon-nm-80-2750,NEG Micon,NEG Micon NM 80/2750,2750,80,5026.6,3,60,4.5,25,16,,induction,,,,,,,,690,50 Hz,,No,Yes
90,https://en.wind-turbine-models.com/turbines/90-neg-micon-nm-82-1500,NEG Micon,NEG Micon NM 82/1500,1500,82,5281,3,94,3,25,13,14.4,2 speed,,Steel,48000,42000,230000,,,690,,,No,Yes
1149,https://en.wind-turbine-models.com/turbines/1149-neg-micon-nm-82-1650,NEG Micon,NEG Micon NM 82/1650,1650,82,5281,3,59,4,20,13,14.4,Induction,,steel tube,,,,,,690,50 Hz,,No,Yes
46,https://en.wind-turbine-models.com/turbines/46-neg-micon-nm-92-2750,NEG Micon,NEG Micon NM 92/2750,2750,92,6648,3,103.6,4,25,14,14.2,Water cooled,,Steel,83000,57000,230000,,,640,,,No,Yes
2782,https://en.wind-turbine-models.com/turbines/2782-neg-micon-nm-92-2750-prototype,NEG Micon,NEG Micon NM 92/2750 prototype,2750,92,6648,3,70,4,25,14,15.6,double-fed asynchronous,,steel tubes,83000,57000,230000,,370000,690,50 Hz,2002,No,Yes
342,https://en.wind-turbine-models.com/turbines/342-neg-micon-nm-110-4200,NEG Micon,NEG Micon NM 110/4200,4200,110,9625,3,124,4,25,14,13,double fed asyn,,Steel tube,145000,69000,,,,6000,50 Hz,,No,Yes
1239,https://en.wind-turbine-models.com/turbines/1239-nenuphar-vertiwind-prototype,NENUPHAR,NENUPHAR Vertiwind Prototype,2000,,,3,,,,,,synchronous permanent,,,,,,,,,,2014,No,Yes
459,https://en.wind-turbine-models.com/turbines/459-nepc-src-16-6-55,NEPC,NEPC SRC 16.6-55,55,16.6,216,3,22,2,25,11,65,Asynchronus,,Steel tube,5500,1500,14000,,21000,400,50 Hz,,No,Yes
460,https://en.wind-turbine-models.com/turbines/460-nepc-src-29-8-200,NEPC,NEPC SRC 29.8-200,200,29.8,697,3,30,4,25,15,37.8,Asynchronus,,Steel tube,8500,5500,32000,,46000,400,50 Hz,,No,Yes
461,https://en.wind-turbine-models.com/turbines/461-nepc-src-29-8-225,NEPC,NEPC SRC 29.8-225,225,29.8,697,3,30,4,25,14,37.8,Asynchronus,,Steel tube,8500,5500,32000,,46000,400,50 Hz,,No,Yes
462,https://en.wind-turbine-models.com/turbines/462-nepc-src-31-250,NEPC,NEPC SRC 31-250,250,31,755,3,30,4,25,13,41.2,Asynchronus,,Steel tube,8500,5500,32000,,46000,400,50 Hz,,No,Yes
1669,https://en.wind-turbine-models.com/turbines/1669-nepc-src-31-400,NEPC,NEPC SRC 31-400,400,31,755,3,30,4,25,15,35.7,induction,,steel tube,,,,,,690,50/60 Hz,,No,Yes
2177,https://en.wind-turbine-models.com/turbines/2177-neptun-46-0,Neptun,Neptun 46.0,600,46,1662,3,51.5,3,25,11,32,double fed induction,,steel tube,18000,11000,65000,,94000,690,50 Hz,,No,Yes
2176,https://en.wind-turbine-models.com/turbines/2176-neptun-50-0,Neptun,Neptun 50.0,750,50,1963,3,51.5,3,25,12,32,double fed induction,,steel tube,19000,,65000,,,690,50 Hz,,No,Yes
1977,https://en.wind-turbine-models.com/turbines/1977-new-new-250,NEW,NEW NEW 250,25,13,132,3,30.5,3,22,13,54.5,induction,,lattice,3000,,5500,200,9000,400,50 Hz,1994,No,Yes
1127,https://en.wind-turbine-models.com/turbines/1127-newinco-10-pi-20,Newinco,Newinco 10 PI 20,20,9.1,65,3,,4,25,,,asynchronous,,steel tube,,,,,,,,,No,Yes
1128,https://en.wind-turbine-models.com/turbines/1128-newinco-14-ps-50,Newinco,Newinco 14 PS 50,50,13.8,149.6,3,,4,25,,,synchronous,,steel tube,,,,,,,,,No,Yes
1129,https://en.wind-turbine-models.com/turbines/1129-newinco-14-pi-50-65,Newinco,Newinco 14 PI 50/65,65,13.8,149.6,3,,4,25,,,asynchronous,,steel tube,,,,,,,,,No,Yes
1130,https://en.wind-turbine-models.com/turbines/1130-newinco-17-ps-85,Newinco,Newinco 17 PS 85,85,17,227,3,,4,25,,,synchronous,,steel tube,,,,,,,,,No,Yes
1131,https://en.wind-turbine-models.com/turbines/1131-newinco-17-pi-85-100,Newinco,Newinco 17 PI 85/100,100,17,227,3,,4,25,,,asynchronous,,steel tube,,,,,,,,,No,Yes
332,https://en.wind-turbine-models.com/turbines/332-newinco-19-pi-100,Newinco,Newinco 19 PI 100,100,19,283.5,3,,,,,,,,,,,,,,,,,No,Yes
613,https://en.wind-turbine-models.com/turbines/613-newinco-23-pi-200-250,Newinco,Newinco 23 PI 200/250,250,23.1,419,3,30,4,25,,,Asynchronus,,Steel tube,,,,,,,,,No,Yes
331,https://en.wind-turbine-models.com/turbines/331-newinco-25-pi-250,Newinco,Newinco 25 PI 250,250,25,491,3,29,4,25,14,43,Asynchronus,,,7500,4500,16900,,,690,,,No,Yes
333,https://en.wind-turbine-models.com/turbines/333-newinco-25-pi-250-small-tower,Newinco,Newinco 25 PI 250 small tower,250,25,491,3,,4,25,14,43,Asynchronus,,,,,,,,,,,No,Yes
1132,https://en.wind-turbine-models.com/turbines/1132-newinco-34-pi-500,Newinco,Newinco 34 PI 500,500,34,908,3,39,5,20,,43,asynchronous,,steel tube,,,32000,,66000,,,,No,Yes
2296,https://en.wind-turbine-models.com/turbines/2296-niehaus-pegasus,Niehaus,Niehaus Pegasus,30,,,,,,,,,induction,,steel tube. guyed with cable,,,,,,,,,No,Yes
2509,https://en.wind-turbine-models.com/turbines/2509-nikko-kaze-nagasu-kujira,Nikko,Nikko KAZE-NAGASU-KUJIRA,10,7,38.5,3,11,2.5,20,10,,synchronous permanent,,steel tube,1000,,2000,,3000,,50/60 Hz,,No,Yes
422,https://en.wind-turbine-models.com/turbines/422-nordex-n17,Nordex,Nordex N17,65,17,227,3,24,,,,,,,Lattice,,,,,,,,,No,Yes
671,https://en.wind-turbine-models.com/turbines/671-nordex-n26,Nordex,Nordex N26,225,26,531,3,,,,,,,,,,,,,,,,,No,Yes
24,https://en.wind-turbine-models.com/turbines/24-nordex-n27-150,Nordex,Nordex N27/150,150,27,572,3,30,3,25,15.5,40,Asynchronus,,Steel tube/Lattice,13000,5400,32000,1400,51000,400,50.0 Hz,,No,Yes
1089,https://en.wind-turbine-models.com/turbines/1089-nordex-n27-250,Nordex,Nordex N27/250,250,27,572,3,30,3,25,15.5,40,induction,,steel tube / lattice,14700,,20700,1400,43000,400,50.0 Hz,,No,Yes
56,https://en.wind-turbine-models.com/turbines/56-nordex-n29,Nordex,Nordex N29,250,29.7,692.7,3,36,3,25,15,40,Asynchronus,,Steel tube/Lattice,14000,4200,33000,800,52000,400,50.0 Hz,,No,Yes
390,https://en.wind-turbine-models.com/turbines/390-nordex-n43,Nordex,Nordex N43,600,43,1452,3,40,2.5,25,15,26.9,Asynchronus,,Steel tube/Lattice,24000,15400,67000,2000,108000,690,50.0 Hz,,No,Yes
932,https://en.wind-turbine-models.com/turbines/932-nordex-n43-lattice,Nordex,Nordex N43 Lattice,600,43,1452,3,78,2.5,25,15,26.9,Asynchronus,,Lattice,22900,15400,,2000,,690,50 Hz,1997,No,Yes
392,https://en.wind-turbine-models.com/turbines/392-nordex-n50,Nordex,Nordex N50,800,50,1964,3,46,2.5,25,15,23.8,Asynchronus,,Steel tube,23600,16000,89000,,130000,690,50.0 Hz,,No,Yes
393,https://en.wind-turbine-models.com/turbines/393-nordex-n50p,Nordex,Nordex N50P,800,50.5,1999,3,74,3,25,11.6,34.1,Double Fed Asyn,,Steel tube,25000,12400,,,,690,50 Hz,,No,Yes
387,https://en.wind-turbine-models.com/turbines/387-nordex-n52,Nordex,Nordex N52,800,52,2125,3,60,3,25,12.5,20.6,Asynchronus,,Steel tube/Lattice,57000,,86000,3700,160000,690,50.0 Hz,,No,Yes
397,https://en.wind-turbine-models.com/turbines/397-nordex-n54,Nordex,Nordex N54,1000,54,2290,3,60,3.5,25,14,21.5,Asynchronus,,Steel tube,56000,18600,105000,4700,179000,690,50.0 Hz,,No,Yes
929,https://en.wind-turbine-models.com/turbines/929-nordex-n54-mkii,Nordex,Nordex N54 MKII,1000,54,2290,3,50,3.5,25,14,22,Asynchronus,,Steel tube/Lattice,46000,19000,107000,,172000,690,50 Hz,,No,Yes
77,https://en.wind-turbine-models.com/turbines/77-nordex-n60,Nordex,Nordex N60,1300,60,2828,3,60,2.5,25,15,19.2,Asynchronus,,Steel tube / lattice,51400,21500,154000,,227000,690,50.0 Hz,2001,No,Yes
53,https://en.wind-turbine-models.com/turbines/53-nordex-n62,Nordex,Nordex N62,1300,62,3020,3,60,2.5,25,15,19.2,Asynchronus,,Steel tube/Lattice,51200,28400,150000,,230000,690,50.0 Hz,,No,Yes
519,https://en.wind-turbine-models.com/turbines/519-nordex-n70,Nordex,Nordex N70,1500,70,3848.5,3,65,3.5,25,13,19,double fed induction,,Steel tube / lattice,56000,32000,,5600,,690,50/60 Hz,,No,Yes
76,https://en.wind-turbine-models.com/turbines/76-nordex-n77,Nordex,Nordex N77,1500,77,4657,3,62,3,25,11.1,17.3,Double Fed Asyn,,Steel tube/Lattice,56000,32000,260000,,,690,50 Hz,,No,Yes
89,https://en.wind-turbine-models.com/turbines/89-nordex-n80-alpha,Nordex,Nordex N80 Alpha,2500,80,5026,3,60,4,25,15,19.1,Double Fed Asyn,,Steel tube/Lattice,95000,48300,111000,8600,254000,660,50.0 Hz,2003,No,Yes
2048,https://en.wind-turbine-models.com/turbines/2048-nordex-n82,Nordex,Nordex N82,1500,82,5280,3,80,3.5,25,12,16.5,double-fed induction,,steel tube,,,,,,690,50/60 Hz,,No,Yes
21,https://en.wind-turbine-models.com/turbines/21-nordex-n90-beta,Nordex,Nordex N90 Beta,2300,90,6362,3,80,3,25,12,16.9,Double Fed Asyn,,Steel tube/Lattice,95000,51000,,9600,,660,50.0 Hz,2003,No,Yes
2790,https://en.wind-turbine-models.com/turbines/2790-nordex-n90-gamma,Nordex,Nordex N90 Gamma,2500,90,6362,3,65,3,25,,18.1,double-fed asynchronous generator,,steel tube tower,,,,,,660,50 / 60 Hz,,No,Yes
538,https://en.wind-turbine-models.com/turbines/538-nordex-n90-offshore,Nordex,Nordex N90 Offshore,2300,90,6362,3,80,3,25,12,16.9,Double Fed Asyn,,Steel tube,95000,51000,,9600,,660,50 Hz,,Yes,No
734,https://en.wind-turbine-models.com/turbines/734-nordex-n90-2500,Nordex,Nordex N90/2500,2500,90,6362,3,70,3,25,13.5,18.1,Double Fed Asyn,,Steel tube/Hybrid,91000,55000,319000,,465000,660,50.0 Hz,2005,No,Yes
438,https://en.wind-turbine-models.com/turbines/438-nordex-n100-delta,Nordex,Nordex N100 Delta,3300,99.8,7823,3,75,3.5,25,,16.1,Double Fed Asyn,,Steel tube,,,,,,660,50/60 Hz,,No,Yes
44,https://en.wind-turbine-models.com/turbines/44-nordex-n100-gamma,Nordex,Nordex N100 Gamma,2500,99.8,7823,3,75,3,20,12,16.8,Asynchronus,,Tubular Steel,,,,,,660,50 Hz,,No,Yes
439,https://en.wind-turbine-models.com/turbines/439-nordex-n117-delta,Nordex,Nordex N117 Delta,3000,116.8,10715,3,91,3,25,,14.1,Double Fed Asyn,,Steel tube/Hybrid,,,,,,660,50/60 Hz,,No,Yes
96,https://en.wind-turbine-models.com/turbines/96-nordex-n117-gamma,Nordex,Nordex N117 Gamma,2400,116.8,10715,3,91,3,20,11,13.2,Double fed asynchronous,,steel tube / hydrid,,,,,,660,50/60 Hz,,No,Yes
1472,https://en.wind-turbine-models.com/turbines/1472-nordex-n117-3600-delta,Nordex,Nordex N117/3600 Delta,3600,116.8,10715,3,91,3,25,,14.1,Double fed induction,,steel tube / hybrid*,,,,,,660,50/60 Hz,,No,Yes
837,https://en.wind-turbine-models.com/turbines/837-nordex-n131-3000-delta,Nordex,Nordex N131/3000 Delta,3000,131,13478,3,99,3,20,,11.6,Double Fed Asyn,,Steel tube/ concrete,,,,,,660,50/60 Hz,2015,No,Yes
1284,https://en.wind-turbine-models.com/turbines/1284-nordex-n131-3300-delta,Nordex,Nordex N131/3300 Delta,3300,131,13478,3,134,3,20,,12.4,Double fed induction,,hybrid,,,,,,660,50 Hz,,No,Yes
1466,https://en.wind-turbine-models.com/turbines/1466-nordex-n131-3600-delta,Nordex,Nordex N131/3600 Delta,3600,131,13478,3,84,3,20,,13.6,Double fed induction,,steel tube,,,,,,660,50/60 Hz,,No,Yes
1583,https://en.wind-turbine-models.com/turbines/1583-nordex-n131-3900-delta,Nordex,Nordex N131/3900 Delta,3900,131,13478,3,84,,,,,,,,,,,,,,,,No,Yes
1831,https://en.wind-turbine-models.com/turbines/1831-nordex-n133-4800-delta,Nordex,Nordex N133/4800 Delta,4800,133.2,13935,3,78,3,28,13,13.9,Double fed asynchronous slip ring,,steel tube / hydrid,140600,113800,,15700,,690,50/60 Hz,2018,No,Yes
1705,https://en.wind-turbine-models.com/turbines/1705-nordex-n149-4-0-4-5,Nordex,Nordex N149/4.0-4.5,4500,149.1,17460,3,105,3,26,11,12.3,double fed induction slip ring,,steel tube / hybrid,140700,134400,,21500,,690,50/60 Hz,2018,No,Yes
2041,https://en.wind-turbine-models.com/turbines/2041-nordex-n149-5-x,Nordex,Nordex N149/5.X,5700,149.1,17460,3,105,3,26,12,10.8,double fed induction slip ring,,steel tube / hybrid,140700,134400,,21500,,750,50/60 Hz,,No,Yes
2115,https://en.wind-turbine-models.com/turbines/2115-nordex-n155-4-5,Nordex,Nordex N155/4.5,4500,155,18870,3,108,,,,,Doubly fed asynchronous,,steel tube / hydrid,,,,,,660,50/60 Hz,2020,No,Yes
2304,https://en.wind-turbine-models.com/turbines/2304-nordex-n155-5-x,Nordex,Nordex N155/5.X,5000,155,18869,3,,3,25,,,Double fed asynchronous generator,,,,,,,,750,50/60 Hz,,No,Yes
2116,https://en.wind-turbine-models.com/turbines/2116-nordex-n163-5-x,Nordex,Nordex N163/5.X,5800,163,20867,3,105,3,26,11,10.5,double fed induction slip ring,,steel tube / hydrid,,,,,,750,50/60 Hz,2020,No,Yes
2341,https://en.wind-turbine-models.com/turbines/2341-nordex-n163-6-x,Nordex,Nordex N163/6.X,6800,163,20867,3,113,3,26,12.5,10,double fed induction slip ring,,steel tube / hybrid,154600,56100,,26900,,950,50/60 Hz,2021,No,Yes
2618,https://en.wind-turbine-models.com/turbines/2618-nordex-n169-5-x,Nordex,Nordex N169/5.X,5500,169,22432,3,111.5,3,24,,,double fed asynchronous generator,,steel tube,,,,,,,60 Hz,2026,No,Yes
2470,https://en.wind-turbine-models.com/turbines/2470-nordex-n175-6-x,Nordex,Nordex N175/6.X,6000,175,24053,3,112,3,20,12.5,9,6-pole. double-fed asynchronous machine (DFIG),,steel tube / hybrid,163700,160000,,29000,,950,50/60 Hz,2025,No,Yes
1022,https://en.wind-turbine-models.com/turbines/1022-nordic-folkecenter-m-lle,Nordic Folkecenter,Nordic Folkecenter Mølle,11,6,28,3,15,3,25,12,,induction,,steel tube,,,,,,,,,No,Yes
1027,https://en.wind-turbine-models.com/turbines/1027-nordic-folkecenter-nacelle,Nordic Folkecenter,Nordic Folkecenter Nacelle,,,,,,,,,,,,,,,,,,,,,No,Yes
250,https://en.wind-turbine-models.com/turbines/250-nordic-folkecenter-folkecenter-13,Nordic Folkecenter,Nordic Folkecenter Folkecenter 13,13,8.5,57,3,,,,,,,,,,,,,,,,,No,Yes
675,https://en.wind-turbine-models.com/turbines/675-nordic-folkecenter-hanstholm-hm17-75,Nordic Folkecenter,Nordic Folkecenter Hanstholm HM17-75,75,17.5,,3,22,,,,,,,Lattice,,,,,,,,,No,Yes
249,https://en.wind-turbine-models.com/turbines/249-nordic-folkecenter-fors-rgsm-lle-22,Nordic Folkecenter,Nordic Folkecenter Forsørgsmølle 22,22,,,,,,,,,,,Lattice,,,,,,,,,No,Yes
677,https://en.wind-turbine-models.com/turbines/677-nordic-folkecenter-danmark-dk-36-525-prototype,Nordic Folkecenter,Nordic Folkecenter DANmark DK 36/525 Prototype,525,36,1018,3,41,4,25,16,31,Asynchronus,,Steel tube,24200,7800,26000,1600,58000,400,50 Hz,1992,No,Yes
678,https://en.wind-turbine-models.com/turbines/678-nordic-folkecenter-hanstholm-hm-37-525,Nordic Folkecenter,Nordic Folkecenter Hanstholm HM-37 525,525,37,1018,3,41,4,25,16,31,Asynchronus,,Steel tube,24200,7800,26000,1600,58000,400,50 Hz,,No,Yes
373,https://en.wind-turbine-models.com/turbines/373-nordic-folkecenter-150-kw,Nordic Folkecenter,Nordic Folkecenter 150 kW,150,,,,,,,,,,,,,,,,,,,,No,Yes
374,https://en.wind-turbine-models.com/turbines/374-nordic-folkecenter-150-kw-nacelle,Nordic Folkecenter,Nordic Folkecenter 150 kW Nacelle,150,,,,,,,,,,,,,,,,,,,,No,Yes
1086,https://en.wind-turbine-models.com/turbines/1086-nordic-windpower-ab-nordic-400,Nordic Windpower AB,Nordic Windpower AB Nordic 400,400,35.4,984,2,40,4,25,14,39,asynchronous,,steel tube,8500,,16500,1300,32000,400,50 Hz,,No,Yes
1087,https://en.wind-turbine-models.com/turbines/1087-nordic-windpower-ab-nordic-500,Nordic Windpower AB,Nordic Windpower AB Nordic 500,500,36,1017.9,2,40,3.5,25,15,41,asynchronous,,steel tube,10000,,16500,1500,32000,400,50 Hz,,No,Yes
824,https://en.wind-turbine-models.com/turbines/824-nordic-windpower-ab-nordic-1000,Nordic Windpower AB,Nordic Windpower AB Nordic 1000,1000,53,2206,2,58,4,21,16,25,Asynchronus,,Steel tube,24500,17700,46300,4200,92900,690,50 Hz,1995,No,Yes
1088,https://en.wind-turbine-models.com/turbines/1088-nordic-windpower-co-n1000,Nordic Windpower Co.,Nordic Windpower Co. N1000,1000,59,2734,2,60,4,22,16,23,induction,,steel tube,40000,4200,63000,,108000,690,50 Hz,,No,Yes
1376,https://en.wind-turbine-models.com/turbines/1376-nordtank-ntk-10,Nordtank,Nordtank NTK 10,10,6,28,3,,,,,,asynchronous,,steel tube,,,,,,220,50 Hz,,No,Yes
167,https://en.wind-turbine-models.com/turbines/167-nordtank-ntk-10-prototyp,Nordtank,Nordtank NTK 10 Prototyp,10,6,28,3,,,,,,,,,,,,,,,,,No,Yes
164,https://en.wind-turbine-models.com/turbines/164-nordtank-ntk-22,Nordtank,Nordtank NTK 22,22,11,95,3,18,,,,,,,,,,,,,,,,No,Yes
1354,https://en.wind-turbine-models.com/turbines/1354-nordtank-ntk-30,Nordtank,Nordtank NTK 30,30,11,315.8,3,,,,,,,,steel tube,,,,,,,,,No,Yes
165,https://en.wind-turbine-models.com/turbines/165-nordtank-ntk-45,Nordtank,Nordtank NTK 45,45,15.7,201,3,22.7,3.7,25,17,,induction,,steel tube,,,,,12000,400,50 Hz,,No,Yes
162,https://en.wind-turbine-models.com/turbines/162-nordtank-ntk-55,Nordtank,Nordtank NTK 55,55,18,255,3,20.5,,,,,,,,,,,,,,,,No,Yes
564,https://en.wind-turbine-models.com/turbines/564-nordtank-ntk-65,Nordtank,Nordtank NTK 65,65,16.5,213,3,24,3.6,25,13.5,,Asynchronus,,Steel tube,5700,,6500,,,480,60 Hz,,No,Yes
163,https://en.wind-turbine-models.com/turbines/163-nordtank-ntk-99,Nordtank,Nordtank NTK 99,99,20.5,330,3,24,4,27,13,40,Asynchronous,,steel tube,,,,,,,50 Hz,,No,Yes
161,https://en.wind-turbine-models.com/turbines/161-nordtank-ntk-130,Nordtank,Nordtank NTK 130,130,20.5,330,3,24.5,3.5,30,13.5,44,induction,,tubular steel tower,,,,,,400,,,No,Yes
166,https://en.wind-turbine-models.com/turbines/166-nordtank-ntk-150,Nordtank,Nordtank NTK 150,150,24.6,475,3,32.5,4,25,13.5,37,Asynchronus,,Steel tube,6000,,11000,800,23000,400,50.0 Hz,,No,Yes
1425,https://en.wind-turbine-models.com/turbines/1425-nordtank-ntk-160,Nordtank,Nordtank NTK 160,160,24.6,475,3,32.5,4,25,14,37,induction,,steel tube,6000,,11000,800,23000,400,50 Hz,,No,Yes
1355,https://en.wind-turbine-models.com/turbines/1355-nordtank-ntk-200,Nordtank,Nordtank NTK 200,200,28,615.8,3,30,4,25,12.5,,induction,,steel tube,12500,,14000,,,690,50 Hz,,No,Yes
48,https://en.wind-turbine-models.com/turbines/48-nordtank-ntk-300,Nordtank,Nordtank NTK 300,300,31,755,3,31,4.5,25,13,33,Asynchronus,,Steel tube,12800,,22800,1200,42000,690,50.0 Hz,,No,Yes
1356,https://en.wind-turbine-models.com/turbines/1356-nordtank-ntk-330,Nordtank,Nordtank NTK 330,330,28,615.7,3,31,4,25,14,,induction,,steel tube,12800,,,,,690,50 Hz,,No,Yes
1353,https://en.wind-turbine-models.com/turbines/1353-nordtank-ntk-400,Nordtank,Nordtank NTK 400,400,35,961,3,35,4.5,25,18,35,induction,,steel tube,,,,,,400,60 Hz,,No,Yes
1671,https://en.wind-turbine-models.com/turbines/1671-nordtank-ntk-450,Nordtank,Nordtank NTK 450,450,37,1075,3,35,4,25,13,29,induction,,steel tube,16800,10000,42000,,69000,400,50 Hz,,No,Yes
63,https://en.wind-turbine-models.com/turbines/63-nordtank-ntk-500-37,Nordtank,Nordtank NTK 500/37,500,37,1075,3,35,4,25,14.9,30,Asynchronus,,Steel tube,16800,10000,42000,1600,68800,690,50.0 Hz,,No,Yes
384,https://en.wind-turbine-models.com/turbines/384-nordtank-ntk-500-41,Nordtank,Nordtank NTK 500/41,500,41,1325,3,42.1,4,25,14,27,Asynchronus,,Steel tube,16800,,42000,1900,65000,690,50.0 Hz,,No,Yes
1357,https://en.wind-turbine-models.com/turbines/1357-nordtank-ntk-550,Nordtank,Nordtank NTK 550,550,41,1320.3,3,42.3,,,,,induction,,steel tube,,,,,,690,50 Hz,,No,Yes
49,https://en.wind-turbine-models.com/turbines/49-nordtank-ntk-600,Nordtank,Nordtank NTK 600,600,43,1452,3,50,3,25,14,17.9,Asynchronus,,Steel tube,20000,,60000,2000,,690,50 Hz,,No,Yes
632,https://en.wind-turbine-models.com/turbines/632-nordtank-ntk-600-nearshore,Nordtank,Nordtank NTK 600 Nearshore,600,43,1452,3,50,3,25,14,17.9,Asynchronus,,Steel tube,20000,,60000,2000,,690,50 Hz,,Yes,Yes
820,https://en.wind-turbine-models.com/turbines/820-nordtank-ntk-1500-60,Nordtank,Nordtank NTK 1500 60,1500,60,2827,3,60,4,25,15,19.2,Asynchronus,,Steel tube,63500,30500,99500,6200,198500,690,50 Hz,,No,Yes
3,https://en.wind-turbine-models.com/turbines/3-nordtank-ntk-1500-64,Nordtank,Nordtank NTK 1500 64,1500,64,3217,3,57,5,25,15,19,Asynchronus,,Steel tube,,,,,193000,690,50 Hz,,No,Yes
118,https://en.wind-turbine-models.com/turbines/118-nordwind-nw-40-500,Nordwind,Nordwind NW 40-500,500,40,1257,2,43.5,,,,,,,,,,,,,,,,No,Yes
650,https://en.wind-turbine-models.com/turbines/650-nordwind-nw-44-750,Nordwind,Nordwind NW 44-750,750,44,1521,2,68,,,,,,,,,,,,,,,,No,Yes
1411,https://en.wind-turbine-models.com/turbines/1411-nordwind-gmbh-model-100-15,Nordwind GmbH,Nordwind GmbH Model 100/15,18,15,176.7,3,20,3,,15,61,synchronous generator at bottom of tower,,lattice,,,,,,,50 Hz,1949,No,Yes
1344,https://en.wind-turbine-models.com/turbines/1344-northel-20,NORTHEL,NORTHEL 20,20,9.6,72,3,15,2.8,25,14,132,induction or synchronous,,Guy-reinforced steel pole or free standing steel tower,,,,,1100,500,50 Hz,,No,Yes
1825,https://en.wind-turbine-models.com/turbines/1825-northel-poyra-p36-300,NORTHEL,NORTHEL POYRA P36/300,300,36,706,3,30,2.9,20,11.5,48,synchronous / induction,,steel tube,,,,,,380,50 Hz,,No,Yes
1343,https://en.wind-turbine-models.com/turbines/1343-northel-50,NORTHEL,NORTHEL 50,50,15.2,181,3,20,2.7,25,14,56,induction or synchronous,,steel tube,,,,,4500,500,50 Hz,,No,Yes
1828,https://en.wind-turbine-models.com/turbines/1828-northel-orsa-dd-65-1200,NORTHEL,NORTHEL ORSA DD 65/1200,1200,65,3848,3,60,4,45,12,22,synchronous permanent,,steel tube,,,,,,690,50 Hz,,No,Yes
1826,https://en.wind-turbine-models.com/turbines/1826-northel-orsa-ds-75-1200,NORTHEL,NORTHEL ORSA DS 75/1200,1200,75,4417.9,3,60,4,45,11,22,synchronous permanent,,steel tube,,,,,,690,50 Hz,,No,Yes
1342,https://en.wind-turbine-models.com/turbines/1342-northel-100,NORTHEL,NORTHEL 100,100,18,254,3,20,2.8,25,14,27,induction or synchronous,,steel tube,,,,,5300,380,50 Hz,,No,Yes
1827,https://en.wind-turbine-models.com/turbines/1827-northel-orsa-ds-104-2600,NORTHEL,NORTHEL ORSA DS 104/2600,2600,104,8494,3,,,,,,,,,,,,,,,,,No,No
1341,https://en.wind-turbine-models.com/turbines/1341-northel-150,NORTHEL,NORTHEL 150,150,20,314,3,25,2.7,25,14,27,induction or synchronous,,steel tube,,,,,5900,380,50 Hz,,No,Yes
1340,https://en.wind-turbine-models.com/turbines/1340-northel-250,NORTHEL,NORTHEL 250,250,30,706,3,30,2.9,25,14,29,induction,,steel tube,,,,,16400,380,50 Hz,,No,Yes
2605,https://en.wind-turbine-models.com/turbines/2605-nps-northern-power-nps-2-1-110,NPS Northern Power,NPS Northern Power NPS 2.1-110,2100,110,9503,3,80,3,20,9.5,14,permanent magnet,,steel tube / hybrid concrete,,,,,,34500,50/60 Hz,,No,Yes
2604,https://en.wind-turbine-models.com/turbines/2604-nps-northern-power-nps-2-2-100,NPS Northern Power,NPS Northern Power NPS 2.2-100,2200,100,7854,3,80,3,25,11,12,permanent magnet synchronous,,steel tube / hybrid concrete,,,,,,34500,50/60 Hz,,No,Yes
1271,https://en.wind-turbine-models.com/turbines/1271-nps-northern-power-nps-2-3-93,NPS Northern Power,NPS Northern Power NPS 2.3-93,2300,93,6792.9,3,80,3,25,12.5,,synchronous permanent,,steel tube,,,,,,400,50/60 Hz,,No,Yes
1270,https://en.wind-turbine-models.com/turbines/1270-nps-northern-power-nps-60-24,NPS Northern Power,NPS Northern Power NPS 60-24,60,24.4,467.6,3,23,3,25,11,,synchronous permanent,,steel tube,7800,,14000,,,400,50 Hz,,No,Yes
1269,https://en.wind-turbine-models.com/turbines/1269-nps-northern-power-nps-100c-21,NPS Northern Power,NPS Northern Power NPS 100C-21,100,20.7,336.5,3,29,3,25,15,,synchronous permanent,,steel tube,6500,,12000,,,400,50 Hz,,No,Yes
365,https://en.wind-turbine-models.com/turbines/365-nps-northern-power-nps-100c-24,NPS Northern Power,NPS Northern Power NPS 100C-24,100,24.4,467.6,3,22,3,25,12,51.4,synchronous permanent,,steel tube,,6900,12000,,,400,50 Hz,,No,Yes
664,https://en.wind-turbine-models.com/turbines/664-norvento-ned-100-22,Norvento,Norvento nED 100-22,100,22,380,3,24.5,3,20,10,,Multi-pole permanent magnet,,Tubular Steel,,,,,,400,50/60 Hz,,No,Yes
1804,https://en.wind-turbine-models.com/turbines/1804-norvento-ned-100-24,Norvento,Norvento nED 100-24,100,24,452,3,29.5,3,20,10,,Multi-pole permanent magnet,,Tubular Steel,,,,,,400,50/60 Hz,,No,Yes
2357,https://en.wind-turbine-models.com/turbines/2357-norwin-9-stall-15,Norwin,Norwin 9 STALL 15,15,9,63.6,5,,3,25,12,,,,,,,,,,,,2010,No,Yes
225,https://en.wind-turbine-models.com/turbines/225-norwin-24-stall-150,Norwin,Norwin 24 STALL 150,150,24,,,30,4,25,14,,,,Conical steel tower,7600,,13300,,,,,,No,Yes
2356,https://en.wind-turbine-models.com/turbines/2356-norwin-27-stall-225,Norwin,Norwin 27 STALL 225,225,27,573,3,30,4,25,13.5,37.8,Closed. 4-pole. asynchronous. single wound. induction,,steel tube,7600,5000,20700,,24400,690,50/60 Hz,1999,No,Yes
2353,https://en.wind-turbine-models.com/turbines/2353-norwin-29-stall-200,Norwin,Norwin 29 STALL 200,200,29.1,665,3,30,4,25,,37.6,Closed. 4-pole. asynchronous. single wou-nd. induction,,steel tube,7600,5300,20700,,33600,690,50 Hz,1997,No,Yes
226,https://en.wind-turbine-models.com/turbines/226-norwin-29-stall-225,Norwin,Norwin 29 STALL 225,225,29.1,664,3,30,4,25,14,37.6,Closed. 4-pole. asynchronous. single wound. induction. IP54,,steel tube,7600,5300,20700,,33600,400,50 Hz,1999,No,Yes
2352,https://en.wind-turbine-models.com/turbines/2352-norwin-46-asr-599,Norwin,Norwin 46 ASR 599,599,46,1661,3,40,3,25,,,Closed. 6/4-pole. asynchronous. induction.,,steel tube,24000,14600,38600,2200,77200,690,50 Hz,1998,No,Yes
224,https://en.wind-turbine-models.com/turbines/224-norwin-47-asr-500,Norwin,Norwin 47 ASR 500,500,47,1735,3,40,4,25,13,25.2,Closed. 6/4-pole. asynchronous. induction,,steel tube,24000,14600,,2200,,690,50/60 Hz,1998,No,Yes
2354,https://en.wind-turbine-models.com/turbines/2354-norwin-47-asr-750,Norwin,Norwin 47 ASR 750,750,47,1735,3,35,3,25,,25.5,Closed. 4-pole. asynchronous. single wou-nd. induction,,steel tube,24000,14600,,2200,,690,50/60 Hz,1999,No,Yes
2355,https://en.wind-turbine-models.com/turbines/2355-norwin-54-asr-750,Norwin,Norwin 54 ASR 750,750,54,2290,3,40,3,20,,25.2,Closed. 6/4-pole. asynchronous. induction,,steel tube,23500,11000,,2300,,690,50/60 Hz,2005,No,Yes
1968,https://en.wind-turbine-models.com/turbines/1968-novawind-l100-2-5-mw,NovaWind,"NovaWind L100-2,5 MW",2500,100,7845,3,75,2,25,,,synchronous permanent multi pole,,MST Modular Steel Tower. TST Tubular Steel Tower,72000,32000,,,,,50/60 Hz,,No,Yes
1100,https://en.wind-turbine-models.com/turbines/1100-nowomag-ew-160,Nowomag,Nowomag EW 160,160,22,380,3,30,4,25,15,46.6,asynchronous,,steel tube,21000,,,,,380,50.0 Hz,,No,Yes
1317,https://en.wind-turbine-models.com/turbines/1317-nrg-patagonia-nrgp-64,NRG PATAGONIA,NRG PATAGONIA NRGP 64,1500,64,3217,3,70,4,25,12,,induction,,steel tube,,,,,,690,50 Hz,,No,Yes
1318,https://en.wind-turbine-models.com/turbines/1318-nrg-patagonia-nrgp-82,NRG PATAGONIA,NRG PATAGONIA NRGP 82,1500,82,5281,3,80,4,25,8,,induction,,steel tube,,,,,,690,50 Hz,,No,Yes
2113,https://en.wind-turbine-models.com/turbines/2113-ntech-renewables-ntdt-whirlwind-vawt-1kw,Ntech Renewables,Ntech Renewables NTDT WHIRLWIND (VAWT) 1kW,1,2.5,,5,8,2.5,25,10,55,synchronous permanent,,steel tube,,,,,,78,50 Hz,,No,Yes
179,https://en.wind-turbine-models.com/turbines/179-odder-m-llen-odder-m-lle-18-sp,Odder Møllen,Odder Møllen Odder Mølle 18 SP,18.5,11,95,3,14,3.5,,,64,induction 6-pole,,steel tube,,,,,,380,50 Hz,,No,Yes
631,https://en.wind-turbine-models.com/turbines/631-oldemarkt-go-getter,Oldemarkt,Oldemarkt go-getter,60,,,,,,,,,,,,,,,,,,,,No,Yes
1693,https://en.wind-turbine-models.com/turbines/1693-osiris-energy-osiris-1-6,Osiris Energy,"Osiris Energy Osiris 1,6",1.6,3.2,8,5,,2.4,16,10.5,450,synchronous permanent,,steel tube,,,,,,240,50 Hz,,No,Yes
1692,https://en.wind-turbine-models.com/turbines/1692-osiris-energy-osiris-10,Osiris Energy,Osiris Energy Osiris 10,10,9.7,73.9,3,12,2.5,20,9.5,120,synchronous permanent,,steel tube,900,,,,,400,50/60 Hz,2007,No,Yes
2494,https://en.wind-turbine-models.com/turbines/2494-schubert-windkraftwerk-s88,Schubert,Schubert Windkraftwerk S88,8,8,50,3,11,,,,120,induction,,folding guyed mast,,,,,,400,50 Hz,1986,No,Yes
2488,https://en.wind-turbine-models.com/turbines/2488-oy-windside-ws-30,Oy Windside,Oy Windside WS-30,20,3,7,2,10,3,,,,permanent magnet,,Multiple technologies available,,,,,9000,,50/60 Hz,,Yes,Yes
1068,https://en.wind-turbine-models.com/turbines/1068-pacwind-aeolian,PACWIND,PACWIND Aeolian,5,3,,28,,2.2,45,12.5,500,,,,,,,,,,,,No,Yes
2368,https://en.wind-turbine-models.com/turbines/2368-pademo-pademo-75,Pademo,Pademo PADEMO 75,75,18,254,3,18,4,25,14,51,induction 75/18.5kW,,lattice,,,,,,400,50 Hz,1977,No,Yes
440,https://en.wind-turbine-models.com/turbines/440-palmtree-power-300,Palmtree Power,Palmtree Power 300,300,32,804.2,3,32,3,20,12,50,synchronous,,Steel tube/Lattice,,,,,,400,50 Hz,,No,Yes
612,https://en.wind-turbine-models.com/turbines/612-paques-17-5,Paques,"Paques 17,5",17.5,,,3,17.5,,,,,,,Steel tube,,,,,,,,,No,Yes
1477,https://en.wind-turbine-models.com/turbines/1477-pasl-pws-900i,PASL,PASL PWS 900i,725,58,2642,3,71,3,25,,,induction,,steel tube,,,,,,,50/60 Hz,,No,Yes
1478,https://en.wind-turbine-models.com/turbines/1478-pasl-pws-1250i,PASL,PASL PWS 1250i,1050,68,3631.7,3,74,3,25,,,induction,,steel tube,,,,,,,50/60 Hz,,No,Yes
1479,https://en.wind-turbine-models.com/turbines/1479-pasl-pws-1800i,PASL,PASL PWS 1800i,1500,83.6,5494,3,80,3,25,,,induction,,steel tube,,,,,,,50/60 Hz,,No,Yes
1480,https://en.wind-turbine-models.com/turbines/1480-pasl-pws-1800il,PASL,PASL PWS 1800iL,1800,100,7854,3,100,2.1,25,,,induction,,steel tube,,,,,,,50/60 Hz,,No,Yes
1488,https://en.wind-turbine-models.com/turbines/1488-pentawind-eolica-10kw,PENTAWIND,PENTAWIND eolica 10kW,10,9.6,72.4,5,24,2.7,16,8.5,70,,,steel tube,,,,,,,,,No,Yes
150,https://en.wind-turbine-models.com/turbines/150-pfleiderer-pwe-650,Pfleiderer,Pfleiderer PWE 650,600,50,1963,3,48,3.5,20,11,27,Asynchronus,,Steel tube,23500,11600,109000,,,690,50 Hz,,No,Yes
404,https://en.wind-turbine-models.com/turbines/404-pfleiderer-pwe-1570,Pfleiderer,Pfleiderer PWE 1570,1500,70,3848,3,65,3.5,25,11,22,Double Fed Asyn,,Steel tube,49400,23800,,,,690,50 Hz,,No,Yes
1154,https://en.wind-turbine-models.com/turbines/1154-pfleiderer-pwe-1577,Pfleiderer,Pfleiderer PWE 1577,1500,77,4708,3,93.6,3,20,11,19,Double fed induction,,steel tube / *hybrid,56000,33000,136000,,225000,690,50.0 Hz,,No,Yes
2152,https://en.wind-turbine-models.com/turbines/2152-phaesun-phaesun-stormy-wings-3000_48,Phaesun,Phaesun Phaesun Stormy Wings 3000_48,3,3.1,,5,,,,12,,permanent neodymium magnet,,,,,,,,48,,,Yes,Yes
1405,https://en.wind-turbine-models.com/turbines/1405-pintsch-bamag-wr-100-380,Pintsch Bamag,Pintsch Bamag WR 100/380,100,20,314,3,14,4,31,15,60,induction,,steel tubes,,,,,10500,380,50 Hz,1984,No,Yes
1406,https://en.wind-turbine-models.com/turbines/1406-pintsch-bamag-wr-120-480,Pintsch Bamag,Pintsch Bamag WR 120/480,120,20,314,3,14,4,31,15,60,induction,,steel tubes,,,,,10500,480,60 Hz,,No,Yes
452,https://en.wind-turbine-models.com/turbines/452-pioneer-wincon-p-250-29,Pioneer Wincon,Pioneer Wincon P 250/29,250,29,660,3,50,3,25,15,38,Asynchronus,,Lattice,,,,,,415,50 Hz,,No,Yes
453,https://en.wind-turbine-models.com/turbines/453-pioneer-wincon-p-750-49,Pioneer Wincon,Pioneer Wincon P 750/49,750,49,1887,3,60,3,25,16,22.4,Asynchronus,,Lattice,25000,14000,55000,3400,94000,690,50 Hz,,No,Yes
540,https://en.wind-turbine-models.com/turbines/540-pm-wind-pm-25,PM Wind,PM Wind PM 25,25,10.4,85,2,,,,,36,,,Steel tube,,,,,,,,,No,Yes
1063,https://en.wind-turbine-models.com/turbines/1063-polenko-wps-5,Polenko,Polenko WPS 5,3.5,5,19.6,3,10,3,20,9,,Asynchronous,,tubular steel,,,,,,380,50.0 Hz,,No,Yes
1064,https://en.wind-turbine-models.com/turbines/1064-polenko-wps-8,Polenko,Polenko WPS 8,15,8.5,56.7,3,20,3.2,20,9.5,63,Asynchronous,,tubular steel,,,,,,380,50 Hz,,No,Yes
1050,https://en.wind-turbine-models.com/turbines/1050-polenko-wps-10,Polenko,Polenko WPS 10,15,9.7,73.9,3,20,4,27,12,,Asynchronous,,tubular steel,,,,,,380,50 Hz,1984,No,Yes
1065,https://en.wind-turbine-models.com/turbines/1065-polenko-wps-11,Polenko,Polenko WPS 11,40,11.5,103.9,3,20,3.3,20,11.5,56,Asynchronous,,tubular steel,,,,,,380,50 Hz,,No,Yes
362,https://en.wind-turbine-models.com/turbines/362-polenko-wps-16,Polenko,Polenko WPS 16,60,16,201,3,20,3.4,20,11.2,41,Asynchronous,,tubular steel,,,,,,380,50/60 Hz,,No,Yes
1066,https://en.wind-turbine-models.com/turbines/1066-polenko-wps-18,Polenko,Polenko WPS 18,100,18,254.5,3,30,6.3,30,13.9,,Asynchronous,,tubular steel,,,,,,380,50.0 Hz,,No,Yes
2601,https://en.wind-turbine-models.com/turbines/2601-polenko-wps-30,Polenko,Polenko WPS 30,300,30,706.9,3,30,4,25,12.8,55,induction,,steel tube,17000,800,22500,,40300,380,50/60 Hz,1982,No,Yes
1408,https://en.wind-turbine-models.com/turbines/1408-poul-la-cour-first-experimental-windmill,Poul la Cour,Poul la Cour first experimental windmill,,13.5,140,4,14,,,,,DC-generator,,lattice wood,,,,,,,,1891,No,Yes
10,https://en.wind-turbine-models.com/turbines/10-powerwind-pw56,PowerWind,PowerWind PW56,900,56,2463,,59,3,25,12.5,28,,,Conical steel tower,30000,18500,,,,,,2007,No,Yes
937,https://en.wind-turbine-models.com/turbines/937-powerwind-pw90,PowerWind,PowerWind PW90,2500,90,6362,3,100,3,25,14,16,Synchronous permanent,,Steel tube,,,,,,690,50/60 Hz,,No,Yes
938,https://en.wind-turbine-models.com/turbines/938-powerwind-ltd-pw56,PowerWind Ltd.,PowerWind Ltd. PW56,900,56,2436,3,59,3,25,12.5,28,Asynchronus,,Steel tube,,,,,,690,50/60 Hz,2007,No,Yes
939,https://en.wind-turbine-models.com/turbines/939-powerwind-ltd-pw60,PowerWind Ltd.,PowerWind Ltd. PW60,850,60,2827,3,70,3,25,12,25.8,Asynchronus,,Steel tube,,,,,,690,50/60 Hz,,No,Yes
941,https://en.wind-turbine-models.com/turbines/941-powerwind-ltd-pw90,PowerWind Ltd.,PowerWind Ltd. PW90,2500,90,6362,3,80,3,25,14,15.5,Synchronous permanent,,Steel tube,,,,,,690,50/60 Hz,,No,Yes
942,https://en.wind-turbine-models.com/turbines/942-powerwind-ltd-pw100,PowerWind Ltd.,PowerWind Ltd. PW100,2500,100,7845,3,80,3,25,13,14,Synchronous permanent,,Steel tube,,,,,,690,50/60 Hz,,No,Yes
940,https://en.wind-turbine-models.com/turbines/940-powerwind-ltd-pw-500,PowerWind Ltd.,PowerWind Ltd. PW 500,500,56,2436,3,44,3,25,10,24.9,Asynchronus,,Steel tube,,,,,,690,50 Hz,2012,No,Yes
495,https://en.wind-turbine-models.com/turbines/495-powerworks-kcs56-100-kw,PowerWorks,PowerWorks KCS56 - 100 kW,100,18,229,3,18.3,5,20,13,72,Asynchronus,,Steel tube/Lattice,,,,,,380,50 Hz,,No,Yes
496,https://en.wind-turbine-models.com/turbines/496-powerworks-250-kw-weg-ms-2,PowerWorks,PowerWorks 250 kW WEG MS-2,250,25,491,3,25,6,25,14,48,Asynchronus,,Steel tube,,,,,,480,60 Hz,,No,Yes
2150,https://en.wind-turbine-models.com/turbines/2150-primus-windpower-air-breeze,primus windpower,primus windpower AIR BREEZE,0.2,1.2,1.1,3,,3.1,22,5.8,,Permanent magnet brushless,,steel tube,,,,,,48,,1989,Yes,Yes
2151,https://en.wind-turbine-models.com/turbines/2151-primus-windpower-air-x-marine,primus windpower,primus windpower AIR X MARINE,0.4,1.2,1.1,3,,3.6,22,11,,Permanent magnet brushless,,,,,,,,24,,,Yes,Yes
738,https://en.wind-turbine-models.com/turbines/738-prokon-p3000-116,PROKON,PROKON P3000/116,3000,116,10568,3,92,3,23,11.3,12,Synchronous permanent,,Steel tube/Hybrid,134000,74000,1610000,,1818000,690,50 Hz,2014,No,Yes
714,https://en.wind-turbine-models.com/turbines/714-proven-proven-2-5,Proven,Proven Proven 2.5,2.5,3.5,9.6,3,6.5,3,70,14,300,brushless permanent magnet,,tapered. hinged,,,,,200,120,50/60 Hz,,Yes,Yes
713,https://en.wind-turbine-models.com/turbines/713-proven-proven-15,Proven,Proven Proven 15,15,9.6,72.4,3,15,2.5,54,12,150,Synchronous permanent,,Steel tube,,,,,1100,240,50 Hz,,No,Yes
1666,https://en.wind-turbine-models.com/turbines/1666-psw-en-drive-2000-3kw,PSW,PSW EN-Drive 2000 3kW,3,3,7.1,3,7.4,,,,,synchronous,,steel tube,,,,,,400,50 Hz,,No,Yes
1667,https://en.wind-turbine-models.com/turbines/1667-psw-en-drive-2000-5kw,PSW,PSW EN-Drive 2000 5kW,5,5.2,21.2,3,7.4,,,,,synchronous,,steel tube,,,,,,400,50 Hz,,No,Yes
1668,https://en.wind-turbine-models.com/turbines/1668-psw-en-drive-2000-7-5kw,PSW,"PSW EN-Drive 2000 7,5kW",7.5,7.1,39.6,3,7.4,,,,,synchronous,,steel tube,,,,,,400,50 Hz,,No,Yes
1665,https://en.wind-turbine-models.com/turbines/1665-psw-en-drive-2000-10kw,PSW,PSW EN-Drive 2000 10kW,10,7.1,39.6,3,11.5,,,,,synchronous,,steel tube,,,,,,400,50 Hz,,No,Yes
1664,https://en.wind-turbine-models.com/turbines/1664-psw-en-drive-2000-12kw,PSW,PSW EN-Drive 2000 12kW,12,8.5,56.7,3,11.5,,,,,synchronous,,steel tube,,,,,,400,50 Hz,,No,Yes
1185,https://en.wind-turbine-models.com/turbines/1185-psw-en-drive-2000-15kw,PSW,PSW EN-Drive 2000 15kW,15,8.5,56.7,3,11.5,2.3,20,11.8,,synchronous,,steel tube,300,,1900,0,2200,400,50 Hz,,No,Yes
1663,https://en.wind-turbine-models.com/turbines/1663-psw-en-drive-2000-20kw,PSW,PSW EN-Drive 2000 20kW,20,10,78.5,3,11.5,,,,,synchronous,,steel tube,,,,,,400,50 Hz,,No,Yes
2314,https://en.wind-turbine-models.com/turbines/2314-pyrkal-oa500,PYRKAL,PYRKAL OA500,500,39.8,1246,3,38,4,25,13,29,induction,,steel tube,,,,,,690,50 Hz,,No,Yes
2315,https://en.wind-turbine-models.com/turbines/2315-pyrkal-oa600,PYRKAL,PYRKAL OA600,600,40.6,1293,3,38,4,25,13,29,induction,,steel tube,,,,,,690,50 Hz,,No,Yes
2719,https://en.wind-turbine-models.com/turbines/2719-qingdao-wind-power-x-series-3kw,Qingdao Wind Power,Qingdao Wind Power X series 3kW,3,4.5,15.9,3,,3,25,9,240,3-phase AC PM,,,100,,,,,120,50/60 Hz,,Yes,Yes
2717,https://en.wind-turbine-models.com/turbines/2717-qingdao-wind-power-x-series-5kw,Qingdao Wind Power,Qingdao Wind Power X series 5kW,5,5,19.6,3,,3,25,9,220,3-phase AC PM,,steel tube,200,,,,,240,50/60 Hz,,Yes,Yes
2718,https://en.wind-turbine-models.com/turbines/2718-qingdao-wind-power-x-series-10kw,Qingdao Wind Power,Qingdao Wind Power X series 10kW,10,7.5,44.2,3,10,3,25,10,180,permanent magnet generator 3-phase AC PM,,guy cable tower / mono pole tower,500,,,,,520,50/60 Hz,,Yes,Yes
2716,https://en.wind-turbine-models.com/turbines/2716-qingdao-wind-power-x-series-50kw,Qingdao Wind Power,Qingdao Wind Power X series 50kW,50,16,201,3,18,3,25,10,75,permanent magnet generator 3-phase AC PM,,guy cable tower / mono pole tower,,,,,,520,50/60 Hz,,No,Yes
1017,https://en.wind-turbine-models.com/turbines/1017-qreon-q82,Qreon,Qreon Q82,2000,82.4,5333,3,100,3,25,13,17.9,synchronus,,tubular. lattice or timber tower,,,,,,,50 Hz,,No,Yes
2741,https://en.wind-turbine-models.com/turbines/2741-r-smith-of-crawley-isle-of-man-prototype,R. Smith of Crawley,R. Smith of Crawley Isle of Man prototype,100,15.2,182,3,,4,22.5,18.3,75,induction,,lattice mast tower with three legs,,,,,,,,1959,No,Yes
2755,https://en.wind-turbine-models.com/turbines/2755-raeun-tech-gwe-10ku,Raeun Tech,Raeun Tech GWE-10KU,10,7.5,44.2,3,18,,,,,,,steel tube,,,,,,380,,,No,Yes
1835,https://en.wind-turbine-models.com/turbines/1835-rago-furba-59-23-2,Rago,Rago Furba 59/23.2,59,23.2,422.7,3,28,2.5,25,9.5,45,induction,,tubular,,,16000,,,400,50 Hz,,No,Yes
1836,https://en.wind-turbine-models.com/turbines/1836-rago-freccia-59-23-2,Rago,Rago Freccia 59/23.2,59,23.2,422.7,3,24,2.5,25,9.5,45,induction,,tubular,5200,,18000,,,400,50 Hz,,No,Yes
1834,https://en.wind-turbine-models.com/turbines/1834-rago-furba-59-28,Rago,Rago Furba 59/28,59,28,615.8,3,28,2.5,20,7.4,34,induction,,steel tube,,,11400,,,400,50 Hz,,No,Yes
1569,https://en.wind-turbine-models.com/turbines/1569-ratier-figeac-darrieus,Ratier-Figeac,Ratier-Figeac Darrieus,12,20,,3,,3,25,6,,,,,2400,,,,,,,,No,Yes
1453,https://en.wind-turbine-models.com/turbines/1453-ratier-figeac-rf100,Ratier-Figeac,Ratier-Figeac RF100,155,18,254.5,2,30,,,,88,,,steel tube,,,,,,,50 Hz,1986,No,Yes
1071,https://en.wind-turbine-models.com/turbines/1071-raum-energy-3-5,Raum Energy,Raum Energy 3.5,3.5,4,12.6,5,14.5,2.8,22,11,350,synchronus permanent,,steel tube,100,,400,,500,120,,,No,Yes
2762,https://en.wind-turbine-models.com/turbines/2762-rce-energy-rce-t1,RCE - Energy,RCE - Energy RCE-T1,11,12.5,123,3,11.6,,,,36,Three-phase asynchronous motors 6-pole,,S235 / S 355 Steel Mesh Assembled by SB Bolts Not Prestressed with Hybrid foundation above ground weight + steel compass anchor,1600,500,1600,,3500,690,50 Hz,2025,No,Yes
485,https://en.wind-turbine-models.com/turbines/485-regen-powertech-vensys-77,ReGen Powertech,ReGen Powertech VENSYS 77,1500,77,4637,3,85,3,22,13,17.3,Synchronous permanent,,Steel tube,,,,,,690,50 Hz,,No,Yes
484,https://en.wind-turbine-models.com/turbines/484-regen-powertech-vensys-82,ReGen Powertech,ReGen Powertech VENSYS 82,1500,82,5325,3,85,3,22,12.5,17.3,Synchronous permanent,,Steel tube,,,,,,690,50 Hz,,No,Yes
483,https://en.wind-turbine-models.com/turbines/483-regen-powertech-vensys-87,ReGen Powertech,ReGen Powertech VENSYS 87,1500,87,5942,3,85,3,22,12,17.3,Synchronous permanent,,Steel tube,,,,,,690,50 Hz,,No,Yes
2479,https://en.wind-turbine-models.com/turbines/2479-ren-electron-60-21,REN Electron,REN Electron 60/21,60,20.9,343,3,30,3,25,,39,async.. 2-speed. three-phase 4/6 pole,,steel tube,,,16000,,21100,400,50 Hz,,No,Yes
2480,https://en.wind-turbine-models.com/turbines/2480-ren-electron-60-30,REN Electron,REN Electron 60/30,60,30,706.9,3,30,3,25,9.5,25,async.. 2-speed. three-phase 4/6 pole,,steel tube,,,16000,,24000,400,50 Hz,,No,Yes
2481,https://en.wind-turbine-models.com/turbines/2481-ren-electron-100-30,REN Electron,REN Electron 100/30,100,30,706,3,30,3,25,11,28,async.. 2-speed. three-phase 4/6 pole,,steel tube,,,16000,,24000,400,50 Hz,,No,Yes
2478,https://en.wind-turbine-models.com/turbines/2478-ren-electron-250-32,REN Electron,REN Electron 250/32,250,31,754,3,30,3,25,14,37,async.. double speed. three-phase 4/6 pole,,steel tube,,,32000,,46000,400,50 Hz,,No,Yes
563,https://en.wind-turbine-models.com/turbines/563-renewtech-llc-wt-100,Renewtech LLC,Renewtech LLC WT-100,99,20,314,3,37,3.5,25,15,58,Asynchronus,,Steel tube,,,,,,480,60 Hz,,No,Yes
2538,https://en.wind-turbine-models.com/turbines/2538-renzo-piano-dragonfly,Renzo Piano,Renzo Piano Dragonfly,55,16,201,2,20,2,,,,,,steel tube,,,,,,,,,No,Yes
715,https://en.wind-turbine-models.com/turbines/715-repower-3-xm,REpower,REpower 3.XM,3300,104,8495,3,80,3.5,25,12.5,13.8,Double Fed Asyn,,Steel tube,,,,,,10000,50 Hz,,No,Yes
742,https://en.wind-turbine-models.com/turbines/742-repower-3-0m122,REpower,REpower 3.0M122,3000,122,11690,3,139,3,22,11.5,11.3,Double Fed Asyn,,Steel tube/Hybrid,,,,,,950,50 Hz,,No,Yes
741,https://en.wind-turbine-models.com/turbines/741-repower-3-2m114,REpower,REpower 3.2M114,3200,114,10207,3,93,3,22,12,12.1,Double Fed Asyn,,Steel tube/Hybrid,,,,,,950,50 Hz,,No,Yes
129,https://en.wind-turbine-models.com/turbines/129-repower-3-4m104,REpower,REpower 3.4M104,3400,104,8495,,80,3.5,25,13.5,13.8,,,Steel tube- hybrid tower,,,,,,10,,,No,Yes
132,https://en.wind-turbine-models.com/turbines/132-repower-5m-jacket-tower,REpower,REpower 5M jacket tower,5075,126,12469,3,85,3.5,25,14,12.1,Double fed induction,,jacket,,,,,,950,50 Hz,,Yes,Yes
1,https://en.wind-turbine-models.com/turbines/1-repower-5m-offshore,REpower,REpower 5M Offshore,5075,126.5,12469,,95,3.5,30,14,12.2,,,variable,250000,120000,,,,,,,Yes,Yes
264,https://en.wind-turbine-models.com/turbines/264-repower-5m-onshore,REpower,REpower 5M Onshore,5075,126,12469,3,117,3.5,25,14,12.1,Asynchronus,,Steel tube,,,,,,950,50 Hz,,No,Yes
291,https://en.wind-turbine-models.com/turbines/291-repower-6-2m126-offshore,REpower,REpower 6.2M126 Offshore,6150,126,12469,3,95,3.5,30,14,12.1,Double Fed Asyn,,,,,,,,33000,50.0 Hz,,Yes,No
637,https://en.wind-turbine-models.com/turbines/637-repower-6-2m126-onshore,REpower,REpower 6.2M126 Onshore,6150,126,12469,3,100,3.5,25,14.5,12.1,Double Fed Asyn,,Steel tube,,,,,,33000,50 Hz,,No,Yes
811,https://en.wind-turbine-models.com/turbines/811-repower-6-2m152-offshore,REpower,REpower 6.2M152 Offshore,6150,152,18146,3,95,3.5,30,11.5,11.1,Double Fed Asyn,,Steel tube,,,,,,20000,50 Hz,,Yes,No
810,https://en.wind-turbine-models.com/turbines/810-repower-6-2m152-onshore,REpower,REpower 6.2M152 Onshore,6150,152,18146,3,121,3.5,25,12,10.1,Double Fed Asyn,,Steel tube,,,,,,20000,50 Hz,,No,Yes
703,https://en.wind-turbine-models.com/turbines/703-repower-48-600,REpower,REpower 48/600,600,48.4,1840,3,50,3,20,13.5,21,Asynchronus,,Steel tube,25000,9500,,,,690,50 Hz,,No,Yes
704,https://en.wind-turbine-models.com/turbines/704-repower-48-750,REpower,REpower 48/750,750,48.4,1840,3,50,3.5,20,14,22,Asynchronus,,Steel tube,26000,9500,,,,690,50 Hz,,No,Yes
847,https://en.wind-turbine-models.com/turbines/847-repower-57-1000,REpower,REpower 57/1000,1050,57,2552,3,55,3,25,13,23,Asynchronus,,Steel tube,60000,,55000,,,690,50.0 Hz,,Yes,No
133,https://en.wind-turbine-models.com/turbines/133-repower-md70,REpower,REpower MD70,1500,70,3850,3,65,3.5,25,12.5,19,double fed induction,,steel tube,,,,,,690,50 Hz,,No,Yes
424,https://en.wind-turbine-models.com/turbines/424-repower-mm70,REpower,REpower MM70,2000,70,3850,3,65,3.5,25,14.6,20,Double Fed Asyn,,Steel tube,56000,33000,,,,690,50 Hz,,No,Yes
549,https://en.wind-turbine-models.com/turbines/549-repower-md77,REpower,REpower MD77,1500,77,4657,3,61.5,3,20,11.1,17.3,Double Fed Asyn,,Steel tube/Lattice,55000,31500,,5500,,690,50 Hz,,No,Yes
11,https://en.wind-turbine-models.com/turbines/11-repower-mm82,REpower,REpower MM82,2050,82,5281,3,59,3.5,25,14.5,17.1,doubly fed induction,,Steel tube,,,,,,690,50 Hz,,No,Yes
558,https://en.wind-turbine-models.com/turbines/558-repower-mm92,REpower,REpower MM92,2050,92.5,6720,3,68.5,3,24,12.5,15,Double Fed Asyn,,Steel tube,,,,,,690,50.0 Hz,,No,Yes
740,https://en.wind-turbine-models.com/turbines/740-repower-mm100-1-8,REpower,REpower MM100/1.8,1800,100,7854,3,80,3,22,10.5,13.9,Double Fed Asyn,,Steel tube,,,,,,575,60 Hz,,No,Yes
739,https://en.wind-turbine-models.com/turbines/739-repower-mm100-2-0,REpower,REpower MM100/2.0,2000,100,7854,3,80,3,22,11,13.9,Double Fed Asyn,,Steel tube,,,,,,690,50 Hz,,No,Yes
1402,https://en.wind-turbine-models.com/turbines/1402-reymo-3-5,Reymo,"Reymo 3,5",3.5,4.4,15.2,3,6,4,,,200,induction,,lattice,,,,,,220,50 Hz,,No,Yes
169,https://en.wind-turbine-models.com/turbines/169-reymo-7-18-5,Reymo,Reymo 7/18.5,18.5,10.7,90,3,18,4,25,14,60,induction,,steel tube / lattice,,,,,4000,380,50 Hz,,No,Yes
1400,https://en.wind-turbine-models.com/turbines/1400-reymo-11-55,Reymo,Reymo 11/55,55,16.7,218,3,18,4,25,15,51,induction,,steel tube / lattice,,,,,12000,380,50/60 Hz,,No,Yes
1399,https://en.wind-turbine-models.com/turbines/1399-reymo-15-65,Reymo,Reymo 15/65,65,16.7,218,3,18,4,30,15,48,induction,,lattice,,,,,13500,480,50/60 Hz,,No,Yes
1401,https://en.wind-turbine-models.com/turbines/1401-reymo-18-75,Reymo,Reymo 18/75,75,17,226,3,18,4,25,15,51,induction,,steel tube / lattice,,,,,13500,380,50/60 Hz,,No,Yes
1403,https://en.wind-turbine-models.com/turbines/1403-reymo-22-95,Reymo,Reymo 22/95,95,21.8,375,3,30,4,30,12,38,induction,,steel tube,,,,,,480,50 Hz,1990,No,Yes
1833,https://en.wind-turbine-models.com/turbines/1833-rg-wind-turbina-eolica,RG Wind,RG Wind turbina eolica,60,,,,,,,,,,,steel tube,,,,,,,,,No,Yes
2499,https://en.wind-turbine-models.com/turbines/2499-riamwind-3kw-lens-wind-turbine,Riamwind,Riamwind 3kW lens wind turbine,3,3.6,10.4,3,12,3,18,11,550,Coreless multi-pole synchronous generator. outer rotor,,Steel pipe monopole (Option: Retractable pole),600,,,,,48,,2022,No,Yes
2497,https://en.wind-turbine-models.com/turbines/2497-riamwind-9kw-lens-wind-turbine,Riamwind,Riamwind 9kW lens wind turbine,9,8.3,54.6,9,13.5,3,16,12,400,Coreless multi-pole synchronous generator. outer rotor type,,Steel pipe monopole (Option: Retractable pole),1300,,,,,48,,,No,Yes
2500,https://en.wind-turbine-models.com/turbines/2500-riamwind-15kw-lens-wind-turbine,Riamwind,Riamwind 15kW lens wind turbine,15,12,113,15,12,3,16,11,400,Coreless multi-pole synchronous generator. outer rotor type,,Steel pipe monopole (Option: Retractable pole),3500,,,,,48,,,No,Yes
213,https://en.wind-turbine-models.com/turbines/213-riisager-7-kw-prototyp,Riisager,Riisager 7 kW Prototyp,7,5,20,3,,,,,60,induction,,lattice,,,,,,380,50 Hz,1972,No,Yes
2769,https://en.wind-turbine-models.com/turbines/2769-riisager-11-kw,Riisager,Riisager 11 kW,11,8,50.2,3,12,3.5,15,10,135,induction,,lattice,,,,,,220,50 Hz,1978,No,Yes
120,https://en.wind-turbine-models.com/turbines/120-riisager-22-kw,Riisager,Riisager 22 kW,22,10.2,81.7,3,,,,,,induction,,lattice,,,,,,380,50 Hz,1975,No,Yes
215,https://en.wind-turbine-models.com/turbines/215-riisager-22-kw-boddum,Riisager,Riisager 22 kW Boddum,22,10.2,81.7,3,,,,,,induction,,lattice,,,,,,380,50 Hz,1975,No,Yes
214,https://en.wind-turbine-models.com/turbines/214-riisager-22-kw-ris,Riisager,Riisager 22 kW Risø,22,10.2,81.7,3,,,,,,induction,,lattice,,,,,,380,50 Hz,1975,No,Yes
217,https://en.wind-turbine-models.com/turbines/217-riisager-22-kw-sonebjerg,Riisager,Riisager 22 kW Sonebjerg,22,10.2,81.7,3,,,,,,induction,,lattice,,,,,,380,50 Hz,1975,No,Yes
216,https://en.wind-turbine-models.com/turbines/216-riisager-22-kw-vrinners,Riisager,Riisager 22 kW Vrinners,22,10.2,81.7,3,,5,15,10,,asynchronous induction generator,,lattice,,,,,,380,50 Hz,1975,No,Yes
119,https://en.wind-turbine-models.com/turbines/119-riisager-30-kw,Riisager,Riisager 30 kW,30,12.5,123,3,,5,15,7.5,,induction,,lattice,,,,,,380,50 Hz,1976,No,Yes
2766,https://en.wind-turbine-models.com/turbines/2766-riisager-37-kw,Riisager,Riisager 37 kW,37,14,154,3,18,5,15,8,51,induction,,lattice,,,,,,380,50 Hz,1976,No,Yes
2767,https://en.wind-turbine-models.com/turbines/2767-riisager-45-kw,Riisager,Riisager 45 kW,45,14,154,3,18,5,15,9,51,induction,,lattice,,,,,,380,50 Hz,1976,No,Yes
2768,https://en.wind-turbine-models.com/turbines/2768-riisager-55-kw,Riisager,Riisager 55 kW,55,14,154,3,18,5,15,11,51,induction,,lattice,,,,,,380,50 Hz,1976,No,Yes
1085,https://en.wind-turbine-models.com/turbines/1085-riva-calzoni-mp5,Riva Calzoni,Riva Calzoni MP5,3.6,5.3,22,1,9,2.5,18,12,430,synchronous,,steel tube,300,,1400,100,1700,110,50.0 Hz,,No,Yes
2751,https://en.wind-turbine-models.com/turbines/2751-riva-calzoni-m7,Riva Calzoni,Riva Calzoni M7,5.2,6.5,33.2,1,12,3.9,20,10,300,synchronous,,steel tube,,,,,,,50 Hz,,No,Yes
2752,https://en.wind-turbine-models.com/turbines/2752-riva-calzoni-m15,Riva Calzoni,Riva Calzoni M15,30,15,176.7,1,20,4.8,16,9.7,117,synchronous or induction,,steel tube,,,,,,,50 Hz,,No,Yes
2753,https://en.wind-turbine-models.com/turbines/2753-riva-calzoni-m17,Riva Calzoni,Riva Calzoni M17,25,17,227,1,20,4.8,16,8.5,108,synchronous or induction,,steel tube,,,,,,,50 Hz,,No,Yes
1083,https://en.wind-turbine-models.com/turbines/1083-riva-calzoni-m30-a,Riva Calzoni,Riva Calzoni M30 A,200,33,855,1,33,4.5,20,11,60.3,induction 200/50kW or synchronous 200kW,,steel tube,13500,,13000,600,30000,380,50 Hz,,No,Yes
340,https://en.wind-turbine-models.com/turbines/340-riva-calzoni-m30-s1,Riva Calzoni,Riva Calzoni M30 S1,250,33,855,1,33,4.2,25,12.5,59,asynchronous,,steel tube,13500,,13000,700,30000,380,50 Hz,,No,Yes
1084,https://en.wind-turbine-models.com/turbines/1084-riva-calzoni-m30-s2,Riva Calzoni,Riva Calzoni M30 S2,350,33,855,1,33,4.5,25,13.5,57,asynchronous,,steel tube,11500,,11000,800,26000,380,50 Hz,,No,Yes
1830,https://en.wind-turbine-models.com/turbines/1830-riva-calzoni-m55,Riva Calzoni,Riva Calzoni M55,800,55,2376,1,60,3.5,25,13,11,induction,,cantilever steel tube,,,,,,400,50 Hz,,No,Yes
2422,https://en.wind-turbine-models.com/turbines/2422-ropatec-3kw,Ropatec,Ropatec 3kW,3,3.3,8.5,3,10.9,4,17,13,,permanent magnet,,steel tube,,,,,1000,400,50/60 Hz,,Yes,Yes
1763,https://en.wind-turbine-models.com/turbines/1763-ropatec-t20-pros,Ropatec,Ropatec T20 proS,20,11,132,3,24,4,20,,,synchronous permanent,,steel tube,3500,,4200,,,,,,No,Yes
1764,https://en.wind-turbine-models.com/turbines/1764-ropatec-t30-pros,Ropatec,Ropatec T30 proS,30,11,132,3,24,4,20,,,synchronous permanent,,steel tube,3500,,4200,,,,50 Hz,,No,Yes
1762,https://en.wind-turbine-models.com/turbines/1762-ropatec-sa40,Ropatec,Ropatec SA40,10,7,39.9,3,12,4.5,25,,,synchronous permanent,,steel tube,1900,,2400,,,,50 Hz,,No,Yes
455,https://en.wind-turbine-models.com/turbines/455-rrb-energy-v27-225,RRB Energy,RRB Energy V27-225,225,27,573,3,30.7,3.5,25,14,43,Asynchronus,,Lattice,,,,,,400,50 Hz,,No,Yes
456,https://en.wind-turbine-models.com/turbines/456-rrb-energy-v39-500,RRB Energy,RRB Energy V39-500,500,47,1735,3,48.1,4,25,14,26,Asynchronus,,Lattice,,,,,,690,50 Hz,,No,Yes
457,https://en.wind-turbine-models.com/turbines/457-rrb-energy-pawan-shakthi-ps-600,RRB Energy,RRB Energy Pawan Shakthi PS-600,600,47,1735,3,48.1,4,25,14,26,Asynchronus,,Steel tube/Lattice,,,,,,690,50 Hz,,No,Yes
458,https://en.wind-turbine-models.com/turbines/458-rrb-energy-pawan-shakthi-ps-1800,RRB Energy,RRB Energy Pawan Shakthi PS-1800,1800,82,5283,3,78,3.5,25,11.8,17,Asynchronus,,Steel tube,,,,,,690,50 Hz,,No,Yes
2328,https://en.wind-turbine-models.com/turbines/2328-ruhrtal-65kw,Ruhrtal,Ruhrtal 65kW,65,,,,,,,,,,,steel tube,,,,,,,,1986,No,Yes
2156,https://en.wind-turbine-models.com/turbines/2156-rulis-el-ctrica-silentwind-pro,Rulis Eléctrica,Rulis Eléctrica Silentwind PRO,0.5,1.2,1,3,3,2.2,,14.5,1700,3-phase Brushless AC- generator with permanent magnets,,steel tube,,,,,,48,,,Yes,Yes
2594,https://en.wind-turbine-models.com/turbines/2594-ryse-energy-e-3-hawt,Ryse Energy,Ryse Energy E-3 HAWT,1.9,3.8,11.3,3,6,2,60,11,250,permanent magnet,,Lattice / Monopile / Tilt-Up,100,,,,,690,50/60 Hz,,Yes,Yes
2593,https://en.wind-turbine-models.com/turbines/2593-ryse-energy-e-5-hawt,Ryse Energy,Ryse Energy E-5 HAWT,4,4.3,14.5,3,6,2,60,11,250,permanent magnet,,Lattice / Monopile / Tilt-Up,200,,,,,690,50/60 Hz,,Yes,Yes
2592,https://en.wind-turbine-models.com/turbines/2592-ryse-energy-e-10-hawt,Ryse Energy,Ryse Energy E-10 HAWT,10,9.8,75.4,3,15,2,30,9,120,permanent magnet,,Lattice / Monopile* / Tilt-Up*,1000,,,,,690,50/60 Hz,,Yes,Yes
2589,https://en.wind-turbine-models.com/turbines/2589-ryse-energy-g-11-hawt,Ryse Energy,Ryse Energy G-11 HAWT,11,13,133,2,15,3,25,11,56,induction,,lattice / monopile* / tilt up**,,,,,,690,50/60 Hz,,No,Yes
2591,https://en.wind-turbine-models.com/turbines/2591-ryse-energy-e-20-hawt,Ryse Energy,Ryse Energy E-20 HAWT,18,9.8,75.4,3,15,2,30,9,120,permanent magnet,,Lattice / Monopole* / Tilt-Up*,1000,,,,,690,50/60 Hz,,Yes,Yes
2587,https://en.wind-turbine-models.com/turbines/2587-ryse-energy-n-55-vertical-axis,Ryse Energy,Ryse Energy N-55 Vertical Axis,55,14,196,5,23,3.5,25,11,34,synchronous permanent,,Monopole Tripod,,5000,19500,,32700.000000000004,690,50/60 Hz,,Yes,Yes
2590,https://en.wind-turbine-models.com/turbines/2590-ryse-energy-e-60,Ryse Energy,Ryse Energy E-60,60,15.8,193,3,18,2,30,11,60,permanent magnet,,Lattice / Monopile* / Tilt-Up*,4500,,,,,690,50/60 Hz,,No,Yes
2588,https://en.wind-turbine-models.com/turbines/2588-ryse-energy-gw-133-hawt,Ryse Energy,Ryse Energy GW-133 HAWT,9.6,13,133,2,18,3,25,11,56,permanent magnet,,Tilt-Up Monopole / Lattice*,,,,,,690,50/60 Hz,,Yes,Yes
1868,https://en.wind-turbine-models.com/turbines/1868-fiat-enel-fiat,FIAT,FIAT ENEL FIAT,50,13.5,143,2,18.5,5,35,11.7,112,induction,,steel tube,1300,700,2000,200,4000,380,50 Hz,,No,Yes
258,https://en.wind-turbine-models.com/turbines/258-s-j-wind-power-s-j-10-kw-r,S.J.Wind-Power,S.J.Wind-Power S.J. 10 kW-R,10,6.3,124.7,16,14.5,,,,50,Synkronmaskine,,,,,,,,,,,No,Yes
1756,https://en.wind-turbine-models.com/turbines/1756-s-g-engineering-sg60-28,S&G Engineering,S&G Engineering SG60.28,60,28,615.8,2,37.36,3,19,7.5,,synchronous,,freestanding tubular concrete,,,,,,,50/60 Hz,,No,Yes
1751,https://en.wind-turbine-models.com/turbines/1751-s-g-engineering-sg500-50,S&G Engineering,S&G Engineering SG500.50,500,50,1963,3,50,4,25,11,,synchronous,,tubular steel,,,,,,,50/60 Hz,,No,Yes
1752,https://en.wind-turbine-models.com/turbines/1752-s-g-engineering-sg500-54,S&G Engineering,S&G Engineering SG500.54,500,54,2290,3,50,3.5,24,10,,synchronous,,tubular steel,,,,,,,50/60 Hz,,No,Yes
1753,https://en.wind-turbine-models.com/turbines/1753-s-g-engineering-sg750-50,S&G Engineering,S&G Engineering SG750.50,750,50,1963,3,73,4,25,11,,synchronous,,tubular steel,,,,,,,50/60 Hz,,No,Yes
1754,https://en.wind-turbine-models.com/turbines/1754-s-g-engineering-sg750-54,S&G Engineering,S&G Engineering SG750.54,750,54,2290,3,50,3.5,24,10,,synchronous,,tubular steel,,,,,,,50/60 Hz,,No,Yes
1755,https://en.wind-turbine-models.com/turbines/1755-s-g-engineering-sg750-66,S&G Engineering,S&G Engineering SG750.66,750,66,3421,3,73,3,20,9,,synchronous,,tubular steel,,,,,,,50/60 Hz,,No,Yes
1750,https://en.wind-turbine-models.com/turbines/1750-s-g-engineering-sg1700-100,S&G Engineering,S&G Engineering SG1700.100,1700,100,7854,3,100,3,20,10,,synchronous,,tubular steel,,,,,,,50/60 Hz,,No,Yes
1748,https://en.wind-turbine-models.com/turbines/1748-s-g-engineering-sg1700-80,S&G Engineering,S&G Engineering SG1700.80,1700,80,5026,3,82,4,25,11,,synchronous,,tubular steel,,,,,,,50/60 Hz,,No,Yes
1749,https://en.wind-turbine-models.com/turbines/1749-s-g-engineering-sg1700-84,S&G Engineering,S&G Engineering SG1700.84,1700,84,5542,3,82,4,24,10.8,,synchronous,,tubular steel,,,,,,,50/60 Hz,,No,Yes
1745,https://en.wind-turbine-models.com/turbines/1745-s-g-engineering-sg2500-131-dd,S&G Engineering,S&G Engineering SG2500.131 DD,2500,131,13478,3,120,3,20,10,,synchronous permanent,,tubular steel,,,,,,,50 Hz,,No,Yes
1746,https://en.wind-turbine-models.com/turbines/1746-s-g-engineering-sg2700-100-dd,S&G Engineering,S&G Engineering SG2700.100 DD,2700,100,7854,3,100,3,25,11.3,,synchronous permanent,,tubular steel,,,,,,,50 Hz,,No,Yes
1747,https://en.wind-turbine-models.com/turbines/1747-s-g-engineering-sg2700-116-dd,S&G Engineering,S&G Engineering SG2700.116 DD,2700,116,10568,3,100,3,24,10.5,,synchronous permanent,,tubular steel,,,,,,,50 Hz,,No,Yes
1958,https://en.wind-turbine-models.com/turbines/1958-s-w-energiesysteme-s-w-2-5,S&W ENERGIESYSTEME,S&W ENERGIESYSTEME S&W 2.5,2.5,3.1,7.3,3,8,2.5,28,11.9,460,induction,,guyed steel tower,,,,,,400,50 Hz,,No,Yes
1957,https://en.wind-turbine-models.com/turbines/1957-s-w-energiesysteme-s-w-5-5,S&W ENERGIESYSTEME,S&W ENERGIESYSTEME S&W 5.5,5.5,5.5,23.8,3,15,2.5,28,10.8,180,induction,,guyed steel tower,,,,,,400,50 Hz,,No,Yes
1956,https://en.wind-turbine-models.com/turbines/1956-s-w-energiesysteme-s-w-6-0,S&W ENERGIESYSTEME,S&W ENERGIESYSTEME S&W 6.0,6,6.9,37.5,3,15,2.2,28,10,180,induction,,guyed steel tower,,,,,,400,50 Hz,,No,Yes
1955,https://en.wind-turbine-models.com/turbines/1955-s-w-energiesysteme-s-w-7-5,S&W ENERGIESYSTEME,S&W ENERGIESYSTEME S&W 7.5,7.5,6.5,33.1,3,15,2.2,28,11,180,induction,,guyed steel tower,,,,,,400,50 Hz,,No,Yes
1954,https://en.wind-turbine-models.com/turbines/1954-s-w-energiesysteme-s-w-15-0,S&W ENERGIESYSTEME,S&W ENERGIESYSTEME S&W 15.0,15,8.9,62,3,24,2.6,28,10.3,88,induction,,guyed steel tower,,,,,,400,50 Hz,,No,Yes
1953,https://en.wind-turbine-models.com/turbines/1953-s-w-energiesysteme-s-w-25-0,S&W ENERGIESYSTEME,S&W ENERGIESYSTEME S&W 25.0,25,11.2,98.2,3,24.4,2.2,28,11.6,90,induction,,guyed steel tower,,,,,,400,50 Hz,,No,Yes
1952,https://en.wind-turbine-models.com/turbines/1952-s-w-energiesysteme-s-w-50-0,S&W ENERGIESYSTEME,S&W ENERGIESYSTEME S&W 50.0,50,16,199.8,3,42,2,28,11.5,50,induction,,guyed steel tower,,,,,,400,50 Hz,,No,Yes
478,https://en.wind-turbine-models.com/turbines/478-saba-niroo-s47-660,Saba Niroo,Saba Niroo S47-660,660,47,1735,3,40,4,25,15,28.5,Asynchronus,,Steel tube,,,,,,400,50 Hz,,No,Yes
2623,https://en.wind-turbine-models.com/turbines/2623-samsung-s2-5-90,Samsung,Samsung S2.5-90,2500,90,6362,3,80,3,25,,,permanent magnet,,steel tube,,,,,,,50/60 Hz,,No,Yes
2624,https://en.wind-turbine-models.com/turbines/2624-samsung-s2-5-100,Samsung,Samsung S2.5-100,2500,100,7854,3,80,3,21,11.5,,permanent magnet,,steel tube,,,,,,,50/60 Hz,,No,Yes
286,https://en.wind-turbine-models.com/turbines/286-samsung-s2-5-120,Samsung,Samsung S2.5-120,2500,120,11310,3,80,3,20,11,,permanent magnet,,steel tube,,,,,,,50/60 Hz,,No,Yes
285,https://en.wind-turbine-models.com/turbines/285-samsung-s7-0-171,Samsung,Samsung S7.0-171,7000,171.2,23020,3,110,3,25,11.5,,PMG,,steel tube,,,,,,3300,50 Hz,,Yes,Yes
1528,https://en.wind-turbine-models.com/turbines/1528-samsung-25s,Samsung,Samsung 25s,2500,90,2362,3,80,3.5,25,12,,Permanent magnet generator,,steel tube,,,,,,,50/60 Hz,,No,Yes
2622,https://en.wind-turbine-models.com/turbines/2622-samsung-25x,Samsung,Samsung 25x,2500,99.8,7822.6,3,80,3.5,21,,,Permanent magnet generator,,steel tube,,,,,,,50/60 Hz,,No,Yes
2735,https://en.wind-turbine-models.com/turbines/2735-samwon-millennia-50kw,Samwon Millennia,Samwon Millennia 50kW,50,,,3,,,,,,,,,,,,,,,,,No,Yes
688,https://en.wind-turbine-models.com/turbines/688-sande-b-c-7-5,Sande,"Sande B.C. 7,5",7.5,,,,,,,,,,,,,,,,,,,,No,Yes
2628,https://en.wind-turbine-models.com/turbines/2628-sanko-plantec-sp330,SANKO PLANTEC,SANKO PLANTEC SP330,330,38,1134,3,36,3,25,,35,permanent magnet synchronous,,steel tube,,,,,,690,50/60 Hz,2023,No,Yes
2080,https://en.wind-turbine-models.com/turbines/2080-sany-se7715,SANY,SANY SE7715,1500,77.7,4739,3,65,3,25,11.5,19,double-fed induction,,steel tube,56000,33000,,,,690,50 Hz,,No,Yes
2081,https://en.wind-turbine-models.com/turbines/2081-sany-se8215,SANY,SANY SE8215,1500,83.3,5447,3,65,3,25,11,17.3,double-fed induction,,steel tube,56000,34000,,,,690,50 Hz,,No,Yes
2085,https://en.wind-turbine-models.com/turbines/2085-sany-se8220,SANY,SANY SE8220,2000,82.5,5343,3,70,3.5,25,12,18,double-fed induction,,steel tube,,,,,,690,50 Hz,,No,Yes
2082,https://en.wind-turbine-models.com/turbines/2082-sany-se8715,SANY,SANY SE8715,1500,86.7,5890,3,80,3,20,10.5,16.7,double-fed induction,,steel tube,56000,36000,,,,690,50 Hz,,No,Yes
2038,https://en.wind-turbine-models.com/turbines/2038-sany-se8720,SANY,SANY SE8720,2000,87,6079,3,70,3.5,25,11.5,17,double-fed induction,,steel tube,68000,47000,,,,690,50 Hz,,No,Yes
2083,https://en.wind-turbine-models.com/turbines/2083-sany-se9315,SANY,SANY SE9315,1500,93,6793,3,70,3,25,10.5,16,double-fed induction,,steel tube,55000,38000,,,,690,50 Hz,,No,Yes
2086,https://en.wind-turbine-models.com/turbines/2086-sany-se9320,SANY,SANY SE9320,2000,93,6789,3,70,3,25,11,16,double-fed induction,,steel tube,68000,49000,,,,690,50 Hz,,No,Yes
2084,https://en.wind-turbine-models.com/turbines/2084-sany-se10015,SANY,SANY SE10015,1500,102,8235,3,70,3,22,10,15,double-fed induction,,steel tube,55000,40000,,,,690,50 Hz,,No,Yes
2087,https://en.wind-turbine-models.com/turbines/2087-sany-se10020,SANY,SANY SE10020,2000,102,8235,3,80,2.5,25,10,15,double-fed induction,,steel tube,79000,52000,,,,690,50 Hz,,No,Yes
2088,https://en.wind-turbine-models.com/turbines/2088-sany-se10520,SANY,SANY SE10520,2000,103,8231,3,80,3,22,10,15,double-fed induction,,steel tube,68000,52000,,,,690,50 Hz,,No,Yes
2098,https://en.wind-turbine-models.com/turbines/2098-sany-se11030,SANY,SANY SE11030,3000,110,9503,3,80,3,25,11,13,double-fed induction,,steel tube,,,,,,690,50 Hz,,No,Yes
2089,https://en.wind-turbine-models.com/turbines/2089-sany-se11520,SANY,SANY SE11520,2000,115,10450,3,80,2.5,22,9.5,13.1,double-fed induction,,steel tube,79000,62000,,,,690,50 Hz,,No,Yes
2093,https://en.wind-turbine-models.com/turbines/2093-sany-se11525,SANY,SANY SE11525,2500,115,10387,3,90,2.5,25,10,13.5,double-fed induction,,steel tube,,,,,,690,50 Hz,,No,Yes
2090,https://en.wind-turbine-models.com/turbines/2090-sany-se12120,SANY,SANY SE12120,2000,121,11500,3,90,2.5,22,8.5,13.5,double-fed induction,,steel tube,70000,62500,,,,690,50 Hz,,No,Yes
2100,https://en.wind-turbine-models.com/turbines/2100-sany-se12122,SANY,SANY SE12122,2200,121.5,10590,3,85,2.5,22,,,double-fed induction,,steel tube,,,,,,690,50/60 Hz,,No,Yes
2091,https://en.wind-turbine-models.com/turbines/2091-sany-se12125,SANY,SANY SE12125,2500,121,11499,3,90,3,25,9.5,13.2,double-fed induction,,steel tube,79500,65500,,,,690,50 Hz,,No,Yes
2092,https://en.wind-turbine-models.com/turbines/2092-sany-se12130,SANY,SANY SE12130,3000,121,11499,3,100,3,25,10,12.2,double-fed induction,,steel tube,79500,65500,,,,690,50 Hz,,No,Yes
2094,https://en.wind-turbine-models.com/turbines/2094-sany-se12520,SANY,SANY SE12520,2000,125,12272,3,90,2.5,22,8.5,13.5,double-fed induction,,steel tube,,,,,,690,50 Hz,,No,Yes
2095,https://en.wind-turbine-models.com/turbines/2095-sany-se12525,SANY,SANY SE12525,2500,125,12272,3,80,2.5,28,9,12.2,double-fed induction,,steel tube,,,,,,690,50 Hz,,No,Yes
2096,https://en.wind-turbine-models.com/turbines/2096-sany-se12725,SANY,SANY SE12725,2500,127,12668,3,90,3,25,9,12.2,double-fed induction,,steel tube,,,,,,690,50 Hz,,No,Yes
2097,https://en.wind-turbine-models.com/turbines/2097-sany-se12730,SANY,SANY SE12730,3000,127,12668,3,100,3,25,9.5,12.2,double-fed induction,,steel tube,,,,,,690,50 Hz,,No,Yes
2101,https://en.wind-turbine-models.com/turbines/2101-sany-se13122,SANY,SANY SE13122,2200,129.5,13170,3,85,2.5,22,,,double-fed induction,,steel tube,,,,,,690,50/60 Hz,,No,Yes
2099,https://en.wind-turbine-models.com/turbines/2099-sany-se13125,SANY,SANY SE13125,2500,131,13478.2,3,90,3,22,9.1,,double-fed induction,,steel tube,100000,,,,,690,50 Hz,,No,Yes
2112,https://en.wind-turbine-models.com/turbines/2112-sany-se13130,SANY,SANY SE13130,3000,131,12272,3,90,3,28,9,,double-fed induction,,steel tube,79500,65500,,,,690,50/60 Hz,,No,Yes
2111,https://en.wind-turbine-models.com/turbines/2111-sany-se13625,SANY,SANY SE13625,2500,136,14526.7,3,90,3,22,8.6,,double-fed induction,,steel tube,105000,,,,,690,50/60 Hz,,No,Yes
2102,https://en.wind-turbine-models.com/turbines/2102-sany-se14123,SANY,SANY SE14123,2300,139.5,15280,3,85,2.5,22,,,double-fed induction,,steel tube,,,,,,690,50/60 Hz,,No,Yes
2103,https://en.wind-turbine-models.com/turbines/2103-sany-se14125,SANY,SANY SE14125,2500,139.5,15280,3,85,2.5,22,,,double-fed induction,,steel tube,,,,,,690,50/60 Hz,,No,Yes
2106,https://en.wind-turbine-models.com/turbines/2106-sany-se14130,SANY,SANY SE14130,3000,141,15615,3,90,3,25,,,double-fed induction,,steel tube,,,,,,690,50/60 Hz,,No,Yes
2109,https://en.wind-turbine-models.com/turbines/2109-sany-se14142,SANY,SANY SE14142,4200,141,15606,3,90,3,22,,,double-fed induction,,steel tube,,,,,,690,50/60 Hz,,No,Yes
2110,https://en.wind-turbine-models.com/turbines/2110-sany-se14525,SANY,SANY SE14525,2500,145,16512.9,3,100,3,22,8.2,,double-fed induction,,steel tube,105000,,,,,690,50/60 Hz,,No,Yes
2105,https://en.wind-turbine-models.com/turbines/2105-sany-se14630,SANY,SANY SE14630,3000,146,16740,3,90,3,25,,,double-fed induction,,steel tube,,,,,,690,50/60 Hz,,No,Yes
2104,https://en.wind-turbine-models.com/turbines/2104-sany-se14634,SANY,SANY SE14634,3400,146,16740,3,90,3,25,,,double-fed induction,,steel tube,,,,,,690,50/60 Hz,,No,Yes
2108,https://en.wind-turbine-models.com/turbines/2108-sany-se14842,SANY,SANY SE14842,4200,148,17195,3,90,3,22,,,double-fed induction,,steel tube,,,,,,690,50/60 Hz,,No,Yes
2107,https://en.wind-turbine-models.com/turbines/2107-sany-se15536,SANY,SANY SE15536,3600,155,18859,3,90,3,22,,,double-fed induction,,steel tube,,,,,,690,50/60 Hz,,No,Yes
2451,https://en.wind-turbine-models.com/turbines/2451-sany-se16030,SANY,SANY SE16030,3000,160,20096,3,90,3,20,,,Doubly-fed induction generator (DFIG),,steel tube,,,,,,690,50 Hz,,No,Yes
2452,https://en.wind-turbine-models.com/turbines/2452-sany-se16032,SANY,SANY SE16032,3200,160,20096,3,90,3,20,,,Doubly-fed induction generator (DFIG),,steel tube,,,,,,690,50 Hz,,No,Yes
2453,https://en.wind-turbine-models.com/turbines/2453-sany-se16033,SANY,SANY SE16033,3300,160,20096,3,90,3,20,,,Doubly-fed induction generator (DFIG),,steel tube,,,,,,690,50 Hz,,No,Yes
2465,https://en.wind-turbine-models.com/turbines/2465-sany-si-16050-se16050,SANY,SANY SI-16050 SE16050,5000,160,20106,3,100,3,25,10.5,,Doubly-fed induction generator (DFIG),,steel tube,,,,,,690,50 Hz,,No,Yes
2454,https://en.wind-turbine-models.com/turbines/2454-sany-se16432,SANY,SANY SE16432,3200,164,21124,3,100,3,20,,,Doubly-fed induction generator (DFIG),,steel tube,,,,,,690,50 Hz,,No,Yes
2455,https://en.wind-turbine-models.com/turbines/2455-sany-se16433,SANY,SANY SE16433,3300,164,21124,3,100,3,20,,,Doubly-fed induction generator (DFIG),,steel tube,,,,,,690,50 Hz,,No,Yes
2457,https://en.wind-turbine-models.com/turbines/2457-sany-si-16436-se16436,SANY,SANY SI-16436 SE16436,3600,164,21124,3,100,3,20,,,Doubly-fed induction generator (DFIG),,steel tube,,,,,,690,50 Hz,,No,Yes
2459,https://en.wind-turbine-models.com/turbines/2459-sany-si-16836-se16836,SANY,SANY SI-16836 SE16836,3600,168,22167,3,100,3,20,,,Doubly-fed induction generator (DFIG),,steel tube,,,,,,1140,50 Hz,,No,Yes
2463,https://en.wind-turbine-models.com/turbines/2463-sany-si-16840-se16840,SANY,SANY SI-16840 SE16840,4000,168,22167,3,100,3,22,9.4,,Doubly-fed induction generator (DFIG),,steel tube / hybrid,,,,,,1140,50 Hz,,No,Yes
2464,https://en.wind-turbine-models.com/turbines/2464-sany-si-16850-se16850,SANY,SANY SI-16850 SE16850,5000,168,22167,3,100,3,22,10.2,,Doubly-fed induction generator (DFIG),,steel tube / hybrid,,,,,,690,50 Hz,,No,Yes
2728,https://en.wind-turbine-models.com/turbines/2728-sany-si-18342,SANY,SANY SI-18342,4200,183,26302,3,,3,20,8.9,,Doubly-fed induction generator (DFIG),,steel tube,,,,,,1140,50 Hz,,No,Yes
2536,https://en.wind-turbine-models.com/turbines/2536-sany-si-18572,SANY,SANY SI-18572,7200,185,29590,3,100,3,25,11,,High speed doubly fed asynchronous,,steel tube,,,,,,1140,50 Hz,,No,Yes
2727,https://en.wind-turbine-models.com/turbines/2727-sany-si-19342,SANY,SANY SI-19342,4200,193,29255,3,100,3,20,8.6,,Doubly-fed induction generator (DFIG),,steel tube / hybrid,,,,,,1140,50 Hz,,No,Yes
2535,https://en.wind-turbine-models.com/turbines/2535-sany-si-19350,SANY,SANY SI-19350,5000,193,29255,3,100,3,22,9.2,,Doubly-fed induction generator (DFIG),,steel tube / hybrid,,,,,,690,50 Hz,,No,Yes
2726,https://en.wind-turbine-models.com/turbines/2726-sany-si-19580,SANY,SANY SI-19580,8000,195,29600,3,,3,25,11.5,,doubly-fed induction (DFIG),,steel tube / hybrid,,,,,,1140,,,No,Yes
2725,https://en.wind-turbine-models.com/turbines/2725-sany-si-20480,SANY,SANY SI-20480,8000,204,32685,3,,3,22,11,,Doubly-fed induction generator (DFIG),,steel tube,,,,,,1140,50 Hz,,No,Yes
2456,https://en.wind-turbine-models.com/turbines/2456-sany-se164335,SANY,SANY SE164335,3350,164,21124,3,100,3,20,,,Doubly-fed induction generator (DFIG),,steel tube,,,,,,690,50 Hz,,No,Yes
2458,https://en.wind-turbine-models.com/turbines/2458-sany-si-164365-se164365,SANY,SANY SI-164365 SE164365,3650,164,21124,3,100,3,20,,,Doubly-fed induction generator (DFIG),,steel tube,,,,,,690,50 Hz,,No,Yes
2460,https://en.wind-turbine-models.com/turbines/2460-sany-si-168365-se168365,SANY,SANY SI-168365 SE168365,3650,168,22167,3,100,3,20,,,Doubly-fed induction generator (DFIG),,steel tube,,,,,,1140,50 Hz,,No,Yes
2462,https://en.wind-turbine-models.com/turbines/2462-sany-si-168385-se168385,SANY,SANY SI-168385 SE168385,3850,168,22167,3,100,3,22,,,Doubly-fed induction generator (DFIG),,steel tube,,,,,,1140,50 Hz,,No,Yes
2461,https://en.wind-turbine-models.com/turbines/2461-sany-si-172625-se172625,SANY,SANY SI-172625 SE172625,6250,172,23223,3,100,3,25,11.1,,Doubly-fed induction generator (DFIG),,steel tube / hybrid,,,,,,690,50 Hz,,No,Yes
2539,https://en.wind-turbine-models.com/turbines/2539-sany-si-225100,SANY,SANY SI-225100,10000,225,39760,3,,,,,,,,,,,,,,,,,No,Yes
2724,https://en.wind-turbine-models.com/turbines/2724-sany-si-230100,SANY,SANY SI-230100,10000,230,41550,3,,3,25,,,Doubly-fed induction generator (DFIG),,steel tube / hybrid concrete,,,,,,1140,50 Hz,,No,Yes
2644,https://en.wind-turbine-models.com/turbines/2644-sany-si-270150,SANY,SANY SI-270150,15000,270,57256,3,143,3,25,,,Doubly-fed induction generator (DFIG),,,,,,,,,50 Hz,,Yes,Yes
1539,https://en.wind-turbine-models.com/turbines/1539-linksium-owlwind-owlwind-2xvawt,Linksium Owlwind,Linksium Owlwind OWLWIND 2xVAWT,5000,,,,,,,,,,,,,,,,,,,2020,Yes,No
2584,https://en.wind-turbine-models.com/turbines/2584-scanwind-sw-2550-dl,Scanwind,Scanwind SW 2550 DL,2550,,,,83,,,,,synchronous permanent,,steel tube,,,,,,,,,No,Yes
2586,https://en.wind-turbine-models.com/turbines/2586-scanwind-sw-3000-dl,Scanwind,Scanwind SW 3000 DL,3000,90.6,6447,3,77.5,,,,20,synchronous permanent magnet,,steel tube,205000,,,,,690,50 Hz,2003,No,Yes
2585,https://en.wind-turbine-models.com/turbines/2585-scanwind-sw-3000-gl,Scanwind,Scanwind SW 3000 GL,3000,90.6,4667,3,83,,,,,high speed synchronous,,steel tube,,,,,,,,2004,No,Yes
2583,https://en.wind-turbine-models.com/turbines/2583-scanwind-sw-3500-dl,Scanwind,Scanwind SW 3500 DL,3500,90.6,6447,3,77.5,3.5,29,13,22,synchronous permanent magnet,,steel tube,,,,,,690,50 Hz,2006,No,Yes
842,https://en.wind-turbine-models.com/turbines/842-schuler-sdd-100,Schuler,Schuler SDD 100,2700,100,7854,3,100,3,25,11.5,,Synchronous permanent,,Steel tube,,,,,,900,50 Hz,,Yes,Yes
1018,https://en.wind-turbine-models.com/turbines/1018-schuetz-vt110,Schütz,Schütz VT110,3200,110,9500,3,120,3,25,11.2,14.6,synchronous permanent,,hybrid tower,230000,,1500000,,1730000,690,50 Hz,2011,No,Yes
2779,https://en.wind-turbine-models.com/turbines/2779-sd-wind-energy-sd3,SD Wind Energy,SD Wind Energy SD3,3,3.9,12,3,6,2.5,70,,300,Brushless Permanent Magnet,,Taperfit Monopole - Hydraulic,,,,,,48,50/60 Hz,,Yes,Yes
2780,https://en.wind-turbine-models.com/turbines/2780-sd-wind-energy-sd3ex,SD Wind Energy,SD Wind Energy SD3EX,3,3.9,12,3,,2.5,70,,300,Brushless Permanent Magnet,,steel tube,,,,,,48,50/60 Hz,,Yes,No
2786,https://en.wind-turbine-models.com/turbines/2786-sd-wind-energy-sd6,SD Wind Energy,SD Wind Energy SD6,5.2,5.6,24.6,3,9,2.5,70,11,,Brushless Permanent Magnet,,Taperfit Monopole - Hydraulic,,,,,,300,50 Hz,,Yes,Yes
2783,https://en.wind-turbine-models.com/turbines/2783-sd-wind-energy-sd6,SD Wind Energy,SD Wind Energy SD6+,6,5.6,24.6,3,9,2.5,70,11,,Brushless Permanent Magnet,,Taperfit Monopole – Hydraulic or Gin Pole,600,,,,,300,50 Hz,,Yes,Yes
2781,https://en.wind-turbine-models.com/turbines/2781-sd-wind-energy-sd12-p35-2,SD Wind Energy,SD Wind Energy SD12 P35-2,12,8.5,56.7,3,15,3.5,54,11,,Brushless Permanent Magnet,,Taperfit Monopole - Hydraulic,,,,,,300,50/60 Hz,,Yes,Yes
513,https://en.wind-turbine-models.com/turbines/513-seaforth-energy-aoc15-50,Seaforth Energy,Seaforth Energy AOC15/50,50,15,177,3,30,4.6,22.4,12.5,65,Asynchronus,,Steel tube/Lattice,2000,500,8600,100,,480,60 Hz,,No,Yes
193,https://en.wind-turbine-models.com/turbines/193-seas-johannes-juul-vester-egesborg-m-llen,SEAS / Johannes Juul,SEAS / Johannes Juul Vester Egesborg Møllen,10,8,50,4,12,,,,,,,Lattice,,,,,,,,,No,Yes
1262,https://en.wind-turbine-models.com/turbines/1262-seawind-6-126,Seawind,Seawind 6 - 126,6200,126,12469,2,95,3,25,9,,,,steel tube,290000,,,,,,,2024,Yes,No
2580,https://en.wind-turbine-models.com/turbines/2580-seawind-18-260,Seawind,Seawind 18 - 260,18000,260,53093,2,143,,,,,,,steel tube,,,,,,,,2026,Yes,No
1767,https://en.wind-turbine-models.com/turbines/1767-jonica-impianti-jimp20,JONICA IMPIANTI,JONICA IMPIANTI JIMP20,20,10.4,84.9,3,24,3.5,26,,162,synchronous permanent,,steel tube,900,,,,,400,50 Hz,,No,Yes
1766,https://en.wind-turbine-models.com/turbines/1766-jonica-impianti-jimp25,JONICA IMPIANTI,JONICA IMPIANTI JIMP25,25,10.4,84.9,3,24,3.5,26,,162,synchronous permanent,,steel tube,900,,,,,400,50 Hz,,No,Yes
1765,https://en.wind-turbine-models.com/turbines/1765-jonica-impianti-jimp30,JONICA IMPIANTI,JONICA IMPIANTI JIMP30,30,11.6,105.6,3,24,3.5,26,,155,synchronous permanent,,steel tube,900,,,,,400,50 Hz,,No,Yes
829,https://en.wind-turbine-models.com/turbines/829-jonica-impianti-jimp60,JONICA IMPIANTI,JONICA IMPIANTI JIMP60,60,18,254.4,3,36,3,26,10.5,70,Synchronous permanent,,Steel tube,,,,,5800,400,50 Hz,,No,Yes
38,https://en.wind-turbine-models.com/turbines/38-seewind-s-20-110,Seewind,Seewind S 20 110,110,22,380,3,25.2,2.8,25,12.5,41.5,synchronous,,Steel tube,5400,1200,12100,400,18700,400,50.0 Hz,,No,Yes
1082,https://en.wind-turbine-models.com/turbines/1082-seewind-s-25-132,Seewind,Seewind S 25 132,132,22,380,3,25.2,2.8,25,13.5,41.4,asynchronous,,steel tube,5400,,12100,400,18700,400,50.0 Hz,,No,Yes
337,https://en.wind-turbine-models.com/turbines/337-seewind-s-52-750,Seewind,Seewind S 52 750,750,52,2124,3,44,3.5,20,13,22,induction,,Steel tube,23000,16000,73000,,112000,690,50.0 Hz,,No,Yes
843,https://en.wind-turbine-models.com/turbines/843-selvbygger-7-5-kw,Selvbygger,Selvbygger 7.5 kW,7.5,10,79,3,15,,,,,,,Lattice,,,,,,,,1983,No,Yes
1054,https://en.wind-turbine-models.com/turbines/1054-sencenbaugh-windharvester-500,Sencenbaugh,Sencenbaugh Windharvester 500,0.5,2,3.1,3,15,3.8,25,9.8,,synchronus,,lattice,,,,,,,,1983,No,Yes
1595,https://en.wind-turbine-models.com/turbines/1595-senvion-2-3m120,Senvion,Senvion 2.3M120,2330,120,11310,3,90,3,20,12,11.9,synchronous,,steel tube,94000,70800,,13600,,600,50/60 Hz,,No,Yes
1596,https://en.wind-turbine-models.com/turbines/1596-senvion-2-3m124,Senvion,Senvion 2.3M124,2330,124,12076,3,90,3,18,12,11.9,synchronous,,steel tube,94000,95700,,17900,,600,50/60 Hz,,No,Yes
1908,https://en.wind-turbine-models.com/turbines/1908-senvion-2-3m130,Senvion,Senvion 2.3M130,2300,130,13273,3,,3,20,10,,Double-fed-induction,,steel tube / hydrid,,,,,,690,50/60 Hz,,No,Yes
1597,https://en.wind-turbine-models.com/turbines/1597-senvion-2-4m110,Senvion,Senvion 2.4M110,2430,109,9331,3,95,3,20,13,12.8,synchronous,,steel tube,93200,65200,,12900,,600,50/60 Hz,,No,Yes
1598,https://en.wind-turbine-models.com/turbines/1598-senvion-2-4m114,Senvion,Senvion 2.4M114,2430,113,10029,3,95,3,18,13,12.8,synchronous,,steel tube,93200,89600,,17200,,600,50/60 Hz,,No,Yes
881,https://en.wind-turbine-models.com/turbines/881-senvion-3-0m122,Senvion,Senvion 3.0M122,3000,122,11690,3,136,3,22,11.5,11.3,Double Fed Asyn,,Steel tube/Hybrid,58000,68000,,15000,,30000,50.0 Hz,,No,Yes
882,https://en.wind-turbine-models.com/turbines/882-senvion-3-2m114,Senvion,Senvion 3.2M114,3200,114,10207,3,93,3,22,12,12.1,Double Fed Asyn,,Steel tube/Hybrid,58000,65000,,14000,,30000,50.0 Hz,,No,Yes
1184,https://en.wind-turbine-models.com/turbines/1184-senvion-3-2m122,Senvion,Senvion 3.2M122,3200,122,11690,3,139,3,20,12,11.3,squirrel cage induction,,steel tube / *hybrid,,51000,,15000,,580,50 Hz,,No,Yes
883,https://en.wind-turbine-models.com/turbines/883-senvion-3-4m104,Senvion,Senvion 3.4M104,3400,104,8495,3,73,3.5,25,13.5,13.8,Double Fed Asyn,,Steel tube/Hybrid,58000,59000,,12000,,30000,50.0 Hz,,No,Yes
1003,https://en.wind-turbine-models.com/turbines/1003-senvion-3-4m114,Senvion,Senvion 3.4M114,3400,114,10207,3,93,3,22,12,12.1,induction,,steel tube / *hybrid,46000,70000,,14000,,580,50.0 Hz,,No,Yes
1716,https://en.wind-turbine-models.com/turbines/1716-senvion-3-4m122,Senvion,Senvion 3.4M122,3400,122,11690,3,86,3,22,12.5,11.3,induction,,steel tube / hydrid,,71000,,15000,,580,50 Hz,,No,Yes
1283,https://en.wind-turbine-models.com/turbines/1283-senvion-3-4m140,Senvion,Senvion 3.4M140,3400,140,15394,3,110,3,22,11,9.6,,,steel tube / hybrid,,,,,,750,50 Hz,,No,Yes
1715,https://en.wind-turbine-models.com/turbines/1715-senvion-3-6m114,Senvion,Senvion 3.6M114,3600,114,10207,3,90,3,22,13,12.1,induction,,steel tube,,71000,,15000,,600,50 Hz,,No,Yes
1717,https://en.wind-turbine-models.com/turbines/1717-senvion-3-6m118,Senvion,Senvion 3.6M118,3600,118,10936,3,91,3,26,12.5,12.1,induction,,steel tube,,,,,,630,50 Hz,,No,Yes
1555,https://en.wind-turbine-models.com/turbines/1555-senvion-3-6m140,Senvion,Senvion 3.6M140,3600,140,15394,3,110,3,22,11.5,9.6,induction,,steel tube / hydrid,,,,,,600,50 Hz,,No,Yes
2715,https://en.wind-turbine-models.com/turbines/2715-senvion-3-7m140,Senvion,Senvion 3.7M140,3700,140,15394,3,108,3,22,12,9.6,induction with squirrel cage rotor,,steel tube / hybrid,,,,,,600,50 Hz,2019,No,Yes
1718,https://en.wind-turbine-models.com/turbines/1718-senvion-3-7m144,Senvion,Senvion 3.7M144,3700,144,16286,3,108,3,26,12,9.9,induction,,steel tube / hydrid,,,,,,630,50 Hz,,No,Yes
1907,https://en.wind-turbine-models.com/turbines/1907-senvion-4-2m118,Senvion,Senvion 4.2M118,4200,118,10936,3,,3,22,12.5,,Squirrel cage induction,,steel tube / hydrid,,,,,,,50/60 Hz,,No,Yes
1842,https://en.wind-turbine-models.com/turbines/1842-senvion-4-2m140,Senvion,Senvion 4.2M140,4200,140,15394,3,,3,22,,10.5,Squirrel cage induction,,steel tube / hydrid,,,,,,690,50/60 Hz,,No,Yes
1843,https://en.wind-turbine-models.com/turbines/1843-senvion-4-2m148,Senvion,Senvion 4.2M148,4200,148,17203,3,,3,22,,10.5,Squirrel cage induction,,steel tube / hydrid,,,,,,690,50/60 Hz,,No,Yes
885,https://en.wind-turbine-models.com/turbines/885-senvion-6-2m126-offshore,Senvion,Senvion 6.2M126 Offshore,6150,126,12469,3,85,3.5,30,14,12.1,Double Fed Asyn,,Steel tube,325000,134500,240000,21500,,33000,50.0 Hz,,Yes,No
884,https://en.wind-turbine-models.com/turbines/884-senvion-6-2m126-onshore,Senvion,Senvion 6.2M126 Onshore,6150,126,12469,3,100,3.5,25,14.5,12.1,Double Fed Asyn,,Steel tube,325000,135000,,21500,,33000,50.0 Hz,,No,Yes
887,https://en.wind-turbine-models.com/turbines/887-senvion-6-2m152-offshore,Senvion,Senvion 6.2M152 Offshore,6150,152,18146,3,95,3.5,30,11.5,10.1,Double Fed Asyn,,Steel tube,350000,156500,,25500,,33000,50.0 Hz,,Yes,No
886,https://en.wind-turbine-models.com/turbines/886-senvion-6-2m152-onshore,Senvion,Senvion 6.2M152 Onshore,6150,152,18146,3,121,3.5,25,12,10.1,Double Fed Asyn,,Steel tube,350000,156500,,25500,,33000,50.0 Hz,,No,Yes
1713,https://en.wind-turbine-models.com/turbines/1713-senvion-6-3m152-offshore,Senvion,Senvion 6.3M152 Offshore,6330,152,18146,3,97,3.5,30,11.5,10.1,double fed induction,,steel tube,350000,156000,,25000,,66000,50 Hz,,Yes,No
1714,https://en.wind-turbine-models.com/turbines/1714-senvion-6-3m152-onshore,Senvion,Senvion 6.3M152 Onshore,6330,152,18146,3,121,3.5,25,12,10.1,double fed induction,,steel tube,350000,156000,,25000,,66000,50 Hz,,No,Yes
888,https://en.wind-turbine-models.com/turbines/888-senvion-mm82b,Senvion,Senvion MM82B,2050,82,5281,3,59,3.5,25,14.5,17.1,Double Fed Asyn,,Steel tube,69000,36200,,6400,,690,50.0 Hz,,No,Yes
2703,https://en.wind-turbine-models.com/turbines/2703-senvion-mm82a,Senvion,Senvion MM82A,2050,82,5281,3,59,3.5,25,14.5,17.1,Doubly-fed induction generator (DFIG),,steel tube,69000,36200,,6400,,690,50/60 Hz,2008,No,Yes
889,https://en.wind-turbine-models.com/turbines/889-senvion-mm92,Senvion,Senvion MM92,2050,92.5,6720,3,68.5,3,24,12.5,15,Double Fed Asyn,,Steel tube,71000,41500,,8000,,690,50.0 Hz,,No,Yes
890,https://en.wind-turbine-models.com/turbines/890-senvion-mm100,Senvion,Senvion MM100,2000,100,7854,3,76.5,3,22,11,13.9,Double Fed Asyn,,Steel tube,72500,43000,,8500,,690,50.0 Hz,,No,Yes
2671,https://en.wind-turbine-models.com/turbines/2671-senvion-india-2-3m120,Senvion India,Senvion India 2.3M120,2330,120,11310,3,120,3,20,11,,Doubly-fed induction generator (DFIG),,tubular steel tower,,,,,,,50 Hz,,No,Yes
2672,https://en.wind-turbine-models.com/turbines/2672-senvion-india-2-7m130,Senvion India,Senvion India 2.7M130,2700,130,13273,3,140000,3,20,12,,Doubly-fed induction generator (DFIG),,tubular steel tower,,,,,,,50 Hz,,No,Yes
2673,https://en.wind-turbine-models.com/turbines/2673-senvion-india-3-1m130,Senvion India,Senvion India 3.1M130,3100,130,13273,3,140000,3,20,12,,Doubly-fed induction generator (DFIG),,tubular steel tower,,,,,,,50 Hz,,No,Yes
2674,https://en.wind-turbine-models.com/turbines/2674-senvion-india-4-2m160,Senvion India,Senvion India 4.2M160,4200,160,20108,3,140,3,20,11,,Doubly-fed induction generator (DFIG),,tubular steel tower,,,,,,,50 Hz,2025,No,Yes
774,https://en.wind-turbine-models.com/turbines/774-serlath-unbekannt,Serlath,Serlath Unbekannt,,,,,,,,,,,,,,,,,,,,,No,Yes
2260,https://en.wind-turbine-models.com/turbines/2260-gff-gf7-7500,GFF,GFF GF7-7500,7.5,7,38.5,3,12,3.5,20,11,150,Permanent magnet NdFeB,,steel tube,,,,,2800,220,50 Hz,,No,Yes
2261,https://en.wind-turbine-models.com/turbines/2261-gff-gf16-55g,GFF,GFF GF16-55G,55,16,201,3,20,3,25,11,76,Permanent magnet NdFeB,,steel tube,,,,,,380,50 Hz,,No,Yes
2262,https://en.wind-turbine-models.com/turbines/2262-gff-gf77-1-5,GFF,GFF GF77-1.5,1500,77,4657,3,65,3,25,12,11,double fed induction,,steel tube,50000,,,,,690,50 Hz,,No,Yes
2263,https://en.wind-turbine-models.com/turbines/2263-gff-gf82-1-5,GFF,GFF GF82-1.5,1500,82,5281,3,70,3,25,10.5,11,double fed induction,,steel tube,50000,,,,,690,50 Hz,,No,Yes
2264,https://en.wind-turbine-models.com/turbines/2264-gff-gf121-2-0,GFF,GFF GF121-2.0,2000,121,11500,3,90,2.5,22,8.7,18.2,Permanent magnet,,steel tube,,,,,,690,50 Hz,,No,Yes
2265,https://en.wind-turbine-models.com/turbines/2265-gff-gf121-3-0,GFF,GFF GF121-3.0,3000,121.4,11500,3,90,3,22,10.4,14.5,Permanent magnet,,steel tube,,,,,,690,50 Hz,,No,Yes
1768,https://en.wind-turbine-models.com/turbines/1768-swiss-electric-yz70-1-5,Swiss Electric,Swiss Electric YZ70/1.5,1500,70,3848,3,60,2.5,25,11.5,23.5,synchronous permanent,,steel tube,,,,,,660,50/60 Hz,,No,Yes
1769,https://en.wind-turbine-models.com/turbines/1769-swiss-electric-yz82-1-5,Swiss Electric,Swiss Electric YZ82/1.5,1500,82,5281,3,70,2,25,10.2,17.5,synchronous permanent,,steel tube,,,,,,660,50/60 Hz,,No,Yes
1771,https://en.wind-turbine-models.com/turbines/1771-swiss-electric-yz82-2-0,Swiss Electric,Swiss Electric YZ82/2.0,2000,82,5281,3,70,2.3,25,12,19,synchronous permanent,,steel tube,,,,,,660,50/60 Hz,,No,Yes
105,https://en.wind-turbine-models.com/turbines/105-swiss-electric-yz90-2-5,Swiss Electric,Swiss Electric YZ90/2.5,2500,90,6361.7,3,80,2,25,11.5,17,synchronous permanent,,steel tube,,,,,,660,50/60 Hz,,No,Yes
1770,https://en.wind-turbine-models.com/turbines/1770-swiss-electric-yz93-1-5,Swiss Electric,Swiss Electric YZ93/1.5,1500,93,6793,3,80,1.8,25,9.8,17.5,synchronous permanent,,steel tube,,,,,,660,50/60 Hz,,No,Yes
1772,https://en.wind-turbine-models.com/turbines/1772-swiss-electric-yz93-2-0,Swiss Electric,Swiss Electric YZ93/2.0,2000,93,6793,3,80,1.8,25,10.5,17,synchronous permanent,,steel tube,,,,,,660,50/60 Hz,,No,Yes
1774,https://en.wind-turbine-models.com/turbines/1774-swiss-electric-yz93-3-0,Swiss Electric,Swiss Electric YZ93/3.0,3000,93,6793,3,90,2.3,25,11.5,17,synchronous permanent,,steel tube,,,,,,660,50/60 Hz,,No,Yes
1792,https://en.wind-turbine-models.com/turbines/1792-swiss-electric-yz103-1-5,Swiss Electric,Swiss Electric YZ103/1.5,1500,103,8332,3,90,1.8,20,8.7,17,synchronous permanent,,steel tube,,,,,,690,50/60 Hz,,No,Yes
1773,https://en.wind-turbine-models.com/turbines/1773-swiss-electric-yz103-2-0,Swiss Electric,Swiss Electric YZ103/2.0,2000,103,8332,3,90,1.8,25,9.8,16,synchronous permanent,,steel tube,,,,,,660,50/60 Hz,,No,Yes
1786,https://en.wind-turbine-models.com/turbines/1786-swiss-electric-yz103-2-5,Swiss Electric,Swiss Electric YZ103/2.5,2500,103,8332,3,80,2,25,10.2,17,synchronous permanent,,steel tube,,,,,,690,50/60 Hz,,No,Yes
1775,https://en.wind-turbine-models.com/turbines/1775-swiss-electric-yz103-3-0,Swiss Electric,Swiss Electric YZ103/3.0,3000,103,8332,3,100,2,25,10,16,synchronous permanent,,steel tube,,,,,,660,50/60 Hz,,No,Yes
287,https://en.wind-turbine-models.com/turbines/287-swiss-electric-yz115-3-0,Swiss Electric,Swiss Electric YZ115/3.0,3000,115,10387,3,100,1.8,25,10.5,15,synchronous permanent,,steel tube,,,,,,3000,50/60 Hz,,No,Yes
1790,https://en.wind-turbine-models.com/turbines/1790-swiss-electric-yz116-2-0,Swiss Electric,Swiss Electric YZ116/2.0,2000,116,10568,3,90,1.8,20,8.8,15,synchronous permanent,,steel tube,,,,,,690,50/60 Hz,,No,Yes
1787,https://en.wind-turbine-models.com/turbines/1787-swiss-electric-yz116-2-5,Swiss Electric,Swiss Electric YZ116/2.5,2500,116,10568,3,90,1.8,25,9.4,15,synchronous permanent,,steel tube,,,,,,690,50/60 Hz,,No,Yes
1784,https://en.wind-turbine-models.com/turbines/1784-swiss-electric-yz116-3-0,Swiss Electric,Swiss Electric YZ116/3.0,3000,116,10568,3,90,1.8,25,10.5,15,synchronous permanent,,steel tube,,,,,,3000,50/60 Hz,,No,Yes
1791,https://en.wind-turbine-models.com/turbines/1791-swiss-electric-yz121-2-0,Swiss Electric,Swiss Electric YZ121/2.0,2000,121,11493,3,90,1.8,20,8.6,14.5,synchronous permanent,,steel tube,,,,,,690,50/60 Hz,,No,Yes
1788,https://en.wind-turbine-models.com/turbines/1788-swiss-electric-yz121-2-5,Swiss Electric,Swiss Electric YZ121/2.5,2500,121,11493,3,90,1.8,20,9.1,14.5,synchronous permanent,,steel tube,,,,,,690,50/60 Hz,,No,Yes
1785,https://en.wind-turbine-models.com/turbines/1785-swiss-electric-yz121-3-0,Swiss Electric,Swiss Electric YZ121/3.0,3000,121,11493,3,90,1.8,20,9.7,14.5,synchronous permanent,,steel tube,,,,,,3000,50/60 Hz,,No,Yes
1776,https://en.wind-turbine-models.com/turbines/1776-swiss-electric-yz127-6-0,Swiss Electric,Swiss Electric YZ127/6.0,6000,127,12668,3,120,2.3,25,12.5,12.8,synchronous permanent,,steel tube,,,,,,3000,50/60 Hz,,Yes,Yes
1789,https://en.wind-turbine-models.com/turbines/1789-swiss-electric-yz130-2-5,Swiss Electric,Swiss Electric YZ130/2.5,2500,130,13273,3,90,1.8,20,8.8,14,synchronous permanent,,steel tube,,,,,,690,50/60 Hz,,No,Yes
1777,https://en.wind-turbine-models.com/turbines/1777-swiss-electric-yz133-6-0,Swiss Electric,Swiss Electric YZ133/6.0,6000,133,13892,3,125,2,25,11.8,12.5,synchronous permanent,,steel tube,,,,,,3000,50/60 Hz,,Yes,Yes
1778,https://en.wind-turbine-models.com/turbines/1778-swiss-electric-yz139-6-0,Swiss Electric,Swiss Electric YZ139/6.0,6000,139,15175,3,125,2,25,11.5,11.5,synchronous permanent,,steel tube,,,,,,3000,50/60 Hz,,Yes,Yes
1782,https://en.wind-turbine-models.com/turbines/1782-swiss-electric-yz140-6-0,Swiss Electric,Swiss Electric YZ140/6.0,6000,140,15386,3,120,2,25,11.3,13,synchronous permanent,,steel tube,,,,,,3000,50/60 Hz,,Yes,Yes
1779,https://en.wind-turbine-models.com/turbines/1779-swiss-electric-yz150-10-0,Swiss Electric,Swiss Electric YZ150/10.0,10000,150,17671,3,120,3,25,13,12,synchronous permanent,,steel tube,,,,,,3000,50/60 Hz,,Yes,Yes
1783,https://en.wind-turbine-models.com/turbines/1783-swiss-electric-yz160-6-0,Swiss Electric,Swiss Electric YZ160/6.0,6000,160,20106,3,120,2,25,10.4,10.5,synchronous permanent,,steel tube,,,,,,3000,50/60 Hz,,Yes,Yes
1780,https://en.wind-turbine-models.com/turbines/1780-swiss-electric-yz170-10-0,Swiss Electric,Swiss Electric YZ170/10.0,10000,170,22698,3,120,2.5,25,12,10.5,synchronous permanent,,steel tube,,,,,,3000,50/60 Hz,,Yes,Yes
1781,https://en.wind-turbine-models.com/turbines/1781-swiss-electric-yz190-10-0,Swiss Electric,Swiss Electric YZ190/10.0,10000,190,28253,3,120,2.5,25,11,11,synchronous permanent,,steel tube,,,,,,3000,50/60 Hz,,Yes,Yes
1221,https://en.wind-turbine-models.com/turbines/1221-shanghai-electric-w1250-62,Shanghai Electric,Shanghai Electric W1250-62,1250,62.3,3048,3,55,2.5,25,12.5,25.6,Double fed induction,,steel tube,,,,,,690,60 Hz,,No,Yes
1220,https://en.wind-turbine-models.com/turbines/1220-shanghai-electric-w1250-64,Shanghai Electric,Shanghai Electric W1250-64,1250,64,3247,3,55,3,25,12.5,24.5,Double fed induction,,steel tube,,,,,,690,60 Hz,,No,Yes
1219,https://en.wind-turbine-models.com/turbines/1219-shanghai-electric-w1250-70,Shanghai Electric,Shanghai Electric W1250-70,1250,70.3,3882,3,55,3.5,23,11.5,24.5,Double fed induction,,steel tube,,,,,,690,50/60 Hz,2004,No,Yes
101,https://en.wind-turbine-models.com/turbines/101-shanghai-electric-w2000-87,Shanghai Electric,Shanghai Electric W2000-87,2000,87,5945,3,80,3,25,12.4,16.8,Double fed induction,,steel tube,80000,,,,,,,,Yes,Yes
1218,https://en.wind-turbine-models.com/turbines/1218-shanghai-electric-w2000-93,Shanghai Electric,Shanghai Electric W2000-93,2000,93,6793,3,80,3,25,12,16.8,Double fed induction,,steel tube,80000,,,14000,,690,50/60 Hz,,Yes,Yes
1217,https://en.wind-turbine-models.com/turbines/1217-shanghai-electric-w2000-99,Shanghai Electric,Shanghai Electric W2000-99,2000,99,7698,3,80,3,25,11.8,16.8,Double fed induction,,steel tube,,,,,,,50/60 Hz,,Yes,Yes
1216,https://en.wind-turbine-models.com/turbines/1216-shanghai-electric-w2000-105,Shanghai Electric,Shanghai Electric W2000-105,2000,105,8659,3,80,3,20,11.5,16.5,Double fed induction,,steel tube,,,,,,,,,Yes,Yes
2407,https://en.wind-turbine-models.com/turbines/2407-shanghai-electric-w3000-150,Shanghai Electric,Shanghai Electric W3000-150,3000,150,17671,3,93,3,18,8,,induction,,steel tube / hybrid with concrete,,,,,,1140,50 Hz,,No,Yes
1215,https://en.wind-turbine-models.com/turbines/1215-shanghai-electric-w3600-116,Shanghai Electric,Shanghai Electric W3600-116,3600,116,10568,3,80,3.5,25,12,15.4,Double fed induction,,steel tube,,,,,,,,2010,Yes,Yes
1214,https://en.wind-turbine-models.com/turbines/1214-shanghai-electric-w3600-122,Shanghai Electric,Shanghai Electric W3600-122,3600,122,11690,3,80,3.5,25,11.5,15.4,Double fed induction,,steel tube,,,,,,,50 Hz,2010,Yes,Yes
2405,https://en.wind-turbine-models.com/turbines/2405-shanghai-electric-w4000-136,Shanghai Electric,Shanghai Electric W4000-136,4000,136,14526,3,100,3,25,10.7,13.8,Squirrel Cage Induction,,steel tube,,,,,,750,50 Hz,,No,Yes
2416,https://en.wind-turbine-models.com/turbines/2416-shanghai-electric-w4500-155,Shanghai Electric,Shanghai Electric W4500-155,4500,155,18869,3,95,2.5,22,,,induction,,steel tube / hybrid,,,,,,690,50 Hz,,No,Yes
2408,https://en.wind-turbine-models.com/turbines/2408-shanghai-electric-w4550-168,Shanghai Electric,Shanghai Electric W4550-168,4550,168,22167,3,105,2.5,20,9,,induction,,steel tube / hybrid with concrete,,,,,,1140,50 Hz,,No,Yes
2409,https://en.wind-turbine-models.com/turbines/2409-shanghai-electric-w4650-182-wh4-65n-182,Shanghai Electric,Shanghai Electric W4650-182 / WH4.65N-182,4650,182,26016,3,,3,20,,,synchronous permanent,,steel tube / hybrid,,,,,,1140,50 Hz,,No,Yes
2411,https://en.wind-turbine-models.com/turbines/2411-shanghai-electric-w4650-192-wh4-65n-192,Shanghai Electric,Shanghai Electric W4650-192 / WH4.65N-192,4650,192,28953,3,,3,20,,,synchronous permanent,,steel tube / hybrid,,,,,,1140,50 Hz,,No,Yes
2418,https://en.wind-turbine-models.com/turbines/2418-shanghai-electric-w4800-146-we4800-146,Shanghai Electric,Shanghai Electric W4800-146 /WE4800-146,4800,146,16742,3,90,3,25,,,induction,,steel tube / hybrid,,,,,,690,50 Hz,,No,Yes
2417,https://en.wind-turbine-models.com/turbines/2417-shanghai-electric-w4800-155,Shanghai Electric,Shanghai Electric W4800-155,4800,155,18869,3,95,2.5,25,,,induction,,steel tube / hybrid,,,,,,690,50 Hz,,No,Yes
2412,https://en.wind-turbine-models.com/turbines/2412-shanghai-electric-w5000-192-wh5-0n-192,Shanghai Electric,Shanghai Electric W5000-192 / WH5.0N-192,5000,192,28953,3,,3,20,,,synchronous permanent,,steel tube / hybrid,,,,,,1140,50 Hz,,No,Yes
2413,https://en.wind-turbine-models.com/turbines/2413-shanghai-electric-w5250-172-wh5-25n-172,Shanghai Electric,Shanghai Electric W5250-172 / WH5.25N-172,5250,172,23275,3,,3,25,,,synchronous permanent,,steel tube / hybrid,,,,,,1140,50 Hz,,No,Yes
2406,https://en.wind-turbine-models.com/turbines/2406-shanghai-electric-w5550-172-wg5-55f-172,Shanghai Electric,Shanghai Electric W5550-172 / WG5.55F-172,5550,172,23235,3,,3,25,8,,synchronous permanent,,steel tube,,,,,,,50 Hz,,No,Yes
2410,https://en.wind-turbine-models.com/turbines/2410-shanghai-electric-w5600-182-wh5-6n-182,Shanghai Electric,Shanghai Electric W5600-182 / WH5.6N-182,5600,182,26016,3,,3,25,,,synchronous permanent,,steel tube / hybrid,,,,,,1140,50 Hz,,No,Yes
2414,https://en.wind-turbine-models.com/turbines/2414-shanghai-electric-w6050-172-wh6-05n-172,Shanghai Electric,Shanghai Electric W6050-172 / WH6.05N-172,6050,172,23275,3,,3,25,,,synchronous permanent,,steel tube / hybrid,,,,,,1140,50 Hz,,No,Yes
2403,https://en.wind-turbine-models.com/turbines/2403-shanghai-electric-w6250-172-wd6250-172,Shanghai Electric,Shanghai Electric W6250-172 / WD6250-172,6250,172,23235,3,,3,25,11,,synchronous permanent,,steel tube / hybrid,,,,,,,,,Yes,Yes
2415,https://en.wind-turbine-models.com/turbines/2415-shanghai-electric-w6250-172-wh6-25n-172,Shanghai Electric,Shanghai Electric W6250-172 / WH6.25N-172,6250,172,23275,3,,3,25,,,synchronous permanent,,steel tube / hybrid,,,,,,1140,50 Hz,,No,Yes
2404,https://en.wind-turbine-models.com/turbines/2404-shanghai-electric-w6500-185-w6-5f-185,Shanghai Electric,Shanghai Electric W6500-185 / W6.5F-185,6500,185,26880,3,,3,25,10.5,,,,,,,,,,,,,Yes,Yes
1824,https://en.wind-turbine-models.com/turbines/1824-shanghai-electric-w8000-167,Shanghai Electric,Shanghai Electric W8000-167,8000,167,21900,3,,3,25,12,12,synchronous permanent,,steel tube,,,,,,690,50/60 Hz,,Yes,Yes
2402,https://en.wind-turbine-models.com/turbines/2402-shanghai-electric-w8000-208-ew8-0-208,Shanghai Electric,Shanghai Electric W8000-208 / EW8.0-208,8000,208,33979,3,,3,25,8,,synchronous permanent,,steel tube,,,,,,,50 Hz,,Yes,Yes
2362,https://en.wind-turbine-models.com/turbines/2362-shanghai-electric-w11000-208-ew11-0-208-petrel,Shanghai Electric,Shanghai Electric W11000-208 / EW11.0-208 Petrel,11000,208,33979,3,,3,25,10,,synchronous permanent,,steel tube,,,,,,,50/60 Hz,2021,Yes,Yes
1490,https://en.wind-turbine-models.com/turbines/1490-ghrepower-fd5-5,Ghrepower,Ghrepower FD5-5,5,5,19.6,3,9,3,25,10,270,synchronous permanent,,steel tube / tripod,,,200,,,230,50/60 Hz,,No,Yes
1489,https://en.wind-turbine-models.com/turbines/1489-ghrepower-fd8-9-8,Ghrepower,Ghrepower FD8-9.8,9.8,7.8,47.8,3,12,3,25,10,180,synchronous permanent,,steel tube,,,700,,,400,50/60 Hz,,No,Yes
1493,https://en.wind-turbine-models.com/turbines/1493-ghrepower-fd16-19-8,Ghrepower,Ghrepower FD16-19.8,19.8,15.6,191,3,16,3,20,9,55,synchronous permanent,,steel tube,,,4000,,,400,50/60 Hz,,No,Yes
1492,https://en.wind-turbine-models.com/turbines/1492-ghrepower-fd16-30,Ghrepower,Ghrepower FD16-30,30,15.6,191,3,16,3,20,10,60,synchronous permanent,,steel tube,,,4000,,,400,50/60 Hz,,No,Yes
1491,https://en.wind-turbine-models.com/turbines/1491-ghrepower-fd16-50,Ghrepower,Ghrepower FD16-50,50,15.6,191,3,16,3,20,13,75,synchronous permanent,,steel tube,,,4000,,,400,50/60 Hz,,No,Yes
1057,https://en.wind-turbine-models.com/turbines/1057-ghrepower-fd21-50,Ghrepower,Ghrepower FD21-50,50,21.5,363,3,25,3,25,9,48,synchronous permanent,,steel tube,8000,,15000,1100,28000,400,50/60 Hz,,No,Yes
1058,https://en.wind-turbine-models.com/turbines/1058-ghrepower-fd21-60,Ghrepower,Ghrepower FD21-60,59.9,21.5,363,3,25,3,25,10,52,synchronous permanent,,steel tube,8000,,15000,1100,28000,400,50/60 Hz,,No,Yes
1494,https://en.wind-turbine-models.com/turbines/1494-ghrepower-fd21-100,Ghrepower,Ghrepower FD21-100,100,21.5,363,3,24,3,25,13,60,synchronous permanent,,steel tube,,,9300,,,400,50/60 Hz,,No,Yes
1056,https://en.wind-turbine-models.com/turbines/1056-ghrepower-ghre100,Ghrepower,Ghrepower GHRE100,100,21.5,363,3,36,3,25,12,60,synchronous permanent,,steel tube,,,,,8200,400,50/60 Hz,,No,Yes
1981,https://en.wind-turbine-models.com/turbines/1981-shawingan-lavalin-cap-chat-vawt,Shawingan Lavalin,Shawingan Lavalin Cap Chat VAWT,4000,64,4000,2,96,4.5,62,,14.2,,,steel tube,,,,,,,,,No,Yes
1212,https://en.wind-turbine-models.com/turbines/1212-cnyd-ydf-1500-87,CNYD,CNYD YDF-1500-87,1500,87,5944.7,3,65,3,25,10.3,,Double fed induction,,steel tube,,,,,,690,50.0 Hz,,No,Yes
1211,https://en.wind-turbine-models.com/turbines/1211-cnyd-ydf-2000-103,CNYD,CNYD YDF-2000-103,2000,103,8332.3,3,,3,25,10,,Double fed induction,,steel tube,,,,,,690,50 Hz,,No,Yes
449,https://en.wind-turbine-models.com/turbines/449-shriram-250-t,Shriram,Shriram 250 T,250,28.5,638,3,40,3.5,23,14,46,Asynchronus,,Lattice,10500,2800,32800,800,45600,400,50 Hz,,No,Yes
1890,https://en.wind-turbine-models.com/turbines/1890-siemens-gamesa-sg-2-1-114,Siemens Gamesa,Siemens Gamesa SG 2.1-114,2100,114,10207,3,68,,,,,Doubly-fed induction machine,,Multiple technologies available,,,,,,690,50/60 Hz,,No,Yes
1832,https://en.wind-turbine-models.com/turbines/1832-siemens-gamesa-sg-2-1-122,Siemens Gamesa,Siemens Gamesa SG 2.1-122,2100,122,11690,3,108,,,,13.1,Doubly-fed induction,,multiple technologies,,,,,,690,50/60 Hz,,No,Yes
2128,https://en.wind-turbine-models.com/turbines/2128-siemens-gamesa-sg-2-2-122,Siemens Gamesa,Siemens Gamesa SG 2.2-122,2200,122,11690,3,108,,,,,Doubly-fed induction machine,,Multiple technologies,,,,,,690,50/60 Hz,,No,Yes
1891,https://en.wind-turbine-models.com/turbines/1891-siemens-gamesa-sg-2-6-114,Siemens Gamesa,Siemens Gamesa SG 2.6-114,2625,114,10207,3,63,3,25,11,14.7,Doubly-fed induction machine,,Multiple technologies available,,,,,,690,50/60 Hz,,No,Yes
1889,https://en.wind-turbine-models.com/turbines/1889-siemens-gamesa-sg-2-6-126,Siemens Gamesa,Siemens Gamesa SG 2.6-126,2625,126,12469,3,84,,,,,Doubly-fed induction machine,,Multiple technologies available,,,,,,690,50/60 Hz,,No,Yes
1888,https://en.wind-turbine-models.com/turbines/1888-siemens-gamesa-sg-2-7-129,Siemens Gamesa,Siemens Gamesa SG 2.7-129,2750,129,13070,3,87,,,,,induction,,Tubular steel tower with concrete base,,,,,,690,60 Hz,,No,Yes
2129,https://en.wind-turbine-models.com/turbines/2129-siemens-gamesa-sg-2-9-129,Siemens Gamesa,Siemens Gamesa SG 2.9-129,2900,129,13070,3,87,3,27,9,13,Doubly-fed induction machine,,steel tube,,,,,,750,50/60 Hz,,No,Yes
2582,https://en.wind-turbine-models.com/turbines/2582-siemens-gamesa-sg-3-1-129,Siemens Gamesa,Siemens Gamesa SG 3.1-129,3100,129,13070,3,83,3,27,10,13.2,induction,,steel tube,,,,,,750,50 Hz,,No,Yes
2757,https://en.wind-turbine-models.com/turbines/2757-siemens-gamesa-sg-3-2-129,Siemens Gamesa,Siemens Gamesa SG 3.2-129,3200,129,13070,3,87,,,,,,,tubular steel tower,,,,,,690,60 Hz,,No,Yes
1892,https://en.wind-turbine-models.com/turbines/1892-siemens-gamesa-sg-3-4-132,Siemens Gamesa,Siemens Gamesa SG 3.4-132,3465,132,13685,3,84,3,25,10.3,12.6,Doubly-fed induction machine,,Multiple technologies available,,,,,,690,50/60 Hz,,No,Yes
2299,https://en.wind-turbine-models.com/turbines/2299-siemens-gamesa-sg-3-4-145,Siemens Gamesa,Siemens Gamesa SG 3.4-145,3465,145,16513,3,127.5,3,20,10,10.5,Doubly-fed induction machine,,Multiple technologies available,,,,,,690,50 Hz,,No,Yes
2581,https://en.wind-turbine-models.com/turbines/2581-siemens-gamesa-sg-3-6-145,Siemens Gamesa,Siemens Gamesa SG 3.6-145,3600,145,16513,3,127.5,2,20,10,10.5,Asynchronous doubly-fed machine,,steel tube / Multiple technologies available,,,,,,690,50 Hz,,No,Yes
2298,https://en.wind-turbine-models.com/turbines/2298-siemens-gamesa-sg-4-7-155,Siemens Gamesa,Siemens Gamesa SG 4.7-155,4700,155,18869,3,,3,,,,Doubly-fed induction machine,,Multiple technologies available,,,,,,690,50/60 Hz,,No,Yes
1799,https://en.wind-turbine-models.com/turbines/1799-siemens-gamesa-sg-4-2-145,Siemens Gamesa,Siemens Gamesa SG 4.2-145,4200,145,16513,3,107.5,3,,,10.8,Doubly-fed induction,,steel tube / hydrid,,,,,,690,50/60 Hz,2018,No,Yes
2761,https://en.wind-turbine-models.com/turbines/2761-siemens-gamesa-sg-4-3-120-dd,Siemens Gamesa,Siemens Gamesa SG 4.3-120 DD,4300,120,11300,3,76.5,,,,,synchronous. PMG,,tubular steel tower,,,,,,690,50 / 60 Hz,,No,Yes
2760,https://en.wind-turbine-models.com/turbines/2760-siemens-gamesa-sg-4-3-130-dd,Siemens Gamesa,Siemens Gamesa SG 4.3-130 DD,4300,130,13300,3,85,,,,,synchronous. PMG,,tubular steel tower,,,,,,690,50 / 60 Hz,,No,Yes
2759,https://en.wind-turbine-models.com/turbines/2759-siemens-gamesa-sg-4-3-140-dd,Siemens Gamesa,Siemens Gamesa SG 4.3-140 DD,4250,140,15300,3,105,,,,,synchronous. PMG,,tubular steel tower,,,,,,690,50 / 60 Hz,,No,Yes
2527,https://en.wind-turbine-models.com/turbines/2527-siemens-gamesa-sg-4-4-164,Siemens Gamesa,Siemens Gamesa SG 4.4-164,4400,164,21124,3,,,,,,Doubly-fed induction machine,,,,,,,,690,60 Hz,,No,Yes
1893,https://en.wind-turbine-models.com/turbines/1893-siemens-gamesa-sg-4-5-132,Siemens Gamesa,Siemens Gamesa SG 4.5-132,4500,132,13685,3,,3,,,,Doubly-fed induction machine,,Multiple technologies available,,,,,,690,50/60 Hz,,No,Yes
1894,https://en.wind-turbine-models.com/turbines/1894-siemens-gamesa-sg-4-5-145,Siemens Gamesa,Siemens Gamesa SG 4.5-145,4500,145,16513,3,107.5,3,,,,Doubly-fed induction machine,,Multiple technologies available,,,,,,690,50/60 Hz,,No,Yes
1895,https://en.wind-turbine-models.com/turbines/1895-siemens-gamesa-sg-4-5-155,Siemens Gamesa,Siemens Gamesa SG 4.5-155,4500,155,18869,3,,3,,,,Doubly-fed induction machine,,Multiple technologies available,,,,,,690,50/60 Hz,,No,Yes
2130,https://en.wind-turbine-models.com/turbines/2130-siemens-gamesa-sg-5-0-132,Siemens Gamesa,Siemens Gamesa SG 5.0-132,5000,132,13685,3,84,,,,,Doubly-fed induction machine,,Multiple technologies available,,,,,,690,50/60 Hz,,No,Yes
2131,https://en.wind-turbine-models.com/turbines/2131-siemens-gamesa-sg-5-0-145,Siemens Gamesa,Siemens Gamesa SG 5.0-145,5000,145,16513,3,90,3,27,11,,Doubly-fed induction machine,,Multiple technologies available,,,,,,690,50/60 Hz,2021,No,Yes
2758,https://en.wind-turbine-models.com/turbines/2758-siemens-gamesa-sg-5-2-165,Siemens Gamesa,Siemens Gamesa SG 5.2-165,5200,165,21383,3,,,,,,,,,,,,,,690,60 Hz,,No,Yes
2042,https://en.wind-turbine-models.com/turbines/2042-siemens-gamesa-sg-5-8-155,Siemens Gamesa,Siemens Gamesa SG 5.8-155,5800,155,18868,3,90,,,,,DFIG,,steel tube / hydrid,,,,,,690,50/60 Hz,2020,No,Yes
2043,https://en.wind-turbine-models.com/turbines/2043-siemens-gamesa-sg-5-8-170,Siemens Gamesa,Siemens Gamesa SG 5.8-170,5800,170,22697,3,100,,,,,,,steel tube / hydrid,,,,,,,,2020,No,Yes
1886,https://en.wind-turbine-models.com/turbines/1886-siemens-gamesa-sg-6-0-154,Siemens Gamesa,Siemens Gamesa SG 6.0-154,6000,154,18600,3,,4,25,13,11,synchronous permanent,,Cylindrical and/or tapered tubular,360000,,,,,690,50 Hz,2018,Yes,Yes
2345,https://en.wind-turbine-models.com/turbines/2345-siemens-gamesa-sg-6-6-155,Siemens Gamesa,Siemens Gamesa SG 6.6-155,6600,155,18869,3,90,,,,,,,Multiple technologies available,,,,,,,,2021,No,Yes
2346,https://en.wind-turbine-models.com/turbines/2346-siemens-gamesa-sg-6-6-170,Siemens Gamesa,Siemens Gamesa SG 6.6-170,6600,170,22697,3,90,3,25,6.6,10.3,doubly-fed induction (DFIG),,steel tube / hybrid,,,,,,690,50/60 Hz,2021,No,Yes
1810,https://en.wind-turbine-models.com/turbines/1810-siemens-gamesa-sg-7-0-154,Siemens Gamesa,Siemens Gamesa SG 7.0-154,7000,154,18600,3,,3,25,13,,synchronous permanent,,steel tube,,,,,,690,50 Hz,2018,Yes,No
2475,https://en.wind-turbine-models.com/turbines/2475-siemens-gamesa-sg-7-0-170,Siemens Gamesa,Siemens Gamesa SG 7.0-170,7000,170,22697,3,110.5,,,,,doubly-fed induction,,steel tube / hybrid,,,,,,,,,No,Yes
1800,https://en.wind-turbine-models.com/turbines/1800-siemens-gamesa-sg-8-0-167-dd,Siemens Gamesa,Siemens Gamesa SG 8.0-167 DD,8000,167,21900,3,119,3,28,13,10.3,Permanent magnet synchronous,,steel tube,,,,,,820,50 Hz,2018,Yes,No
1969,https://en.wind-turbine-models.com/turbines/1969-siemens-gamesa-sg-10-0-193-dd,Siemens Gamesa,Siemens Gamesa SG 10.0-193 DD,10000,193,29300,3,140,4,28,12,9.1,Permanent magnet synchronous,,steel tube,,,,,,820,50/60 Hz,2019,Yes,No
2125,https://en.wind-turbine-models.com/turbines/2125-siemens-gamesa-sg-11-0-193-dd,Siemens Gamesa,Siemens Gamesa SG 11.0-193 DD,11000,193,29300,3,140,4,28,12,9.1,Permanent magnet synchronous,,steel tube,,,,,,820,50/60 Hz,,Yes,Yes
2157,https://en.wind-turbine-models.com/turbines/2157-siemens-gamesa-sg-11-0-200-dd,Siemens Gamesa,Siemens Gamesa SG 11.0-200 DD,11000,200,31400,3,140,4,32,14,9.1,Permanent magnet synchronous,,steel tube,,,,,,820,50/60 Hz,2021,Yes,Yes
2266,https://en.wind-turbine-models.com/turbines/2266-siemens-gamesa-sg-14-222-dd,Siemens Gamesa,Siemens Gamesa SG 14-222 DD,14000,222,39000,3,140,3,32,12,12.7,Permanent magnet synchronous,,steel tube,500000,,,,,820,50/60 Hz,2024,Yes,No
2473,https://en.wind-turbine-models.com/turbines/2473-siemens-gamesa-sg-14-236-dd,Siemens Gamesa,Siemens Gamesa SG 14-236 DD,14000,236,43500,3,,4,32,12,8.1,permanent magnet synchronous,,,,,,,,820,50/60 Hz,2022,Yes,Yes
2607,https://en.wind-turbine-models.com/turbines/2607-siemens-gamesa-sg-21-276-dd,Siemens Gamesa,Siemens Gamesa SG 21-276 DD,21000,276,60000,3,,,,,,synchronous permanent,,steel tube,1000000,,,,,,50/60 Hz,2024,Yes,Yes
1896,https://en.wind-turbine-models.com/turbines/1896-siemens-gamesa-swt-dd-120,Siemens Gamesa,Siemens Gamesa SWT-DD-120,4300,120,11300,3,75,,,,,Synchronous. PMG,,Tubular steel,,,,,,690,50/60 Hz,,No,Yes
1898,https://en.wind-turbine-models.com/turbines/1898-siemens-gamesa-swt-dd-130,Siemens Gamesa,Siemens Gamesa SWT-DD-130,4300,130,13300,3,85,,,,,Synchronous. PMG,,Tubular steel/hybrid,,,,,,690,50/60 Hz,,No,Yes
1897,https://en.wind-turbine-models.com/turbines/1897-siemens-gamesa-swt-dd-142,Siemens Gamesa,Siemens Gamesa SWT-DD-142,4100,142,15800,3,99,,,,,Synchronous. PMG,,Tubular steel or hybrid steel/concrete,,,,,,690,50/60 Hz,,No,Yes
1457,https://en.wind-turbine-models.com/turbines/1457-siemens-swt-1-3-62,Siemens,Siemens SWT-1.3-62,1300,62,3018,3,68,3,25,14,19,induction,,steel tube,50000,30000,188000,,248000,690,50 Hz,,No,Yes
204,https://en.wind-turbine-models.com/turbines/204-siemens-swt-2-3-82,Siemens,Siemens SWT-2.3-82,2300,82.4,5300,3,80,4,25,13.5,18,Asynchronus,,Steel tube,82000,54000,158000,,294000,690,50 Hz,,No,Yes
551,https://en.wind-turbine-models.com/turbines/551-siemens-swt-2-3-93,Siemens,Siemens SWT-2.3-93,2300,93,6800,3,80,4,25,14,16,Asynchronus,,Steel tube/Hybrid,82000,60000,,,,690,50 Hz,,Yes,Yes
989,https://en.wind-turbine-models.com/turbines/989-siemens-swt-2-3-93,Siemens,Siemens SWT-2.3-93,2300,93,6800,3,80,4,25,14,16,Asynchronus,,Steel tube,82000,60000,162000,,304000,690,50 Hz,,No,Yes
50,https://en.wind-turbine-models.com/turbines/50-siemens-swt-2-3-93-offshore,Siemens,Siemens SWT-2.3-93 Offshore,2300,93,6793,3,80,4,25,13,16,Asynchronus,,Steel tube,82000,62000,,,,690,50 Hz,,Yes,No
341,https://en.wind-turbine-models.com/turbines/341-siemens-swt-2-3-101,Siemens,Siemens SWT-2.3-101,2300,101,8000,3,80,3.5,25,12.5,16,Asynchronus,,Steel tube,82000,62000,162000,,306000,690,50 Hz,,No,Yes
647,https://en.wind-turbine-models.com/turbines/647-siemens-swt-2-3-108,Siemens,Siemens SWT-2.3-108,2300,108,9144,3,80,3,25,11.5,16,Asynchronus,,Steel tube,82000,60000,,,,690,50 Hz,,No,Yes
110,https://en.wind-turbine-models.com/turbines/110-siemens-swt-2-3-113,Siemens,Siemens SWT-2.3-113,2300,113,10000,3,99.5,3,25,12.5,13,Synchronous permanent,,Steel tube,73000,66700,,,,690,50 Hz,,No,Yes
1240,https://en.wind-turbine-models.com/turbines/1240-siemens-swt-2-3-120,Siemens,Siemens SWT-2.3-120,2300,120,11300,3,80,3,22,11.5,12.5,induction,,steel tube,88000,70000,,,,690,50 Hz,,No,Yes
1531,https://en.wind-turbine-models.com/turbines/1531-siemens-swt-2-5-120,Siemens,Siemens SWT-2.5-120,2500,120,11310,3,85.1,3,22,12,13.1,induction,,steel tube,,,,,,690,50/60 Hz,2016,No,Yes
66,https://en.wind-turbine-models.com/turbines/66-siemens-swt-3-0-101,Siemens,Siemens SWT-3.0-101,3000,101,8000,3,80,3,25,12.5,19,synchronous permanent,,Steel tube,78000,60000,162000,10300,300000,690,50/60 Hz,,No,Yes
751,https://en.wind-turbine-models.com/turbines/751-siemens-swt-3-0-108,Siemens,Siemens SWT-3.0-108,3000,108,9144,3,79.5,3,25,12,16,Synchronous permanent,,Steel tube,78000,60000,75000,,213000,690,50/60 Hz,,No,Yes
752,https://en.wind-turbine-models.com/turbines/752-siemens-swt-3-0-113,Siemens,Siemens SWT-3.0-113,3000,113,10000,3,79.5,4,25,12.5,15.5,Synchronous permanent,,Steel tube/ bolted steel shell tower,78000,67000,75000,,220000,690,50/60 Hz,,No,Yes
1469,https://en.wind-turbine-models.com/turbines/1469-siemens-swt-3-15-142,Siemens,Siemens SWT-3.15-142,3150,142,15829,3,109,4,22.5,11,13.7,synchronous permanent,,steel tube / hydrid,,,,,,690,50/60 Hz,,No,Yes
964,https://en.wind-turbine-models.com/turbines/964-siemens-swt-3-2-101,Siemens,Siemens SWT-3.2-101,3200,101,8000,3,74.5,3,25,12.5,16,Synchronous,,tapered tubular,78000,60000,73000,,,690,50 Hz,,No,Yes
965,https://en.wind-turbine-models.com/turbines/965-siemens-swt-3-2-108,Siemens,Siemens SWT-3.2-108,3200,108,9144,3,79.5,3,25,11.5,16,Synchronous permanent,,tapered tubular,78000,60000,75000,,,690,50 Hz,,No,Yes
966,https://en.wind-turbine-models.com/turbines/966-siemens-swt-3-2-113,Siemens,Siemens SWT-3.2-113,3200,113,10000,3,79.5,3,25,12.5,15.5,Synchronous permanent,,Steel tube/bolted steel shell tube,78000,67000,75000,,,690,50 Hz,,No,Yes
1004,https://en.wind-turbine-models.com/turbines/1004-siemens-swt-3-3-130,Siemens,Siemens SWT-3.3-130,3300,130,13300,3,85,4,30,12.5,12.2,Synchronous permanent,,Steel tube,,,,,,690,50/60 Hz,,No,Yes
1467,https://en.wind-turbine-models.com/turbines/1467-siemens-swt-3-3-130-ln,Siemens,Siemens SWT-3.3-130 LN,3300,130,13300,3,85,4,25,11.4,12.8,synchronous permanent,,steel tube,,,,,,690,50/60 Hz,,No,Yes
2638,https://en.wind-turbine-models.com/turbines/2638-siemens-swt-3-4-108,Siemens,Siemens SWT-3.4-108,3400,108,9144,3,74.5,3,25,12,16,fully enclosed synchronous with permanent magnet,,steel tube,78000,60000,,,,690,50/60 Hz,,No,Yes
1272,https://en.wind-turbine-models.com/turbines/1272-siemens-swt-3-6-107-offshore,Siemens,Siemens SWT-3.6-107 Offshore,3600,107,9000,3,80,4,25,13.5,13,asynchronous,,steel tube,125000,95000,,,,690,50 Hz,,Yes,No
102,https://en.wind-turbine-models.com/turbines/102-siemens-swt-3-6-107-onshore,Siemens,Siemens SWT-3.6-107 Onshore,3600,107,9000,3,80,3,25,13,13,Asynchronus,,Steel tube,125000,95000,255000,,475000,690,50 Hz,,No,Yes
196,https://en.wind-turbine-models.com/turbines/196-siemens-swt-3-6-120-dd,Siemens,Siemens SWT-3.6-120 DD,3600,120,11300,3,,,,,,,,,,,,,,,,,No,Yes
669,https://en.wind-turbine-models.com/turbines/669-siemens-swt-3-6-120-offshore,Siemens,Siemens SWT-3.6-120 Offshore,3600,120,11300,3,88,3.5,25,12,13,Asynchronus,,Steel tube,125000,100000,210000,,435000,690,50 Hz,,Yes,No
646,https://en.wind-turbine-models.com/turbines/646-siemens-swt-3-6-120-onshore,Siemens,Siemens SWT-3.6-120 Onshore,3600,120,11300,3,90,3,25,12.5,13,Asynchronus,,Steel tube,125000,100000,,,,690,50 Hz,,No,No
1468,https://en.wind-turbine-models.com/turbines/1468-siemens-swt-3-6-130,Siemens,Siemens SWT-3.6-130,3600,130,13300,3,85,4,25,12.2,12.8,synchronous permanent,,steel tube,,,,,,690,50/60 Hz,,No,Yes
753,https://en.wind-turbine-models.com/turbines/753-siemens-swt-4-0-120,Siemens,Siemens SWT-4.0-120,4000,120,11300,3,90,4,32,13.5,14,Asynchronus,,Steel tube,140000,100000,,,,690,50 Hz,,No,Yes
601,https://en.wind-turbine-models.com/turbines/601-siemens-swt-4-0-130,Siemens,Siemens SWT-4.0-130,4000,130,13273,3,89.5,5,25,12,13,Squirrel Cage Induction Generator,,Steel tube,,,,,,690,50 Hz,,No,Yes
159,https://en.wind-turbine-models.com/turbines/159-siemens-swt-6-0-120,Siemens,Siemens SWT-6.0-120,6000,120,11500,3,,3,25,12,11,Synchronous permanent,,Cylindrical and/ or tapered tubular,,,190000,,180000,690,50 Hz,,Yes,Yes
657,https://en.wind-turbine-models.com/turbines/657-siemens-swt-6-0-154,Siemens,Siemens SWT-6.0-154,6000,154,18600,3,,4,25,13,11,Synchronous. PMG,,Cylindrical and/or tapered tubular,360000,,,,,690,50 Hz,,Yes,Yes
1102,https://en.wind-turbine-models.com/turbines/1102-siemens-swt-7-0-154,Siemens,Siemens SWT-7.0-154,7000,154,18600,3,,3,25,13,,synchronous permanent,,steel tube,,,,,,690,50 Hz,,Yes,Yes
1465,https://en.wind-turbine-models.com/turbines/1465-siemens-swt-8-0-154,Siemens,Siemens SWT-8.0-154,8000,154,18600,3,,,25,,,synchronous permanent,,steel tube,,,,,,690,50 Hz,,Yes,Yes
1615,https://en.wind-turbine-models.com/turbines/1615-sinovel-sl1500-70,Sinovel,Sinovel SL1500/70,1500,70,3879,3,65,3,25,11.5,,double fed induction,,steel tube,,,,,,690,50 Hz,,No,Yes
1616,https://en.wind-turbine-models.com/turbines/1616-sinovel-sl1500-77,Sinovel,Sinovel SL1500/77,1500,77,4705,3,65,3,25,11,,double fed induction,,steel tube,,,,,,690,50 Hz,,No,Yes
1617,https://en.wind-turbine-models.com/turbines/1617-sinovel-sl1500-82,Sinovel,Sinovel SL1500/82,1500,82,5398,3,65,3,25,10.5,,double fed induction,,steel tube,,,,,,690,50 Hz,,No,Yes
289,https://en.wind-turbine-models.com/turbines/289-sinovel-sl1500-89,Sinovel,Sinovel SL1500/89,1500,89.4,6280,3,70,3,25,10,,Double Fed Asyn,,,,,,,,690,50 Hz,,No,Yes
1618,https://en.wind-turbine-models.com/turbines/1618-sinovel-sl1500-90,Sinovel,Sinovel SL1500/90,1500,90,6421,3,70,3,22,10,,double fed induction,,steel tube,,,,,,690,50 Hz,,No,Yes
1619,https://en.wind-turbine-models.com/turbines/1619-sinovel-sl1500-93,Sinovel,Sinovel SL1500/93,1500,93,6793,3,70,3,20,9.5,,double fed induction,,steel tube,,,,,,690,50 Hz,,No,Yes
1623,https://en.wind-turbine-models.com/turbines/1623-sinovel-sl2000-100,Sinovel,Sinovel SL2000/100,2000,100,7885,3,80,3,25,10.5,,double fed induction,,steel tube,,,,,,690,50 Hz,,No,Yes
1624,https://en.wind-turbine-models.com/turbines/1624-sinovel-sl2000-110,Sinovel,Sinovel SL2000/110,2000,110,9400,3,80,3,25,9.5,,double fed induction,,steel tube,,,,,,690,50 Hz,,No,Yes
1625,https://en.wind-turbine-models.com/turbines/1625-sinovel-sl2000-116,Sinovel,Sinovel SL2000/116,2000,116,10477,3,80,3,25,9,,double fed induction,,steel tube,,,,,,690,50 Hz,,No,Yes
1626,https://en.wind-turbine-models.com/turbines/1626-sinovel-sl2000-121,Sinovel,Sinovel SL2000/121,2000,121,11518,3,80,3,22,8.7,,double fed induction,,steel tube,,,,,,690,50 Hz,,No,Yes
1627,https://en.wind-turbine-models.com/turbines/1627-sinovel-sl3000-90,Sinovel,Sinovel SL3000/90,3000,90,6358,3,80,3,25,13,,double fed induction,,steel tube,,,,,,690,50/60 Hz,,Yes,Yes
1628,https://en.wind-turbine-models.com/turbines/1628-sinovel-sl3000-105,Sinovel,Sinovel SL3000/105,3000,105,8654,3,80,3,25,12,,double fed induction,,steel tube,,,,,,690,50/60 Hz,,Yes,Yes
41,https://en.wind-turbine-models.com/turbines/41-sinovel-sl3000-113,Sinovel,Sinovel SL3000/113,3000,113,10023,3,90,3,25,11,,double fed induction,,steel tube,,,,,,690,50/60 Hz,,Yes,Yes
1629,https://en.wind-turbine-models.com/turbines/1629-sinovel-sl3000-121,Sinovel,Sinovel SL3000/121,3000,121,11493,3,90,3,10.5,10.5,,double fed induction,,steel tube,,,,,,690,50/60 Hz,,Yes,Yes
290,https://en.wind-turbine-models.com/turbines/290-sinovel-sl5000-128,Sinovel,Sinovel SL5000/128,5000,128,12861,3,100,3.5,25,12.5,,double fed induction,,steel tube,,,,,,6300,50 Hz,,Yes,Yes
1630,https://en.wind-turbine-models.com/turbines/1630-sinovel-sl5000-155,Sinovel,Sinovel SL5000/155,5000,155,18617,3,110,3.5,25,10,,double fed induction,,steel tube,,,,,,6300,50 Hz,,Yes,Yes
1631,https://en.wind-turbine-models.com/turbines/1631-sinovel-sl6000-128,Sinovel,Sinovel SL6000/128,6000,128,12861,3,100,3.5,25,13,,double fed induction,,steel tube,,,,,,6300,50 Hz,,Yes,Yes
1632,https://en.wind-turbine-models.com/turbines/1632-sinovel-sl6000-155,Sinovel,Sinovel SL6000/155,6000,155,18617,3,110,3.5,25,11,,double fed induction,,steel tube,,,,,,6300,50 Hz,,Yes,Yes
2122,https://en.wind-turbine-models.com/turbines/2122-lawson-tancred-aerogenerator,Lawson - Tancred,Lawson - Tancred Aerogenerator,30,17,227,3,12,3,25,8.9,,alternator system with disel generator,,lattice,,,,,,,,1977,No,Yes
477,https://en.wind-turbine-models.com/turbines/477-siva-250-50,Siva,Siva 250/50,250,30,707,3,30,4,25,14,40,Asynchronus,,Steel tube,10500,3900,25500,,39900,415,50 Hz,,No,Yes
1263,https://en.wind-turbine-models.com/turbines/1263-skysails-55-kw-functional-model,SkySails,SkySails 55 kW Functional Model,55,7,20,1,350,,,5,,,,Rope,,,,,3000,,,,Yes,Yes
2742,https://en.wind-turbine-models.com/turbines/2742-skywind-energy-skywind-ng-hawt-downwind,SkyWind Energy,"SkyWind Energy SkyWind NG / HAWT, Downwind",0.6,1.5,1.8,2,11,5.5,20,14,1500,permanent magnet synchronous,,Free-standing. steel. tiltable tubular monopole,,,,,,230,50/60 Hz,,Yes,Yes
1427,https://en.wind-turbine-models.com/turbines/1427-skywind-3-4,SkyWind,SkyWind 3.4,3400,107,8992,2,133.5,,,,17,Squirrel Cage Induction,,steel tube / concret,,,,,,3300,50/60 Hz,2015,Yes,Yes
2058,https://en.wind-turbine-models.com/turbines/2058-skywolf-wind-solar-hybrid,SkyWolf,SkyWolf Wind Solar Hybrid,3.5,2.4,7.7,6,7.6,2.2,,10,,synchronous permanent,,steel tube,,100,,,,,,,No,Yes
228,https://en.wind-turbine-models.com/turbines/228-smedemester-m-lle-birkum,Smedemester Mølle,Smedemester Mølle Birkum,22,10,,,18.5,,,,,,,Lattice,,,,,,,,,No,Yes
672,https://en.wind-turbine-models.com/turbines/672-smedemester-m-lle-borbjerg,Smedemester Mølle,Smedemester Mølle Borbjerg,22,11,95,3,18,,,,,,,,,,,,,,,,No,Yes
997,https://en.wind-turbine-models.com/turbines/997-smedemester-m-lle-hurup-thy-m-lle,Smedemester Mølle,Smedemester Mølle Hurup Thy Mølle,,,,,,,,,,,,,,,,,,,,,No,Yes
880,https://en.wind-turbine-models.com/turbines/880-smedemester-m-lle-m-lle,Smedemester Mølle,Smedemester Mølle Mølle,,,,,,,,,,,,,,,,,,,,,No,Yes
227,https://en.wind-turbine-models.com/turbines/227-smedemester-m-lle-m-n-s-energiservice-i-s,Smedemester Mølle,Smedemester Mølle Møn´s Energiservice I/S,150,21.8,,,24,,,,,,,Lattice,,,,,,,,,No,Yes
663,https://en.wind-turbine-models.com/turbines/663-smedemester-m-lle-pedholt-m-lle,Smedemester Mølle,Smedemester Mølle Pedholt Mølle,,,,,,,,,,,,,,,,,,,,,No,Yes
127,https://en.wind-turbine-models.com/turbines/127-smedemester-m-lle-smedemestermolle,Smedemester Mølle,Smedemester Mølle Smedemestermolle,22,10,78,3,,,,,,induction,,lattice,,,,,,400,50 Hz,1978,No,Yes
253,https://en.wind-turbine-models.com/turbines/253-smedemester-m-lle-s-gren-maskinfabrik-a-s,Smedemester Mølle,Smedemester Mølle Søgren Maskinfabrik A/S,18,11,95,3,18,,,,,,,,,,,,,,,,No,Yes
230,https://en.wind-turbine-models.com/turbines/230-smedemester-m-lle-s-nderh,Smedemester Mølle,Smedemester Mølle Sønderhå,22,10.7,,,18.5,,,,73,,,Lattice,,,,,,,,,No,Yes
1464,https://en.wind-turbine-models.com/turbines/1464-smedemester-m-lle-tjele-m-lle,Smedemester Mølle,Smedemester Mølle Tjele Mølle,11,10,78.5,3,10,,,,,,,lattice,,,,,,,,,No,Yes
229,https://en.wind-turbine-models.com/turbines/229-smedemester-m-lle-ydby,Smedemester Mølle,Smedemester Mølle Ydby,22,10.7,,,18.5,,,,73,,,Lattice,,,,,,,,,No,Yes
990,https://en.wind-turbine-models.com/turbines/990-smedemester-m-lle-ster-vr-gum-m-lle,Smedemester Mølle,Smedemester Mølle Øster Vrøgum Mølle,22,,,3,,,,,,,,concrete tripod,,,,,,,,,No,Yes
700,https://en.wind-turbine-models.com/turbines/700-smedemester-m-lle-h-rby-18,Smedemester Mølle,Smedemester Mølle Hørby 18,18,,,,,,,,,,,,,,,,,,,,No,Yes
25,https://en.wind-turbine-models.com/turbines/25-smith-putnam-prototyp,Smith Putnam,Smith Putnam Prototyp,1250,53,2206.2,2,35.6,8.5,26.5,13.5,28,synchronous,,lattice,,,,8000,,2400,,1941,No,Yes
1374,https://en.wind-turbine-models.com/turbines/1374-solacity-eoltec-scirocco,Solacity,Solacity Eoltec Scirocco,6,5.6,24.6,2,,2.7,,11.5,245,synchronous permanent,,steel tube,200,,,,,240,50/60 Hz,,No,Yes
2439,https://en.wind-turbine-models.com/turbines/2439-solener-2-000,Solener,Solener 2.000,2,2.8,6.2,3,9,2.5,25,11.5,450,permanent magnet,,lattice shape with guys / tripod shape / tubular shape with guys,100,,,,,400,50 Hz,,Yes,Yes
2440,https://en.wind-turbine-models.com/turbines/2440-solener-3-000,Solener,Solener 3.000,3,4,12.8,3,9,2.5,25,11.5,450,permanent magnet,,lattice shape with guys / tripod shape / tubular shape with guys,200,,,,,400,50 Hz,,Yes,Yes
2441,https://en.wind-turbine-models.com/turbines/2441-solener-5-000,Solener,Solener 5.000,5,4.5,15.9,3,9,2.5,25,11,,permanent magnet,,lattice shape with guys / tripod shape / tubular shape with guys,200,,,,,400,50 Hz,,Yes,Yes
2442,https://en.wind-turbine-models.com/turbines/2442-solener-10-000,Solener,Solener 10.000,10,5.1,20,3,9,2.5,25,12,,permanent magnet,,lattice shape with guys / tripod shape / tubular shape with guys,200,,,,,400,50 Hz,,Yes,Yes
2443,https://en.wind-turbine-models.com/turbines/2443-solener-15-000,Solener,Solener 15.000,15,6.8,36,3,9,2.5,25,13,,permanent magnet,,lattice shape with guys / tripod shape / tubular shape with guys,300,,,,,400,50 Hz,,Yes,Yes
2438,https://en.wind-turbine-models.com/turbines/2438-solener-1-000,Solener,Solener 1.000,1,2.4,4.6,3,9,2.5,25,11,450,permanent magnet,,lattice shape with guys / tripod shape / tubular shape with guys,100,,,,,400,50 Hz,,Yes,Yes
1474,https://en.wind-turbine-models.com/turbines/1474-solid-wind-swp-19-8,Solid Wind,Solid Wind SWP-19.8,19.8,14,154,3,18,3,25,10,50,induction,,steel tube,1500,400,,,,400,50 Hz,,No,Yes
1475,https://en.wind-turbine-models.com/turbines/1475-solid-wind-swp-20,Solid Wind,Solid Wind SWP-20,20,14,154,3,18,3,25,10,50,induction,,,1350000,400,,,,400,50 Hz,,No,Yes
995,https://en.wind-turbine-models.com/turbines/995-solid-wind-swp-25-14,Solid Wind,Solid Wind SWP-25 / 14,25,14,154,3,18,3,25,11,50,Asynchronus,,Steel tube,1500,400,,,,400,50.0 Hz,,No,Yes
2747,https://en.wind-turbine-models.com/turbines/2747-solid-wind-swp-25-16,Solid Wind,Solid Wind SWP-25 / 16,25,16,199.8,3,15,3.5,25,11.5,50,,,steel tube,1500,500,2800,,4800,,,,No,Yes
2126,https://en.wind-turbine-models.com/turbines/2126-solutions-4-energy-30k16,Solutions 4 Energy,Solutions 4 Energy 30K16,30,15.9,199.6,3,22,3,19,10,74,synchronus,,steel tube / lattice,3500,,,,,400,50 Hz,2018,No,Yes
2127,https://en.wind-turbine-models.com/turbines/2127-solutions-4-energy-30k20,Solutions 4 Energy,Solutions 4 Energy 30K20,30,19.5,299.9,3,22,3,15,9,70,synchronus,,steel tube / lattice,3600,,,,,400,50 Hz,,No,Yes
2179,https://en.wind-turbine-models.com/turbines/2179-sonebjerg-sm-22,Sonebjerg,Sonebjerg SM 22,22,10,78.5,3,12,,,,,asynchronous,,lattice,,,,,,,,,No,Yes
1276,https://en.wind-turbine-models.com/turbines/1276-sonebjerg-sm-30,Sonebjerg,Sonebjerg SM 30,30,10,78.5,3,18,,,,,asynchronous,,lattice,,,,,,400,50 Hz,,No,Yes
2180,https://en.wind-turbine-models.com/turbines/2180-sonebjerg-sm-45,Sonebjerg,Sonebjerg SM 45,45,12,113,3,12,,,,,asynchronous,,lattice,,,,,,,,,No,Yes
2181,https://en.wind-turbine-models.com/turbines/2181-sonebjerg-sm-55,Sonebjerg,Sonebjerg SM 55,55,14,154,3,12,,,,,asynchronous,,lattice,,,,,,,,,No,Yes
454,https://en.wind-turbine-models.com/turbines/454-swl-gwl-225-40,SWL,SWL GWL 225/40,225,29.8,698,3,43.7,4,25,15,37.5,Asynchronus,,Steel tube,,,,,,400,50 Hz,,No,Yes
1334,https://en.wind-turbine-models.com/turbines/1334-soyut-soyut-wind-1,Soyut,Soyut Soyut Wind 1,1,2.6,5.3,3,8,3,40,12,,synchronous permanent,,steel tube,,,,,,48,50 Hz,,No,Yes
1333,https://en.wind-turbine-models.com/turbines/1333-soyut-soyut-wind-3,Soyut,Soyut Soyut Wind 3,3,4.5,16,3,8,3,40,12,,synchronous permanent,,steel tube,,,,,,48,50 Hz,,No,Yes
1332,https://en.wind-turbine-models.com/turbines/1332-soyut-soyut-wind-5,Soyut,Soyut Soyut Wind 5,5,5.8,26.6,3,10,3,25,12,,synchronous permanent,,steel tube,,,,,,48,50 Hz,,No,Yes
1331,https://en.wind-turbine-models.com/turbines/1331-soyut-soyut-wind-10,Soyut,Soyut Soyut Wind 10,10,8.2,53.2,3,12,3,25,12,,synchronous permanent,,steel tube,,,,,,48,50 Hz,,No,Yes
1330,https://en.wind-turbine-models.com/turbines/1330-soyut-soyut-wind-20,Soyut,Soyut Soyut Wind 20,20,11.6,106.4,3,18,3,25,12,,synchronous permanent,,steel tube,,,,,,48,50 Hz,,No,Yes
1329,https://en.wind-turbine-models.com/turbines/1329-soyut-soyut-wind-30,Soyut,Soyut Soyut Wind 30,30,11.6,106.4,3,18,3,25,12.5,,synchronous permanent,,steel tube,,,,,,48,50 Hz,,No,Yes
1328,https://en.wind-turbine-models.com/turbines/1328-soyut-soyut-wind-50,Soyut,Soyut Soyut Wind 50,50,15,156,3,20,3,25,12,,induction,,steel tube,,,,,,400,50 Hz,,No,Yes
1327,https://en.wind-turbine-models.com/turbines/1327-soyut-soyut-wind-100,Soyut,Soyut Soyut Wind 100,100,26,532,3,40,3,25,12,,induction,,steel tube,,,,,,400,50 Hz,,No,Yes
1326,https://en.wind-turbine-models.com/turbines/1326-soyut-soyut-wind-200,Soyut,Soyut Soyut Wind 200,200,36.8,1064,3,45,3,25,12,,induction,,steel tube,,,,,,400,50 Hz,,No,Yes
1325,https://en.wind-turbine-models.com/turbines/1325-soyut-soyut-wind-250,Soyut,Soyut Soyut Wind 250,250,41.2,1330,3,45,3,25,12,,induction,,steel tube,,,,,,400,50 Hz,,No,Yes
1324,https://en.wind-turbine-models.com/turbines/1324-soyut-soyut-wind-500,Soyut,Soyut Soyut Wind 500,500,39.2,1208,3,50,3,25,12,,induction,,steel tube,,,,,,400,50 Hz,,No,Yes
1323,https://en.wind-turbine-models.com/turbines/1323-soyut-soyut-wind-1000,Soyut,Soyut Soyut Wind 1000,1000,55.5,2415,3,65,3,25,12,,induction,,steel tube,,,,,,400,50 Hz,,No,Yes
1322,https://en.wind-turbine-models.com/turbines/1322-soyut-soyut-wind-1650,Soyut,Soyut Soyut Wind 1650,1650,65.5,3365,3,65,4,25,12,,induction,,steel tube,,,,,,690,50 Hz,,No,Yes
2526,https://en.wind-turbine-models.com/turbines/2526-soyut-soyut-wind-2000,Soyut,Soyut Soyut Wind 2000,2000,88,6082,3,,4,25,12,,,,steel tube,,,,,,,,,No,Yes
1011,https://en.wind-turbine-models.com/turbines/1011-s-gren-maskinfabrik-s-gren,Søgren Maskinfabrik,Søgren Maskinfabrik Søgren,18,11,95,3,18,,,,,asynchronous,,steel tube,,,,,,,,1986,No,Yes
463,https://en.wind-turbine-models.com/turbines/463-src-green-power-src-31-250,SRC Green Power,SRC Green Power SRC 31-250,250,31,755,3,30,4,25,13,41.2,Asynchronus,,Steel tube,8500,5500,32000,,46000,400,50 Hz,,No,Yes
1721,https://en.wind-turbine-models.com/turbines/1721-stokm-llen-savm-llen,Stokmøllen,Stokmøllen Savmøllen,,,,6,,,,,,,,,,,,,,,,2013,No,Yes
2369,https://en.wind-turbine-models.com/turbines/2369-stokm-llen-sterklit,Stokmøllen,Stokmøllen Østerklit,,,,,,,,,,,,,,,,,,,,1677,No,Yes
1608,https://en.wind-turbine-models.com/turbines/1608-stoma-st-k60-d22,Stoma,Stoma ST-K60/D22,60,21.8,373,3,33.5,2.5,25,9.8,60,permanent magnets,,steel tube,5300,,,,,300,22.9 Hz,,No,Yes
1609,https://en.wind-turbine-models.com/turbines/1609-stoma-st-k100-d22,Stoma,Stoma ST-K100/D22,100,22,380,3,35,2.5,25,8.5,45,permanent magnets,,steel tube,5300,,,,,400,30 Hz,,No,Yes
1610,https://en.wind-turbine-models.com/turbines/1610-stoma-st-k200-d32,Stoma,Stoma ST-K200/D32,200,32,804,3,47,2.5,25,9.3,30,permanent magnets,,steel tube,15700,,,,,400,50 Hz,,No,Yes
1031,https://en.wind-turbine-models.com/turbines/1031-stork-newecs-25,STORK,STORK NEWECS-25,300,26.5,552,2,22,,,,72,,,steel tube,10000,3000,28000,600,41000,,,1985,No,Yes
1558,https://en.wind-turbine-models.com/turbines/1558-stork-hat-25-experimental-machine,STORK,STORK HAT-25 experimental machine,300,25,490.9,2,22,6,18,,45,direct current,,hybrid / steel tower with concrete bottom tower,,,,,,720,50 Hz,1980,No,Yes
1032,https://en.wind-turbine-models.com/turbines/1032-stork-newecs-45,STORK,STORK NEWECS-45,1000,45,1590,2,60,,,,45,,,steel tube,29000,6000,65000,2500,100000,,,1988,No,Yes
547,https://en.wind-turbine-models.com/turbines/547-storm-master-storm-master-model-12,Storm Master,Storm Master Storm Master Model 12,40,12,113,3,,,,,132,,,Lattice,,,,,,,,,No,Yes
1242,https://en.wind-turbine-models.com/turbines/1242-stx-windpower-stx-72-1-5-mw,stx Windpower,stx Windpower STX 72 1.5 MW,1500,70.7,3920,3,65,3,25,13,18.5,synchronous permanent,,steel tube,,,,,,690,50 Hz,,Yes,Yes
1241,https://en.wind-turbine-models.com/turbines/1241-stx-windpower-stx-72-2-mw,stx Windpower,stx Windpower STX 72 2 MW,2000,70.7,3920,3,65,3,25,13,22.5,synchronous permanent,,steel tube,,,,,,690,50 Hz,,Yes,Yes
1243,https://en.wind-turbine-models.com/turbines/1243-stx-windpower-stx-93-2-mw,stx Windpower,stx Windpower STX 93 2 MW,2000,93,6792.9,3,80,3,20,11,16.5,synchronous permanent,,steel tube,,,,,,690,50 Hz,,Yes,Yes
356,https://en.wind-turbine-models.com/turbines/356-suedwind-thg-5,Südwind,Südwind THG 5,5,3.4,9,5,,4,,15,375,induction,,,,,,,,380,50.0 Hz,1982,No,Yes
29,https://en.wind-turbine-models.com/turbines/29-suedwind-s-46,Südwind,Südwind S-46,750,46,1662,3,51.5,3,25,15.5,35,asynchronous,,steel tube,,11000,,,,690,50.0 Hz,,No,Yes
1062,https://en.wind-turbine-models.com/turbines/1062-suedwind-s-46,Südwind,Südwind S-46,600,46,1662,3,51.5,3,25,11,32,induction,,steel tube,18000,11000,65000,1600,94000,690,50 Hz,1997,No,Yes
2297,https://en.wind-turbine-models.com/turbines/2297-suedwind-s-48,Südwind,Südwind S-48,600,48,1809.6,3,74,3,25,10,30,induction,,steel tube,18000,12000,65000,1800,95000,690,50 Hz,1998,No,Yes
718,https://en.wind-turbine-models.com/turbines/718-suedwind-s-50-p,Südwind,Südwind S-50 P,800,50,1964,3,46,2.5,25,15,23.8,Asynchronus,,Steel tube,23600,16000,89000,,128600,690,50 Hz,,No,Yes
31,https://en.wind-turbine-models.com/turbines/31-suedwind-s-70,Südwind,Südwind S-70,1500,70,3848,3,65,3,25,11.6,19,Double Fed Asyn,,Steel tube/Lattice,56000,32000,165000,5900,,690,50 Hz,,No,Yes
1165,https://en.wind-turbine-models.com/turbines/1165-suedwind-s-70-special-nacelle,Südwind,Südwind S-70 (special nacelle),1500,70,3848,3,65,3,25,13,19,double fed induction,,steel tube / lattice,,32000,,,,690,50/60 Hz,,No,Yes
405,https://en.wind-turbine-models.com/turbines/405-suedwind-s-77,Südwind,Südwind S-77,1500,77,4657,3,62,3,25,11.1,17.3,Double Fed Asyn,,Steel tube/Lattice,56000,32000,260000,,,690,50 Hz,,No,Yes
691,https://en.wind-turbine-models.com/turbines/691-suedwind-n-710,Südwind,Südwind N 710,10,7,38.5,3,,,,,,,,,,,,,,380,50 Hz,,No,Yes
33,https://en.wind-turbine-models.com/turbines/33-suedwind-n-715,Südwind,Südwind N 715,15,7,38,3,18,3,,,,,,,,,,,,,,,No,Yes
1079,https://en.wind-turbine-models.com/turbines/1079-suedwind-n-1230,Südwind,Südwind N 1230,30,12.5,123,3,18.5,3,30,12,73,asynchronous,,steel tube,1500,,2000,0,4000,400,50.0 Hz,,No,Yes
1080,https://en.wind-turbine-models.com/turbines/1080-suedwind-n-1237,Südwind,Südwind N 1237,37,12.5,122.7,3,18.5,3,30,12,73,asynchronous,,steel tube,1500,,2000,0,4000,400,50 Hz,,No,Yes
1081,https://en.wind-turbine-models.com/turbines/1081-suedwind-n-1245,Südwind,Südwind N 1245,45,12.5,122.7,3,18.5,3,30,12,89,asynchronous,,steel tube,1500,,2000,0,4000,400,50 Hz,,No,Yes
30,https://en.wind-turbine-models.com/turbines/30-suedwind-n-3127,Südwind,Südwind N 3127,270,31.4,774,3,41.7,3,25,13,32,Asynchronus,,steel tower,13000,5000,34000,1200,52000,400,50.0 Hz,,No,Yes
410,https://en.wind-turbine-models.com/turbines/410-suedwind-n-3330,Südwind,Südwind N 3330,300,33.4,876,3,40,3,25,13,32,Asynchronus,,Steel tube,13000,7000,34000,1200,54000,690,50.0 Hz,,No,Yes
411,https://en.wind-turbine-models.com/turbines/411-suedwind-n-3335,Südwind,Südwind N 3335,350,33.4,876,3,41.7,4,25,14,32,Asynchronus,,Steel tube,13000,,34000,1200,53000,690,50.0 Hz,,No,Yes
417,https://en.wind-turbine-models.com/turbines/417-suedwind-n-4660,Südwind,Südwind N 4660,600,45.8,1647,3,51.5,3.5,35,12,35,Asynchronus,,Steel tube,21000,,67000,1500,,525,50 Hz,,No,Yes
2625,https://en.wind-turbine-models.com/turbines/2625-sumitomo-5kw,Sumitomo,Sumitomo 5kW,5,8,50.3,2,15,3.5,,8,200,,,steel tube,,,,,,,,1983,No,Yes
2145,https://en.wind-turbine-models.com/turbines/2145-superwind-sw-350,superwind,superwind SW 350,0.4,1.2,1.1,3,,3.5,,12.5,1300,.permanent magnet 3-phase with rectifier magnets Neodymium,,,,,,,,24,,,Yes,Yes
2720,https://en.wind-turbine-models.com/turbines/2720-superwind-sw-350-ii,superwind,superwind SW 350-II,0.4,1.2,1.1,3,3,3.5,35,12.5,1300,permanent magnet. 3-phase with rectifier. Neodymium magnets,,steel tube,,,,,0,48,50/60 Hz,,Yes,Yes
2721,https://en.wind-turbine-models.com/turbines/2721-superwind-sw-353,superwind,superwind SW 353,0.4,1.2,1.1,3,3,3.5,35,12.5,1300,permanent magnet. 3-phase. with rectifier. Neodymium magnets,,steel tube,,,,,0,48,50/60 Hz,,Yes,Yes
1798,https://en.wind-turbine-models.com/turbines/1798-superwind-1250,superwind,superwind 1250,1.3,2.4,4.5,3,,3,,11.5,600,permanent magnet. 3-phase. Neodymium magnets,,steel tube /lattice,,,,,,48,50/60 Hz,,Yes,Yes
1371,https://en.wind-turbine-models.com/turbines/1371-suzlon-s-111-2100,Suzlon,Suzlon S 111-2100,2100,111.8,9852,3,90,3,21,12.5,,Double fed induction,,steel tube / hybrid lattice or concrete,,,,,,,50/60 Hz,,No,Yes
1925,https://en.wind-turbine-models.com/turbines/1925-suzlon-s-120,Suzlon,Suzlon S 120,2100,120,11225,3,90,3,18,9.5,14.5,Doubly-fed induction (DFIG),,steel tube / hydrid lattice or concrete,,,,,,690,50 Hz,,No,Yes
1844,https://en.wind-turbine-models.com/turbines/1844-suzlon-s-128-2600,Suzlon,Suzlon S 128-2600,2600,128,12868,3,90,,,,,Doubly Fed Induction,,,,,,,,,50/60 Hz,2018,No,Yes
1922,https://en.wind-turbine-models.com/turbines/1922-suzlon-s-128-2700,Suzlon,Suzlon S 128-2700,2700,129,13070,3,140000,3,20,9.5,,slip ring asynchronous,,steel tube / hybrid lattice / hybrid concrete,,,,,,,50/60 Hz,,No,Yes
1845,https://en.wind-turbine-models.com/turbines/1845-suzlon-s-128-2800,Suzlon,Suzlon S 128-2800,2800,128,12868,3,90,,,,,Doubly Fed Induction,,,,,,,,,50/60 Hz,2018,No,Yes
1924,https://en.wind-turbine-models.com/turbines/1924-suzlon-s-146,Suzlon,Suzlon S 146,4200,146,16742,3,105,3,20,9,,slip ring asynchronous,,steel tube / hybrid lattice or concrete,,,,,,,50/60 Hz,,No,Yes
1923,https://en.wind-turbine-models.com/turbines/1923-suzlon-s-154,Suzlon,Suzlon S 154,4200,154,18627,3,105,3,20,9.5,,slip ring asynchronous,,steel tube / hydrid lattice or concrete,,,,,,,50/60 Hz,,No,Yes
465,https://en.wind-turbine-models.com/turbines/465-suzlon-s-33-350,Suzlon,Suzlon S 33-350,350,33.4,876.1,3,50,3.5,25,14,32,Asynchronus,,Lattice,,,,,,400,50 Hz,,No,Yes
467,https://en.wind-turbine-models.com/turbines/467-suzlon-s-52-600,Suzlon,Suzlon S 52-600,600,52,2124,3,75,4,25,13,28.3,Asynchronus,,Lattice,,,,,,690,50.0 Hz,,No,Yes
468,https://en.wind-turbine-models.com/turbines/468-suzlon-s-60-1000,Suzlon,Suzlon S 60-1000,1000,60,2826,3,65,3,25,13,22.9,Asynchronus,,Steel tube/Lattice,,,,,,690,50 Hz,,No,Yes
469,https://en.wind-turbine-models.com/turbines/469-suzlon-s-60-1250,Suzlon,Suzlon S 60-1250,1250,60,2828,3,65,3,25,14,20.8,Asynchronus,,Steel tube/Lattice,,,,,,690,50 Hz,,No,Yes
470,https://en.wind-turbine-models.com/turbines/470-suzlon-s-62-1000,Suzlon,Suzlon S 62-1000,1000,62,3019,3,65,3,25,13,22.9,Asynchronus,,Steel tube/Lattice,,,,,,690,50 Hz,,No,Yes
466,https://en.wind-turbine-models.com/turbines/466-suzlon-s-64-950,Suzlon,Suzlon S 64-950,950,64,3218,3,65,3,25,11,20.8,Asynchronus,,Steel tube,,,,,,690,50 Hz,,No,Yes
471,https://en.wind-turbine-models.com/turbines/471-suzlon-s-64-1000,Suzlon,Suzlon S 64-1000,1000,64,3217,3,65,3,25,11,20.8,Asynchronus,,Steel tube/Lattice,,,,,,690,50 Hz,,No,Yes
472,https://en.wind-turbine-models.com/turbines/472-suzlon-s-64-1250,Suzlon,Suzlon S 64-1250,1250,64,3217,3,74.5,4,25,12,20.6,Asynchronus,,Steel tube,,,,,,690,50 Hz,,No,Yes
97,https://en.wind-turbine-models.com/turbines/97-suzlon-s-66-1250,Suzlon,Suzlon S 66-1250,1250,66,3421,3,74.5,4,20,12,20.6,Asynchronus,,Steel tube,,,,,,690,50.0 Hz,,No,Yes
473,https://en.wind-turbine-models.com/turbines/473-suzlon-s-82-1500,Suzlon,Suzlon S 82-1500,1500,82,5281,3,78.5,4,20,12,18.4,Asynchronus,,Steel tube,,,,,,690,50.0 Hz,,No,Yes
476,https://en.wind-turbine-models.com/turbines/476-suzlon-s-88-2000,Suzlon,Suzlon S 88-2000,2000,88,6082,3,80,4,25,14,15.5,Asynchronus,,Steel tube,,,,,,690,50 Hz,,No,Yes
95,https://en.wind-turbine-models.com/turbines/95-suzlon-s-88-2100,Suzlon,Suzlon S 88-2100,2100,88,6082,3,80,4,25,14,15.5,Asynchronus,,Steel tube,,,,,,690,50.0 Hz,,No,Yes
474,https://en.wind-turbine-models.com/turbines/474-suzlon-s-95-2100,Suzlon,Suzlon S 95-2100,2100,95,7085,3,80,3.5,25,11,,Asynchronus,,Steel tube,,,,,,690,50/60 Hz,,No,Yes
475,https://en.wind-turbine-models.com/turbines/475-suzlon-s-97-2100,Suzlon,Suzlon S 97-2100,2100,97,7386,3,80,3.5,20,11,,Asynchronus,,Steel tube,,,,,,690,50/60 Hz,,No,Yes
1672,https://en.wind-turbine-models.com/turbines/1672-svecom-svecom-wind-60-18,Svecom,Svecom SVECOM WIND 60-18,59,18,255,3,24,3,25,10.5,60,synchronous permanent,,polygonal pole,,,,,,400,50 Hz,,No,Yes
1673,https://en.wind-turbine-models.com/turbines/1673-svecom-svecom-wind-60-23,Svecom,Svecom SVECOM WIND 60-23,59,23,415,3,24,2.5,25,9.5,60,synchronous permanent,,polygonal pole,,,,,,400,50 Hz,,No,Yes
1674,https://en.wind-turbine-models.com/turbines/1674-svecom-svecom-wind-100-23,Svecom,Svecom SVECOM WIND 100-23,100,23,415,3,30,3,25,12,60,synchronous permanent,,polygonal with several sections,,,,,,400,50 Hz,,No,Yes
1373,https://en.wind-turbine-models.com/turbines/1373-united-energies-ue-1-65,United Energies,United Energies UE 1.65,1650,82,5365,3,71,3,25,15,18,synchronous multipole,,steel tube,,,,,,690,50 Hz,,No,Yes
261,https://en.wind-turbine-models.com/turbines/261-tacke-tw-1-5i,Tacke,Tacke TW 1.5i,1500,65,3318,3,67,4,25,13,20,Asynchronus,,Steel tube,68000,,130000,,,690,50.0 Hz,,No,Yes
27,https://en.wind-turbine-models.com/turbines/27-tacke-tw-1-5s,Tacke,Tacke TW 1.5s,1500,70.5,3902,,64.7,3,25,12,20,,,conical tubular steel,,,,,,,,,No,Yes
28,https://en.wind-turbine-models.com/turbines/28-tacke-tw-2-0,Tacke,Tacke TW 2.0,2000,70.5,3904,,65,4,25,13,23,,,Steel tube,50000,30000,75000,,,690,,,No,Yes
1398,https://en.wind-turbine-models.com/turbines/1398-tacke-tw-45,Tacke,Tacke TW 45,45,12.5,122.7,3,24,3,20,12.5,72,induction,,steel tube,3200,2800,7000,800,13000,380,50 Hz,,No,Yes
262,https://en.wind-turbine-models.com/turbines/262-tacke-tw-60,Tacke,Tacke TW 60,60,17.5,240.5,3,30,2.5,25,12,49,Asynchron Polumschaltbar,,,,,,,18000,400,50 Hz,1990,No,Yes
263,https://en.wind-turbine-models.com/turbines/263-tacke-tw-80,Tacke,Tacke TW 80,80,21,346,3,40,3,25,11.5,40,Asynchronus,,Steel tube,4500,,22000,500,30000,400,50.0 Hz,,No,Yes
1644,https://en.wind-turbine-models.com/turbines/1644-tacke-tw-150,Tacke,Tacke TW 150,150,21,346.4,3,15,,,,63,induction,,lattice / steel tube,10000,,7700,,,,,1985,No,Yes
1885,https://en.wind-turbine-models.com/turbines/1885-tacke-wr-150,Tacke,Tacke WR 150,150,21,346.4,3,15,,,,,induction 150/50kW,,lattice,10000,,7700,,,,,1985,No,Yes
527,https://en.wind-turbine-models.com/turbines/527-tacke-tw-250,Tacke,Tacke TW 250,250,24.7,531,3,30,3,25,14,46,Asynchronus,,Steel tube,,,68000,800,,400,50.0 Hz,,No,Yes
381,https://en.wind-turbine-models.com/turbines/381-tacke-tw-300,Tacke,Tacke TW 300,300,33,855,3,40,3,25,14,34.6,Asynchronus,,Steel tube,13000,,39000,1000,57000,400,50.0 Hz,,No,Yes
919,https://en.wind-turbine-models.com/turbines/919-tacke-tw-500,Tacke,Tacke TW 500,500,36,1015,3,40,3,25,13,31,induction,,Steel tube,34000,,35000,5100,74100,690,50.0 Hz,,No,Yes
26,https://en.wind-turbine-models.com/turbines/26-tacke-tw-600,Tacke,Tacke TW 600,600,43,1452,3,50,3,25,14.5,27,Asynchronus,,Tubular Steel,32500,18000,55000,1900,105500,690,50.0 Hz,,No,Yes
338,https://en.wind-turbine-models.com/turbines/338-tacke-tw-600a,Tacke,Tacke TW 600a,600,46,1662,3,50,3,20,13,25,induction,,steel tube,,,,,,690,50 Hz,,No,Yes
418,https://en.wind-turbine-models.com/turbines/418-tacke-tw-600e,Tacke,Tacke TW 600e,600,46,1661,3,60,3,20,13.5,24,Asynchronus,,Steel tube,33000,,61000,1900,,690,50 Hz,,No,Yes
979,https://en.wind-turbine-models.com/turbines/979-tacke-tz-750,Tacke,Tacke TZ 750,750,50,1963,3,55,4,25,11.3,32,Double Fed Asyn,,Steel tube,21000,14500,49000,,85000,690,50 Hz,,No,Yes
2278,https://en.wind-turbine-models.com/turbines/2278-tyhi-taiyuan-tz1500-77,TYHI - Taiyuan,TYHI - Taiyuan TZ1500/77,1500,77,4657,3,70,3,25,11.2,,double fed induction,,steel tube,,,,,,,50 Hz,,No,Yes
2279,https://en.wind-turbine-models.com/turbines/2279-tyhi-taiyuan-tz1500-82,TYHI - Taiyuan,TYHI - Taiyuan TZ1500/82,1500,82,5281,3,75,3,25,10.4,,double fed induction,,steel tube,,,,,,,50 Hz,,No,Yes
2280,https://en.wind-turbine-models.com/turbines/2280-tyhi-taiyuan-tz1500-87,TYHI - Taiyuan,TYHI - Taiyuan TZ1500/87,1500,87,5945,3,80,3,22,10.1,,double fed induction,,steel tube,,,,,,,50 Hz,,No,Yes
2281,https://en.wind-turbine-models.com/turbines/2281-tyhi-taiyuan-tz1500-93,TYHI - Taiyuan,TYHI - Taiyuan TZ1500/93,1500,93,6793,3,80,3,22,9.5,,double fed induction,,steel tube,,,,,,,50 Hz,,No,Yes
2282,https://en.wind-turbine-models.com/turbines/2282-tyhi-taiyuan-tz1500-100,TYHI - Taiyuan,TYHI - Taiyuan TZ1500/100,1500,100,7854,3,90,3,18,8.9,,double fed induction,,steel tube,,,,,,,50 Hz,,No,Yes
2271,https://en.wind-turbine-models.com/turbines/2271-tyhi-taiyuan-tz2000-87,TYHI - Taiyuan,TYHI - Taiyuan TZ2000/87,2000,87,5945,3,70,3,25,11.2,,double fed induction,,steel tube,,,,,,,50 Hz,,No,Yes
2272,https://en.wind-turbine-models.com/turbines/2272-tyhi-taiyuan-tz2000-93,TYHI - Taiyuan,TYHI - Taiyuan TZ2000/93,2000,93,6793,3,80,3,25,11.1,,double fed induction,,steel tube,,,,,,,50 Hz,,No,Yes
2273,https://en.wind-turbine-models.com/turbines/2273-tyhi-taiyuan-tz2000-100,TYHI - Taiyuan,TYHI - Taiyuan TZ2000/100,2000,100,7854,3,80,3,25,9.9,,double fed induction,,steel tube,,,,,,,50 Hz,,No,Yes
2274,https://en.wind-turbine-models.com/turbines/2274-tyhi-taiyuan-tz2000-105,TYHI - Taiyuan,TYHI - Taiyuan TZ2000/105,2000,105,8659,3,80,3,25,9.7,,double fed induction,,steel tube,,,,,,,50 Hz,,No,Yes
2275,https://en.wind-turbine-models.com/turbines/2275-tyhi-taiyuan-tz2000-110,TYHI - Taiyuan,TYHI - Taiyuan TZ2000/110,2000,110,9503,3,80,3,22,9.4,,double fed induction,,steel tube,,,,,,,50 Hz,,No,Yes
2276,https://en.wind-turbine-models.com/turbines/2276-tyhi-taiyuan-tz2000-116,TYHI - Taiyuan,TYHI - Taiyuan TZ2000/116,2000,116,10568,3,80,3,22,8.9,,double fed induction,,steel tube,,,,,,,50 Hz,,No,Yes
2277,https://en.wind-turbine-models.com/turbines/2277-tyhi-taiyuan-tz2000-120,TYHI - Taiyuan,TYHI - Taiyuan TZ2000/120,2000,120,11310,3,5,3,22,8.7,,double fed induction,,steel tube,,,,,,,50 Hz,,No,Yes
2269,https://en.wind-turbine-models.com/turbines/2269-tyhi-taiyuan-tz2500-122,TYHI - Taiyuan,TYHI - Taiyuan TZ2500/122,2500,122,11690,3,90,3,22,9.3,,double fed induction,,steel tube,,,,,,,50 Hz,,No,Yes
2270,https://en.wind-turbine-models.com/turbines/2270-tyhi-taiyuan-tz2500-133,TYHI - Taiyuan,TYHI - Taiyuan TZ2500/133,2500,133,13893,3,90,3,22,8.8,,double fed induction,,steel tube,,,,,,,50 Hz,,No,Yes
1586,https://en.wind-turbine-models.com/turbines/1586-tyhi-taiyuan-tz3000-104,TYHI - Taiyuan,TYHI - Taiyuan TZ3000/104,3000,104,8495,3,85,3,25,11.5,,permanent magnet,,steel tube,,,,,,,50 Hz,,No,Yes
1587,https://en.wind-turbine-models.com/turbines/1587-tyhi-taiyuan-tz3000-113,TYHI - Taiyuan,TYHI - Taiyuan TZ3000/113,3000,113,10029,3,90,3,25,10.8,,permanent magnet,,steel tube,,,,,,,50 Hz,,No,Yes
1588,https://en.wind-turbine-models.com/turbines/1588-tyhi-taiyuan-tz3000-120,TYHI - Taiyuan,TYHI - Taiyuan TZ3000/120,3000,120,11310,3,,3,25,10,,permanent magnet,,steel tube,,,,,,,50 Hz,,No,Yes
2268,https://en.wind-turbine-models.com/turbines/2268-tyhi-taiyuan-tz3000-140,TYHI - Taiyuan,TYHI - Taiyuan TZ3000/140,3000,140,15394,3,100,3,22,9.1,,permanent magnet,,steel tube,,,,,,,50 Hz,,No,Yes
1584,https://en.wind-turbine-models.com/turbines/1584-tyhi-taiyuan-tz5000-128,TYHI - Taiyuan,TYHI - Taiyuan TZ5000/128,5000,128,12867,3,90,3,25,12,,permanent magnet,,steel tube,,,,,,,50 Hz,,Yes,Yes
1585,https://en.wind-turbine-models.com/turbines/1585-tyhi-taiyuan-tz5000-153,TYHI - Taiyuan,TYHI - Taiyuan TZ5000/153,5000,153,18385,3,105,3,25,10.3,,Permanent magnet,,steel tube,,,,,,,50 Hz,,Yes,Yes
2267,https://en.wind-turbine-models.com/turbines/2267-tyhi-taiyuan-tz6000-154,TYHI - Taiyuan,TYHI - Taiyuan TZ6000/154,6000,154,18627,3,100,3,25,12,,permanent magnet,,steel tube,,,,,,,50 Hz,,Yes,Yes
2283,https://en.wind-turbine-models.com/turbines/2283-tyhi-taiyuan-tz8000-168,TYHI - Taiyuan,TYHI - Taiyuan TZ8000/168,8000,168,22167,,,,,,,,,,,,,,,,,,Yes,Yes
2284,https://en.wind-turbine-models.com/turbines/2284-tyhi-taiyuan-tz8000-182,TYHI - Taiyuan,TYHI - Taiyuan TZ8000/182,8000,182,26016,,,,,,,,,,,,,,,,,,Yes,Yes
1045,https://en.wind-turbine-models.com/turbines/1045-teco-tfc2000,TECO,TECO TFC2000,2000,80,,3,70,3.5,25,12.5,,synchronus permanent,,steel tube,,,,,,,,,No,Yes
673,https://en.wind-turbine-models.com/turbines/673-tellus-t-1780,Tellus,Tellus T-1780,80,17,227,3,23.4,3,28,14,54,induction,,steel tube/lattice,4100,1300,9500,,14900,380,50 Hz,,No,Yes
168,https://en.wind-turbine-models.com/turbines/168-tellus-t-1995,Tellus,Tellus T-1995,95,19,238.5,3,28,,,,,,,Lattice,,,,,,,,,No,Yes
845,https://en.wind-turbine-models.com/turbines/845-the-wind-factory-twf-15,The Wind Factory,The Wind Factory TWF 15,80,15,255,2,15,3,25,12,120,Synchronous permanent,,Steel tube/Lattice,,,,,,400,50 Hz,,No,Yes
630,https://en.wind-turbine-models.com/turbines/630-the-wind-factory-twf-18,The Wind Factory,The Wind Factory TWF 18,80,18,255,2,18,3,25,12,120,Synchronous permanent,,Steel tube/Lattice,,,,,,400,50 Hz,,No,Yes
2134,https://en.wind-turbine-models.com/turbines/2134-wind-turbine-company-wtc-100,Wind Turbine Company,Wind Turbine Company WTC 100,100,26,530,2,50000,2.5,20,11,,single speed induction,,Free standing tubular,,,,,,,,2000,No,Yes
254,https://en.wind-turbine-models.com/turbines/254-thym-llen-twp40-6,THYmøllen,THYmøllen TWP40-6,6,7.1,38.5,3,21.4,4,25,8,98,asynkron,,Gitter mast,900,,2500,,,400,50.0 Hz,,No,Yes
2493,https://en.wind-turbine-models.com/turbines/2493-thym-llen-twp40-10,THYmøllen,THYmøllen TWP40-10,10,7.1,40,3,21.4,3,25,,105,induction,,lattice,1000,,2800,,,690,50 Hz,,No,Yes
1049,https://en.wind-turbine-models.com/turbines/1049-tornado-wind-ltd-tornado-500,Tornado Wind Ltd.,Tornado Wind Ltd. Tornado 500,0.5,2.1,3.5,2,10,3.6,30,11,,synchronus permanent,,lattice,,,,,,100,50 Hz,1981,No,Yes
1602,https://en.wind-turbine-models.com/turbines/1602-tozzi-green-victory-16-20,Tozzi Green,Tozzi Green Victory 16-20,19.9,16,201,3,24,2.5,20,7.4,,Synchronous generator with permanent magnets,,steel tube,,,,,,400,50 Hz,,No,Yes
1603,https://en.wind-turbine-models.com/turbines/1603-tozzi-green-victory-19-20,Tozzi Green,Tozzi Green Victory 19-20,19.9,19,283.5,3,24,2.5,16,6.6,,Synchronous generator with permanent magnets,,steel tube,,,,,,400,50 Hz,,No,Yes
1600,https://en.wind-turbine-models.com/turbines/1600-tozzi-green-victory-24-60,Tozzi Green,Tozzi Green Victory 24-60,59.9,24,452.5,3,30,2.5,20,8.1,43,Synchronous generator with permanent magnets,,steel tube,,,,,,400,50 Hz,,No,Yes
1601,https://en.wind-turbine-models.com/turbines/1601-tozzi-green-victory-26-60,Tozzi Green,Tozzi Green Victory 26-60,59.9,26,530.9,3,30,2.5,16,7.6,40,Synchronous generator with permanent magnets,,steel tube,5000,2400,12000,,19400,400,50 Hz,,No,Yes
681,https://en.wind-turbine-models.com/turbines/681-tozzi-green-tn-535,Tozzi Green,Tozzi Green TN 535,9.9,13.2,136.7,3,14.6,2.5,16,6.7,66,Synchronous permanent,,Steel tube,800,300,3400,,4500,,50 Hz,,No,Yes
1251,https://en.wind-turbine-models.com/turbines/1251-trevi-energy-wm3100,TREVI Energy,TREVI Energy WM3100,3100,84,5541.8,3,,,,,,,,,,,,,,,,,No,Yes
1636,https://en.wind-turbine-models.com/turbines/1636-tuge-10-kw,TUGE,TUGE 10 kW,10,10.2,82,3,18,3,25,11,79,PMSG,,m tilt - up tower,,,,,,,,2012,No,Yes
2466,https://en.wind-turbine-models.com/turbines/2466-tuge-tuge-15-kw,TUGE,TUGE TUGE 15 kW,15,16,199,3,36,3,32,11,45,induction,,Steel. lattice tower with maintenance platform,,,,,,,50 Hz,,No,Yes
1607,https://en.wind-turbine-models.com/turbines/1607-turbowinds-v8-vawt-prototype,TURBOWINDS,TURBOWINDS V8 VAWT prototype,13,8,48,3,3.5,3.5,50,12,80,no generator. wather pump,,trusstower,,,,,,,,1987,No,Yes
2049,https://en.wind-turbine-models.com/turbines/2049-turbowinds-tml25,TURBOWINDS,TURBOWINDS TML25,25,11.7,108.4,2,18,2.5,25,10,108,permanent-magnet synchronous,,Guyed tilt,1500,,3200,,4700,480,50/60 Hz,,No,Yes
1593,https://en.wind-turbine-models.com/turbines/1593-turbowinds-t100-10,TURBOWINDS,TURBOWINDS T100-10,100,10,78.5,3,15,,,,,induction,,steel tube,,,,,,,,,No,Yes
569,https://en.wind-turbine-models.com/turbines/569-turbowinds-t300-28,TURBOWINDS,TURBOWINDS T300-28,300,28,616,3,30,4,25,14,43,Asynchronus,,Steel tube,,,,,,690,50 Hz,,No,Yes
570,https://en.wind-turbine-models.com/turbines/570-turbowinds-t400-34,TURBOWINDS,TURBOWINDS T400-34,400,34,908,3,30,3,25,14,33,Asynchronus,,Steel tube,18000,,36000,,54000,690,50 Hz,,No,Yes
571,https://en.wind-turbine-models.com/turbines/571-turbowinds-t500-48,TURBOWINDS,TURBOWINDS T500-48,500,48,1810,3,50,3,25,12,23,Asynchronus,,Steel tube,35000,,61000,,96000,690,50 Hz,,No,Yes
149,https://en.wind-turbine-models.com/turbines/149-turbowinds-t600-48,TURBOWINDS,TURBOWINDS T600-48,600,48,1810,3,50,3,25,12.5,23,Asynchronus,,Steel tube,35000,,61000,,96000,690,50 Hz,,No,Yes
39,https://en.wind-turbine-models.com/turbines/39-tvind-prototype,Tvind,Tvind Prototype,2000,54,2290,3,53,5,20,14.8,42,induction,,concrete,100000,,,5200,,3300,50 Hz,1975,No,Yes
2295,https://en.wind-turbine-models.com/turbines/2295-twe-tandem-wind-ener-windstream5,TWE-Tandem Wind Ener,TWE-Tandem Wind Ener WindStream5,5,5.1,20,3,12,3.5,25,13.5,,induction,,lattice guyed. free-standing*,,,,,,,50 Hz,2019,No,Yes
2756,https://en.wind-turbine-models.com/turbines/2756-twe-tandem-wind-ener-windstream5,TWE-Tandem Wind Ener,TWE-Tandem Wind Ener WindStream5,5,5,19.8,3,12,3.5,18,12.5,184,induction 4-pole/6-pole,,lattice steel tower,100,100,1000,,1300,400,50 Hz,,Yes,Yes
1582,https://en.wind-turbine-models.com/turbines/1582-tyer-wind-tw2-himilce,Tyer Wind,Tyer Wind TW2 Himilce,1,3.5,3.6,2,,3.8,,10,450,synchronous permanent,,,,,,,,,,,Yes,Yes
1592,https://en.wind-turbine-models.com/turbines/1592-uge-visionair5,UGE,UGE VisionAIR5,3.2,3.2,16.6,3,5.2,3.5,20,11,130,Three-Phase Permanent Magnet,,steel tube,400,,,100,800,530,50/60 Hz,,No,Yes
2178,https://en.wind-turbine-models.com/turbines/2178-poulsen-mk-i-the-stork,Poulsen,"Poulsen MK I ""the Stork""",30,13,133,2,12,,,,120,30 kW asynchronous 4-pol / 5.5 kW 8-pol,,tripod,,,,,,,50 Hz,1980,No,Yes
201,https://en.wind-turbine-models.com/turbines/201-poulsen-mk-ii,Poulsen,Poulsen MK II,15,10.6,88.3,3,18,,,,,,,Lattice,,,,,,,,,No,Yes
952,https://en.wind-turbine-models.com/turbines/952-unbekannt-unbekannt,Unbekannt,Unbekannt Unbekannt,,,,,,,,,,,,,,,,,,,,,No,Yes
969,https://en.wind-turbine-models.com/turbines/969-unbekannt-unbekannt-2,Unbekannt,Unbekannt Unbekannt 2,1,3,7,4,,,,,,,,,,,,,,,,,No,Yes
1191,https://en.wind-turbine-models.com/turbines/1191-unbekannt-unbekannt-3,Unbekannt,Unbekannt Unbekannt 3,,,,,,,,,,,,,,,,,,,,,No,Yes
1209,https://en.wind-turbine-models.com/turbines/1209-uni-wind-uw30,Uni Wind,Uni Wind UW30,30,12.3,119,3,23.5,2,15,12,90,Torque. permanent,,steel tube,1800,,,,,690,50 Hz,,No,Yes
818,https://en.wind-turbine-models.com/turbines/818-u-e-fenosa-awec-60,U.E. Fenosa,U.E. Fenosa AWEC-60,1200,60,2827,3,50,4.9,24,12.2,23,Synchronous,,concrete,18700,,470000,8600,657000,600,50 Hz,,No,Yes
1562,https://en.wind-turbine-models.com/turbines/1562-unison-u50,Unison,Unison U50,750,50,1964,3,50,3,25,12.5,28,synchronous permanent,,steel tube,,,,,,690,50/60 Hz,,No,Yes
1563,https://en.wind-turbine-models.com/turbines/1563-unison-u54,Unison,Unison U54,750,54,2290,3,60,3,25,11.5,28,synchronous permanent,,steel tube,,,,,,,50/60 Hz,,No,Yes
1564,https://en.wind-turbine-models.com/turbines/1564-unison-u57,Unison,Unison U57,750,57,2551.7,3,68,3,25,115,28,synchronous permanent,,steel tube,,,,,,,50/60 Hz,,No,Yes
86,https://en.wind-turbine-models.com/turbines/86-unison-u88,Unison,Unison U88,2000,88,6079,3,80,3,25,12,175,synchronous permanent,,steel tube,,,,,,,50/60 Hz,,No,Yes
1565,https://en.wind-turbine-models.com/turbines/1565-unison-u93,Unison,Unison U93,2000,93,6792.9,3,80,3,25,115,175,synchronous permanent,,steel tube,,,,,,,50/60 Hz,,No,Yes
1566,https://en.wind-turbine-models.com/turbines/1566-unison-u93e,Unison,Unison U93E,2000,93,6792.9,3,80,3,25,115,175,synchronous permanent,,steel tube,,,,,,,50/60 Hz,,No,Yes
1567,https://en.wind-turbine-models.com/turbines/1567-unison-u113,Unison,Unison U113,2300,112.8,9993.3,3,80,3,20,10.5,15.4,synchronous permanent,,steel tube / hydrid,,,,,,,50/60 Hz,,No,Yes
2637,https://en.wind-turbine-models.com/turbines/2637-unison-u120,Unison,Unison U120,2300,120,11310,3,100,3,20,9.8,14,permanent magnet synchronous,,steel tube,,,,,,,50/60 Hz,,No,Yes
1975,https://en.wind-turbine-models.com/turbines/1975-unison-u136,Unison,Unison U136,4200,135.7,14470,3,95,3,22,12.5,12.2,synchronous permanent,,steel tube,,,,,,,50/60 Hz,,No,Yes
1976,https://en.wind-turbine-models.com/turbines/1976-unison-u146,Unison,Unison U146,4200,146.3,16812,3,95,3,22,10,11,synchronous permanent,,steel tube,,,,,,,50/60 Hz,,No,Yes
2636,https://en.wind-turbine-models.com/turbines/2636-unison-u151,Unison,Unison U151,4300,151,17908,3,95,3,22,10,,synchronous permanent magnet,,steel tube,,,,,,,50/60 Hz,,No,Yes
1884,https://en.wind-turbine-models.com/turbines/1884-unitron-ue-6,Unitron,Unitron UE-6,0.7,2.2,3.7,3,,2.7,,10.5,720,PM 3 phase alternator,,pipe,400,,,,,140,50/60 Hz,,Yes,Yes
1883,https://en.wind-turbine-models.com/turbines/1883-unitron-ue-15,Unitron,Unitron UE-15,1.5,3.2,9.2,3,,2.7,,10.5,525,PM 3 phase alternator,,pipe,300,,,,,140,50/60 Hz,,Yes,Yes
1882,https://en.wind-turbine-models.com/turbines/1882-unitron-ue15-plus,Unitron,Unitron UE15 plus,1.8,3.4,9.4,3,,2.7,,10.5,525,PM 3 phase alternator,,pipe,400,,,,,140,50/60 Hz,,Yes,Yes
1881,https://en.wind-turbine-models.com/turbines/1881-unitron-ue-33,Unitron,Unitron UE 33,3.3,4.7,16.4,3,,2.7,,10.5,525,PM 3 phase alternator,,Pipe,700,,,,,,50/60 Hz,,Yes,Yes
1880,https://en.wind-turbine-models.com/turbines/1880-unitron-ue42,Unitron,Unitron UE42,4.2,4.9,19,3,,2.7,,11,525,PM 3 phase alternator,,Pipe,900,,,,,440,50/60 Hz,,Yes,Yes
1879,https://en.wind-turbine-models.com/turbines/1879-unitron-ue42-plus,Unitron,Unitron UE42 plus,5.1,5.2,21.4,3,,2.7,,11,525,PM 3 phase alternator,,Pipe,100,,,,,400,50/60 Hz,,Yes,Yes
2486,https://en.wind-turbine-models.com/turbines/2486-uprise-energy-10kw-mobile-power-station,Uprise Energy,Uprise Energy 10kW Mobile Power Station,10,6.9,37.4,5,14.9,4.5,,11.2,159,Permanent magnet. AC variable frequency. low cogging design,,steel tube,,,,,3200,,,,Yes,Yes
2706,https://en.wind-turbine-models.com/turbines/2706-usa-solar-wind-cannon-wind-eagle-300-30,USA Solar & Wind,USA Solar & Wind Cannon Wind Eagle 300/30,300,29.2,672,2,50,4,30,17,55,SC16 induction,,tubular. guyed. tilt-up,5000,900,8200,,14100,420,50 Hz,,No,Yes
533,https://en.wind-turbine-models.com/turbines/533-usw-u-s-windpower-33m-vs,USW U.S. Windpower,USW U.S. Windpower 33M-VS,360,33,855,3,24.4,4,28.5,13.5,54,Asynchronus,,Lattice,9100,,14500,1000,30000,480,60.0 Hz,,No,Yes
532,https://en.wind-turbine-models.com/turbines/532-usw-u-s-windpower-56-50,USW U.S. Windpower,USW U.S. Windpower 56-50,50,17,53.4,3,18,4.5,20,9.8,72,induction,,4 inch steel-pipe tripod,,,,,,480,60 Hz,,No,Yes
536,https://en.wind-turbine-models.com/turbines/536-usw-u-s-windpower-56-100,USW U.S. Windpower,USW U.S. Windpower 56-100,100,17,227,3,18,5,20,13,72,induction,,lattice,3000,3000,2700,,8700,480,60 Hz,1981,No,Yes
541,https://en.wind-turbine-models.com/turbines/541-utrc-utrc-108,UTRC,UTRC UTRC 108,15,9.8,75,2,,,,,,,,Steel tube,,,,,,,,,No,Yes
54,https://en.wind-turbine-models.com/turbines/54-vensys-62-1200,Vensys,Vensys 62/1200,1200,62,3000,3,69,3,25,12.5,20,synchronous permanent,,steel tube,,,96000,,,690,50 Hz,,No,Yes
851,https://en.wind-turbine-models.com/turbines/851-vensys-70-1500,Vensys,Vensys 70/1500,1500,70,3886,3,65,3.5,25,15,19,Synchronous permanent,,Steel tube,,,,,,690,50.0 Hz,,No,Yes
848,https://en.wind-turbine-models.com/turbines/848-vensys-77-1500,Vensys,Vensys 77/1500,1500,76.8,4637,3,61.5,3,22,13,17.3,Synchronous permanent,,Steel tube,,,,,,690,50.0 Hz,2007,No,Yes
560,https://en.wind-turbine-models.com/turbines/560-vensys-77-1500-timber-tower,Vensys,Vensys 77/1500- Timber Tower,1500,76.8,4637,3,100,3,22,13,17.3,Synchronous permanent,,wood,,,,,,690,50.0 Hz,,No,Yes
12,https://en.wind-turbine-models.com/turbines/12-vensys-82-1500,Vensys,Vensys 82/1500,1500,82.3,5325,3,85,3,22,12.5,17.3,Synchronous permanent,,Steel tube,,,,,,690,50.0 Hz,2008,No,Yes
852,https://en.wind-turbine-models.com/turbines/852-vensys-87-1500,Vensys,Vensys 87/1500,1500,87,5890,3,85,3,22,12,17.3,Synchronous permanent,,Steel tube,,,,,,690,50 Hz,,No,Yes
912,https://en.wind-turbine-models.com/turbines/912-vensys-90-2500,Vensys,Vensys 90/2500,2500,90,6361.7,3,80,3,25,15,16,synochron. Ringgenerator. Permanentmagnet,,Stahlrohrturm,,,,,,690,50/60 Hz,2010,No,Yes
849,https://en.wind-turbine-models.com/turbines/849-vensys-100-2500,Vensys,Vensys 100/2500,2500,99.8,7823,3,100,3,25,11,14.5,Synchronous permanent,,Steel tube,,,,,,690,50.0 Hz,2009,No,Yes
850,https://en.wind-turbine-models.com/turbines/850-vensys-109-2500,Vensys,Vensys 109/2500,2500,108.9,9314,3,95,3,25,12.5,14,Synchronous permanent,,Steel tube/Hybrid,,,,,,690,50.0 Hz,,No,Yes
303,https://en.wind-turbine-models.com/turbines/303-vensys-112-2500,Vensys,Vensys 112/2500,2500,112.5,9940,3,93.5,3,25,11.5,13.6,Synchronous permanent,,Steel tube/Hybrid,,,,,,690,50.0 Hz,,No,Yes
854,https://en.wind-turbine-models.com/turbines/854-vensys-112-3000,Vensys,Vensys 112/3000,3000,112,9940,3,93.5,3,25,11.5,13.6,Synchronous permanent,,Steel tube/Hybrid,,,,,,690,50.0 Hz,,No,Yes
1961,https://en.wind-turbine-models.com/turbines/1961-vensys-115-4100,Vensys,Vensys 115/4100,4100,115,10378,3,72.5,3,25,13.5,12.3,synchronous permanent,,steel tube,,,,,,690,50/60 Hz,,No,Yes
853,https://en.wind-turbine-models.com/turbines/853-vensys-120-3000,Vensys,Vensys 120/3000,3000,120,11291,3,90,3,22,11.5,12.8,Synchronous permanent,,Steel tube/Hybrid,,,,,,690,50/60 Hz,,No,Yes
1960,https://en.wind-turbine-models.com/turbines/1960-vensys-126-3800,Vensys,Vensys 126/3800,3800,126.2,12499,3,86,3,25,12.5,11.5,synchronous permanent,,steel tube,,,,,,690,50/60 Hz,,No,Yes
1793,https://en.wind-turbine-models.com/turbines/1793-vensys-136-3000,Vensys,Vensys 136/3000,3000,136,14527,3,82,3,22,11,10.7,synchronous permanent,,steel tube / hydrid,,,,,,,50/60 Hz,,No,Yes
1959,https://en.wind-turbine-models.com/turbines/1959-vensys-136-3500,Vensys,Vensys 136/3500,3500,136.6,14655,3,81.7,3,22,11,10.7,Synchronous generator with permanent magnet excitation,,steel tube / hydrid with concrete*,,,,,,690,50/60 Hz,,No,Yes
2136,https://en.wind-turbine-models.com/turbines/2136-vensys-155-6200,Vensys,Vensys 155/6200,6200,155,18870,3,102.5,3,25,12,9.1,Synchronous with permanent magnet excitation,,steel tube /*hybrid,,,,,,,50/60 Hz,,No,Yes
2137,https://en.wind-turbine-models.com/turbines/2137-vensys-170-5600,Vensys,Vensys 170/5600,5600,170,22698,3,115,3,22,12,8.3,Synchronous with permanent magnet excitation,,steel tube /*hybrid,,,,,,,50/60 Hz,,No,Yes
2370,https://en.wind-turbine-models.com/turbines/2370-vensys-170-5800,Vensys,Vensys 170/5800,5800,170,22698,3,115,3,22,13.5,8.3,synchronous permanent,,steel tube / hybrid,,,,,,,50/60 Hz,,No,Yes
2651,https://en.wind-turbine-models.com/turbines/2651-vensys-175-7800,Vensys,Vensys 175/7800,7800,175,24053,3,145,3,24,12,9,Medium-speed synchronous generator with permanent magnet excitation,,steel tube / hybrid with concrete*,,,,,,,50/60 Hz,,No,Yes
2123,https://en.wind-turbine-models.com/turbines/2123-ventimotor-50-kw-testturbine,Ventimotor,Ventimotor 50 kW testturbine,50,18,254,3,30,,,,,asynchronous / synchronus,,lattice,,,,,,,,1942,No,Yes
1078,https://en.wind-turbine-models.com/turbines/1078-ventis-04-05,Ventis,Ventis 04-05,5,5,20,2,12,3.5,50,12,300,synchronous,,lattice,200,,700,100,1300,400,50.0 Hz,1992,No,Yes
412,https://en.wind-turbine-models.com/turbines/412-ventis-v12-500-prototype,Ventis,Ventis V12 500 Prototype,500,40,1257,2,43.5,4,25,13,34,Asynchronus,,Steel tube,25000,,53000,2100,89000,690,50.0 Hz,,No,Yes
183,https://en.wind-turbine-models.com/turbines/183-ventis-v20-100,Ventis,Ventis V20 100,100,20,314,2,30.5,3.3,25,13,61,Asynchronus,,Steel tube,3600,,19200,300,,400,50 Hz,,No,Yes
1921,https://en.wind-turbine-models.com/turbines/1921-venturicon-3-zero,Venturicon,Venturicon 3.ZERO,3.2,1.3,1.4,5,,3,18,18,1090,synchronous permanent,,steel tube,,,,,100,230,50 Hz,,Yes,Yes
2743,https://en.wind-turbine-models.com/turbines/2743-venwind-refex-gwh182-5-3mw,Venwind Refex,Venwind Refex GWH182-5.3MW,5300,182,26016,3,130,2.5,24,10.2,9,Permanent magnet synchronous,,Tubular steel tower,,,,,,1380,50/60 Hz,2025,No,Yes
1557,https://en.wind-turbine-models.com/turbines/1557-windturbinenwerke-herkules-stahlwindturbine,Windturbinenwerke,Windturbinenwerke Herkules- Stahlwindturbine,3,7.5,44,27,15,3,,,,,,Eisenturm,,,,,,,,,No,Yes
435,https://en.wind-turbine-models.com/turbines/435-vergnet-gev-hp-1000-62,Vergnet,Vergnet GEV HP 1000/62,1000,62,3019,2,70,3,25,15,2323,Asynchronus,,Guyed wire. Tubular or Lattice,65000,14800,78000,4500,158000,690,50/60 Hz,,No,Yes
434,https://en.wind-turbine-models.com/turbines/434-vergnet-gev-5-5,Vergnet,Vergnet GEV 5/5,5,5,19.7,2,12,4.5,20,15,259,Asynchronus,,Steel tube,300,,800,,,400,50 Hz,,No,Yes
431,https://en.wind-turbine-models.com/turbines/431-vergnet-gev-10-20,Vergnet,Vergnet GEV 10/20,20,10,78.5,2,18,4.5,20,16,139,Asynchronus,,Steel tube,500,,2300,,,690,50 Hz,,No,Yes
432,https://en.wind-turbine-models.com/turbines/432-vergnet-gev-15-60,Vergnet,Vergnet GEV 15/60,60,15,177,2,30,5,20,15,92,Asynchronus,,Steel tube,1500,,6000,,,690,50 Hz,,No,Yes
433,https://en.wind-turbine-models.com/turbines/433-vergnet-gev-220-26,Vergnet,Vergnet GEV 220/26,220,26,531,2,50,5,29,13,51,Asynchronus,,Lattice,5400,2000,12000,,19400,400,50 Hz,,No,Yes
2003,https://en.wind-turbine-models.com/turbines/2003-vergnet-gev-mp-r-200-30,Vergnet,Vergnet GEV MP R 200/30,200,30,706,2,32,3.5,25,,,induction,,Self-standing. tubular,8800,,11000,,20000,400,50/60 Hz,,No,Yes
2007,https://en.wind-turbine-models.com/turbines/2007-vergnet-gev-mp-c-200-30,Vergnet,Vergnet GEV MP C 200/30,200,30,706,2,55,3.5,25,12,46,2-speed. asynchronous. squirrel cage,,Guyed : Tubular or Lattice,8400,,15000,,23400,400,50 Hz,,No,Yes
2000,https://en.wind-turbine-models.com/turbines/2000-vergnet-gev-mp-r-200-32,Vergnet,Vergnet GEV MP R 200/32,200,32,804,2,32,3.5,25,,,induction,,Self-standing. tubular,8800,,11000,,19800,400,50/60 Hz,,No,Yes
2004,https://en.wind-turbine-models.com/turbines/2004-vergnet-gev-mp-c-200-32,Vergnet,Vergnet GEV MP C 200/32,200,32,804,2,55,3.5,25,,46,2-speed. asynchronous. squirrel cage,,Guyed : Tubular or Lattice,9000,,15000,,24000,400,50/60 Hz,,No,Yes
2002,https://en.wind-turbine-models.com/turbines/2002-vergnet-gev-mp-r-225-30,Vergnet,Vergnet GEV MP R 225/30,225,30,706,2,32,3.5,25,,,induction,,Self-standing. tubular,8800,,11000,,19800,400,50/60 Hz,,No,Yes
1999,https://en.wind-turbine-models.com/turbines/1999-vergnet-gev-mp-r-225-32,Vergnet,Vergnet GEV MP R 225/32,225,32,804,2,32,3.5,25,,,induction,,Self-standing. tubular,8800,,11000,,19800,400,50/60 Hz,,No,Yes
2005,https://en.wind-turbine-models.com/turbines/2005-vergnet-gev-mp-c-225-32,Vergnet,Vergnet GEV MP C 225/32,225,32,804,2,55,3.5,25,,46,2-speed. asynchronous. squirrel cage,,Guyed : Tubular or Lattice,9000,,15000,,24000,400,50/60 Hz,,No,Yes
2001,https://en.wind-turbine-models.com/turbines/2001-vergnet-gev-mp-r-250-30,Vergnet,Vergnet GEV MP R 250/30,250,30,706,2,32,3.5,25,,,induction,,Self-standing. tubular,8800,,11000,,19800,400,50/60 Hz,,No,Yes
1998,https://en.wind-turbine-models.com/turbines/1998-vergnet-gev-mp-r-250-32,Vergnet,Vergnet GEV MP R 250/32,250,32,804,2,32,3.5,25,,,induction,,Self-standing. tubular,8800,,11000,,19800,400,50/60 Hz,,No,Yes
2006,https://en.wind-turbine-models.com/turbines/2006-vergnet-gev-mp-c-250-32,Vergnet,Vergnet GEV MP C 250/32,250,32,804,2,55,3.5,25,,46,2-speed. asynchronous. squirrel cage,,Guyed : Tubular or Lattice,9000,,15000,,24000,400,50/60 Hz,,No,Yes
436,https://en.wind-turbine-models.com/turbines/436-vergnet-gev-mp-r-275-32,Vergnet,Vergnet GEV MP R 275/32,275,32,804,2,32,3.5,25,12,,Asynchronus,,Steel tube,6000,3000,12000,,,400,50 Hz,,No,Yes
437,https://en.wind-turbine-models.com/turbines/437-vergnet-gev-mp-c-275-32,Vergnet,Vergnet GEV MP C 275/32,275,32,804,2,55,3.5,25,12,31,Asynchronus,,Steel tube/Lattice,6000,2400,15000,,,400,50 Hz,,No,Yes
1997,https://en.wind-turbine-models.com/turbines/1997-vergnet-gev-mp-r-275-28,Vergnet,Vergnet GEV MP R 275/28,275,28,615,2,32,3.5,25,,,induction,,Self-standing. tubular,8800,,11000,,19800,400,50/60 Hz,,No,Yes
1995,https://en.wind-turbine-models.com/turbines/1995-vergnet-gev-mp-r-275-30,Vergnet,Vergnet GEV MP R 275/30,275,30,706,2,32,3.5,25,,,induction,,Self-standing. tubular,8800,,11000,,19800,400,50/60 Hz,,No,Yes
1996,https://en.wind-turbine-models.com/turbines/1996-vergnet-gev-mp-c-275-30,Vergnet,Vergnet GEV MP C 275/30,275,30,706,2,55,3.5,25,12,46,2-speed. asynchronous. squirrel cage,,Guyed : Tubular or Lattice,9000,,15000,,24000,400,50/60 Hz,,No,Yes
1993,https://en.wind-turbine-models.com/turbines/1993-vergnet-gev-hp-1000-55,Vergnet,Vergnet GEV HP 1000/55,1000,55,3019,2,60,3,25,15,26,Asynchronous squirrel cage,,Guyed wire. Tubular or Lattice,65000,14800,78000,4500,158000,690,50/60 Hz,,No,Yes
1994,https://en.wind-turbine-models.com/turbines/1994-vergnet-gev-hp-1000-58,Vergnet,Vergnet GEV HP 1000/58,1000,58,3019,2,70,3,25,15,24,Asynchronous squirrel cage,,Guyed wire. Tubular or Lattice,65000,14800,78000,4500,158000,690,50/60 Hz,,No,Yes
2323,https://en.wind-turbine-models.com/turbines/2323-vawt-ltd-vawt-260,VAWT Ltd.,VAWT Ltd. VAWT-260,100,19.5,260,2,19.5,,,,,induction,,tripod,,,,,,,,1987,No,Yes
2321,https://en.wind-turbine-models.com/turbines/2321-vawt-ltd-vawt-450,VAWT Ltd.,VAWT Ltd. VAWT-450,130,25,450,2,25,3,30,11,27,induction,,post tensioned pre-cast concrete rings,,,,,,,50 Hz,1986,No,Yes
2322,https://en.wind-turbine-models.com/turbines/2322-vawt-ltd-vawt-850,VAWT Ltd.,VAWT Ltd. VAWT-850,500,38,850,2,30,,,,,,,concrete,,,,,,,,1989,No,Yes
1459,https://en.wind-turbine-models.com/turbines/1459-vestas-multi-rotor-concept,Vestas,Vestas multi-rotor concept,900,116,2644,12,1,3.5,25,14,40.5,induction,,steel tube,,,,,,400,50.0 Hz,2016,No,Yes
205,https://en.wind-turbine-models.com/turbines/205-vestas-hvk-v10,Vestas,Vestas HVK V10,30,10,79,3,18,,,,,,,Lattice,,,,,,,,,No,Yes
1291,https://en.wind-turbine-models.com/turbines/1291-vestas-hvk-v10,Vestas,Vestas HVK V10,22,10,78.5,3,18.5,4,25,14,84,induction,,lattice,,,,,,400,50 Hz,1979,No,Yes
905,https://en.wind-turbine-models.com/turbines/905-vestas-v12,Vestas,Vestas V12,22,12,113,3,19,,,,,,,Steel tube,,,,,,,,1981,No,Yes
8,https://en.wind-turbine-models.com/turbines/8-vestas-v15,Vestas,Vestas V15,55,15,176,,18,4,25,12.5,53,,,,,,,,,,,,No,Yes
206,https://en.wind-turbine-models.com/turbines/206-vestas-hvk-v15,Vestas,Vestas HVK V15,55,15,177,3,18,,,,,,,Lattice,,,,,,,,,No,Yes
209,https://en.wind-turbine-models.com/turbines/209-vestas-v16-55,Vestas,Vestas V16 - 55,65,16,201,3,24,,,,,,,,,,,,,,,,No,Yes
210,https://en.wind-turbine-models.com/turbines/210-vestas-v16-55-gittermast,Vestas,Vestas V16 - 55 Gittermast,65,16,201,3,18,,,,,,,Lattice,,,,,,,,,No,Yes
141,https://en.wind-turbine-models.com/turbines/141-vestas-v17-75,Vestas,Vestas V17 - 75,75,17,227,,22,,,,35.5,Aircooled,,lattice/steel,,,,,,400,,,No,Yes
211,https://en.wind-turbine-models.com/turbines/211-vestas-v17-75,Vestas,Vestas V17 - 75,90,17,227,3,22,,,,,,,Rørtårn,,,,,,,,,No,Yes
212,https://en.wind-turbine-models.com/turbines/212-vestas-v17-75-lattice,Vestas,Vestas V17 - 75 Lattice,90,17,227,3,24,,,,,,,Lattice,,,,,,,,,No,Yes
1700,https://en.wind-turbine-models.com/turbines/1700-vestas-v19-90,Vestas,Vestas V19-90,90,18.8,277.6,3,23.2,3.5,23,18,42.6,induction,,steel tube,4600,2400,6500,,13500,400,50 Hz,1986,No,Yes
618,https://en.wind-turbine-models.com/turbines/618-vestas-v20,Vestas,Vestas V20,100,20,314,3,24,4.5,25,13,46,Asynchronus,,Steel tube/Lattice,4600,1700,5600,400,11900,400,50.0 Hz,,No,Yes
2707,https://en.wind-turbine-models.com/turbines/2707-vestas-v20-120,Vestas,Vestas V20-120,120,20,314,3,23.4,4.5,25,13,46,induction,,lattice. steel pipe,4600,1700,5600,,11900,480,60 Hz,,No,Yes
276,https://en.wind-turbine-models.com/turbines/276-vestas-v25,Vestas,Vestas V25,200,25,491,3,30,3.5,25,11.5,44,Asynchronus,,steel tube/lattice,7100,3200,11500,1300,21800,480,50.0 Hz,,No,Yes
9,https://en.wind-turbine-models.com/turbines/9-vestas-v27,Vestas,Vestas V27,225,27,573,3,110,3,25,,,,,,,,,,,,,,No,Yes
274,https://en.wind-turbine-models.com/turbines/274-vestas-v27,Vestas,Vestas V27,225,27,573,3,30,3.5,25,14,43,induction,,steel tube,7900,2900,12000,600,19800,400,50 Hz,,No,Yes
275,https://en.wind-turbine-models.com/turbines/275-vestas-v27-windworld-t-rn,Vestas,Vestas V27 WindWorld Tårn,225,27,573,3,,,,,,,,,,,,,,,,,No,Yes
273,https://en.wind-turbine-models.com/turbines/273-vestas-v29,Vestas,Vestas V29,225,29,661,3,31.5,3.5,25,14,40.5,Asynchronus,,Steel tube / Lattice,7900,,14000,600,30000,400,50.0 Hz,,No,Yes
383,https://en.wind-turbine-models.com/turbines/383-vestas-v39,Vestas,Vestas V39,500,39,1195,3,40.5,4,25,15,30,Asynchronus,,Steel tube,18000,,58000,1100,85000,690,50.0 Hz,,Yes,Yes
1722,https://en.wind-turbine-models.com/turbines/1722-vestas-v39-600,Vestas,Vestas V39-600,600,39,1195,3,40.5,4,25,16.5,30,induction,,steel tube,18000,9000,58000,1100,85000,690,50 Hz,,No,Yes
109,https://en.wind-turbine-models.com/turbines/109-vestas-v42,Vestas,Vestas V42,600,42,1357,3,40.5,4,25,16,30,Asynchronus,,Steel tube,17300,8400,41000,1200,67000,690,50.0 Hz,,No,Yes
1723,https://en.wind-turbine-models.com/turbines/1723-vestas-v42-500,Vestas,Vestas V42-500,500,42,1357,3,40.5,3,25,14.5,30,induction,,steel tube,17300,8400,41000,1200,67000,690,50 Hz,,No,Yes
272,https://en.wind-turbine-models.com/turbines/272-vestas-v44,Vestas,Vestas V44,600,44,1521,3,40.5,4,20,16,28,Asynchronus,,Steel tube,19800,8400,58000,1500,87000,690,50.0 Hz,,No,Yes
13,https://en.wind-turbine-models.com/turbines/13-vestas-v47,Vestas,Vestas V47,660,47,1735,3,40,4,25,15,28.5,Asynchronus,,Steel tube,20400,7200,66400,,94000,690,50.0 Hz,,No,Yes
1724,https://en.wind-turbine-models.com/turbines/1724-vestas-v47-700,Vestas,Vestas V47-700,700,47,1735,3,40,4,25,16,28.5,induction,,steel tube,20400,7200,66400,,94000,690,50 Hz,,No,Yes
71,https://en.wind-turbine-models.com/turbines/71-vestas-v52,Vestas,Vestas V52,850,52,2124,3,36.5,4,25,14,31.4,Double Fed Asyn,,Steel tube,22000,11000,100000,,,690,50.0 Hz,,No,Yes
147,https://en.wind-turbine-models.com/turbines/147-vestas-v52-nm,Vestas,Vestas V52 (NM),900,52.2,2140,,61.5,3.5,25,13,14.9,watercooled,,steel,24500,16500,72000,,,690,,,No,Yes
821,https://en.wind-turbine-models.com/turbines/821-vestas-v63,Vestas,Vestas V63,1500,63.6,3176.9,3,60,4,25,16,22.9,Asynchronus,,Steel tube,52200,20300,76000,3600,151600,690,50 Hz,,No,Yes
15,https://en.wind-turbine-models.com/turbines/15-vestas-v66-1-65,Vestas,Vestas V66-1.65,1650,66,3421,3,60,4,25,15,19,Asynchronus,,Steel tube,53000,22800,141000,,220000,690,50.0 Hz,,No,Yes
1292,https://en.wind-turbine-models.com/turbines/1292-vestas-v66-1-75,Vestas,Vestas V66-1.75,1750,66,3421,3,60,4,25,16,24.4,induction,,steel tube,57000,23000,199000,,279000,690,50/60 Hz,,No,Yes
1277,https://en.wind-turbine-models.com/turbines/1277-vestas-v66-2-0,Vestas,Vestas V66-2.0,2000,66,3421,3,60,4,25,17,19.8,induction with optispeed,,steel tube,57000,23000,146000,3800,226000,690,50/60 Hz,,Yes,Yes
668,https://en.wind-turbine-models.com/turbines/668-vestas-v80-offshore,Vestas,Vestas V80 Offshore,2000,80,5027,3,80,4,25,16,19.1,Asynchronus,,Steel tube,69000,37500,148000,6500,,690,50/60 Hz,,Yes,No
1350,https://en.wind-turbine-models.com/turbines/1350-vestas-v80-1-8,Vestas,Vestas V80-1.8,1800,80,5027,3,60,4,25,15,16.8,induction,,steel tube,67000,27000,203000,6500,309000,690,50 Hz,,No,Yes
246,https://en.wind-turbine-models.com/turbines/246-vestas-v80-2-0-nearshore,Vestas,Vestas V80-2.0 Nearshore,2000,80,5027,3,60,4,25,15,19,Double Fed Asyn,,Steel tube,61200,37200,220000,,,690,50 Hz,,Yes,No
19,https://en.wind-turbine-models.com/turbines/19-vestas-v80-2-0,Vestas,Vestas V80-2.0,2000,80,5027,3,60,4,25,15,19,Double Fed Asyn,,Steel tube,61200,37200,220000,,,690,50 Hz,,No,Yes
1019,https://en.wind-turbine-models.com/turbines/1019-vestas-v80-2-0-vcs,Vestas,Vestas V80-2.0 VCS,2000,80,5027,3,60,4,25,16,19.1,Asynchronous,,steel tube,69000,37500,198000,6500,304500,690,50 Hz,,No,Yes
1727,https://en.wind-turbine-models.com/turbines/1727-vestas-v82-1-5,Vestas,Vestas V82-1.5,1500,82,5281,3,94,3,25,13,14.4,induction 2 speed,,steel tube,48000,42000,230000,,320000,690,50 Hz,,No,Yes
81,https://en.wind-turbine-models.com/turbines/81-vestas-v82-1-65,Vestas,Vestas V82-1.65,1650,82,5281,,59,2.5,32,13,10.8,watercooled,,Steel,51000,40000,322000,,,690,,,No,Yes
16,https://en.wind-turbine-models.com/turbines/16-vestas-v90,Vestas,Vestas V90,2000,90,6362,3,80,4,25,13,14.9,Asynchronus,,Steel tube,68000,36000,224000,6700,328000,690,50 Hz,,No,Yes
248,https://en.wind-turbine-models.com/turbines/248-vestas-v90-gridstreamer,Vestas,Vestas V90 Gridstreamer,2000,90,6362,,80,4,25,13.5,16.9,,,tubular steel tower,,,,,,,,,No,Yes
247,https://en.wind-turbine-models.com/turbines/247-vestas-v90-offshore,Vestas,Vestas V90 Offshore,3000,90,6362,,65,3.5,25,15,8.6,,,tubular steel tower,,,,,,,,,Yes,No
971,https://en.wind-turbine-models.com/turbines/971-vestas-v90-1-8,Vestas,Vestas V90-1.8,1800,90,6362,3,80,3.5,25,12,14.9,Asynchronous with OptiSpeed®,,Steel tube,68000,38000,225000,,331000,690,50/60 Hz,,No,Yes
603,https://en.wind-turbine-models.com/turbines/603-vestas-v90-3-0,Vestas,Vestas V90-3.0,3000,90,6362,3,80,4,25,15,18.4,Asynchronus,,Steel tube,70000,41000,285000,,396000,1000,50 Hz,,No,Yes
1002,https://en.wind-turbine-models.com/turbines/1002-vestas-v100-1-8,Vestas,Vestas V100-1.8,1800,100,7854,3,80,3,20,12,,Double Fed Asyn,,Steel tube,,,,,,,50/60 Hz,,No,Yes
1001,https://en.wind-turbine-models.com/turbines/1001-vestas-v100-2-0,Vestas,Vestas V100-2.0,2000,100,7854,3,80,3,22,12,,Double Fed Asyn,,Steel tube,,,,,,,50/60 Hz,,No,Yes
1532,https://en.wind-turbine-models.com/turbines/1532-vestas-v100-2-2,Vestas,Vestas V100-2.2,2200,100,7854,3,80,3,22,,,doubly fed with slip rings,,steel tube,,,,,,,50/60 Hz,,No,Yes
743,https://en.wind-turbine-models.com/turbines/743-vestas-v100-2-6,Vestas,Vestas V100-2.6,2600,100,7854,3,,3,23,12.5,13.4,Double Fed Asyn,,Steel tube,,,,,,,50 Hz,,No,Yes
1729,https://en.wind-turbine-models.com/turbines/1729-vestas-v100-2-75,Vestas,Vestas V100-2.75,2750,100,7850,3,100,4,25,15,15.3,induction with opti speed,,steel tube,70000,44000,,,,1000,50 Hz,,No,Yes
891,https://en.wind-turbine-models.com/turbines/891-vestas-v105-3-3,Vestas,Vestas V105-3.3,3300,105,8659,3,,3,25,13,,,,,,,,,,,50 Hz,,No,Yes
1246,https://en.wind-turbine-models.com/turbines/1246-vestas-v105-3-45,Vestas,Vestas V105-3.45,3450,105,8659,3,,3,25,13,,,,,,,,,,,50/60 Hz,,No,Yes
996,https://en.wind-turbine-models.com/turbines/996-vestas-v110-2-0,Vestas,Vestas V110-2.0,2000,110,9503,3,80,3,20,11.5,,Double Fed Asyn,,Steel tube,,,,,,,50/60 Hz,,No,Yes
667,https://en.wind-turbine-models.com/turbines/667-vestas-v112-3-0-offshore,Vestas,Vestas V112-3.0 Offshore,3000,112,9852,3,,3,25,12,17.7,Synchronous permanent,,,,,,,,,50/60 Hz,,Yes,No
7,https://en.wind-turbine-models.com/turbines/7-vestas-v112-3-075-onshore,Vestas,Vestas V112-3.075 Onshore,3075,112,9852,3,84,3,25,12,17.7,Synchronous permanent,,Steel tube,,,,,,,50/60 Hz,,No,Yes
693,https://en.wind-turbine-models.com/turbines/693-vestas-v112-3-3,Vestas,Vestas V112-3.3,3300,112,9852,3,84,3,25,13,,,,Steel tube,,,,,,,50/60 Hz,,No,Yes
1247,https://en.wind-turbine-models.com/turbines/1247-vestas-v112-3-45,Vestas,Vestas V112-3.45,3450,112,9852,3,84,3,25,13,17.7,induction with squirrel-cage rotor,,steel tube,,,,,,750,50/60 Hz,,No,Yes
1590,https://en.wind-turbine-models.com/turbines/1590-vestas-v116-2-0,Vestas,Vestas V116-2.0,2000,116,10568,3,80,3,20,9.1,15.1,induction with wound rotor,,steel tube,,,,,,690,50/60 Hz,,No,Yes
1814,https://en.wind-turbine-models.com/turbines/1814-vestas-v116-2-1,Vestas,Vestas V116-2.1,2100,116,10568,3,80,3,20,18,,doubly fed with slip rings,,steel tube,,,,,,,50/60 Hz,2018,No,Yes
694,https://en.wind-turbine-models.com/turbines/694-vestas-v117-3-3,Vestas,Vestas V117-3.3,3300,117,10751,3,91.5,3,25,13,,,,Steel tube,,,,,,,50/60 Hz,,No,Yes
1248,https://en.wind-turbine-models.com/turbines/1248-vestas-v117-3-45,Vestas,Vestas V117-3.45,3450,117,10751,3,91.5,3,25,12.5,,,,steel tube / hybrid,,,,,,,50/60 Hz,,No,Yes
1639,https://en.wind-turbine-models.com/turbines/1639-vestas-v117-4-0,Vestas,Vestas V117-4.0,4000,117,10751,3,84,3,25,10,,induction (DASG),,steel tube,,,,,,800,50/60 Hz,,No,Yes
1840,https://en.wind-turbine-models.com/turbines/1840-vestas-v117-4-2,Vestas,Vestas V117-4.2,4200,117,10751,3,84,3,27,12,15,induction (DASG),,steel tube,,,,,,800,50/60 Hz,,No,Yes
1589,https://en.wind-turbine-models.com/turbines/1589-vestas-v120-2-0,Vestas,Vestas V120-2.0,2000,120,11310,3,,3,18,,,doubly fed generator. slip rings,,steel tube,,,,,,,50/60 Hz,,No,Yes
1815,https://en.wind-turbine-models.com/turbines/1815-vestas-v120-2-2,Vestas,Vestas V120-2.2,2200,120,11310,3,80,3,18,9.4,13.4,induction with wound rotor,,steel tube,,,,,,690,50/60 Hz,2018,No,Yes
1728,https://en.wind-turbine-models.com/turbines/1728-vestas-v120-4-5,Vestas,Vestas V120-4.5,4500,120,11310,3,90,4,25,12,14.9,induction with optispeed,,steel tube,145000,75000,220000,,440000,6000,50 Hz,,No,Yes
1345,https://en.wind-turbine-models.com/turbines/1345-vestas-v126-3-0,Vestas,Vestas V126-3.0,3000,126,12469,3,119,3,22.5,12,,synchronous permanent,,steel tube,,,,,,,50 Hz,,No,Yes
695,https://en.wind-turbine-models.com/turbines/695-vestas-v126-3-3,Vestas,Vestas V126-3.3,3300,126,12469,3,117,3,22.5,12,,,,Steel tube/Hybrid,,,,,,,50 Hz,,No,Yes
1249,https://en.wind-turbine-models.com/turbines/1249-vestas-v126-3-45,Vestas,Vestas V126-3.45,3450,126,12469,3,117,3,22.5,12,,,,steel tube / hybrid,,,,,,,50/60 Hz,,No,Yes
1282,https://en.wind-turbine-models.com/turbines/1282-vestas-v136-3-45,Vestas,Vestas V136-3.45,3450,136,14527,3,82,3,22.5,,,,,steel tube,,,,,,,50/60 Hz,,No,Yes
1638,https://en.wind-turbine-models.com/turbines/1638-vestas-v136-4-0,Vestas,Vestas V136-4.0,4000,136,14527,3,82,3,30,11,10.6,induction (DASG),,steel tube,,,,,,800,50/60 Hz,,No,Yes
1839,https://en.wind-turbine-models.com/turbines/1839-vestas-v136-4-2,Vestas,Vestas V136-4.2,4200,136,14527,3,104,3,32,11,10.8,induction (DASG),,steel tube,,,,,,800,50/60 Hz,,No,Yes
2579,https://en.wind-turbine-models.com/turbines/2579-vestas-v136-4-2-cable-stayed-rotor,Vestas,Vestas V136-4.2 cable stayed rotor,4200,136,15527,3,104,3,32,11,10.8,induction (DASG),,steel tube,,,,,,800,50/60 Hz,,No,Yes
2446,https://en.wind-turbine-models.com/turbines/2446-vestas-v136-4-5,Vestas,Vestas V136-4.5,4500,136,14527,3,82,3,32,11.3,10.6,induction (DASG),,steel tube,,,,,,800,50/60 Hz,,No,Yes
2114,https://en.wind-turbine-models.com/turbines/2114-vestas-v138-3-0-enventus,Vestas,Vestas V138-3.0 EnVentus,3000,138,14957,3,83,3,24,,,,,steel tube,,,,,,,50/60 Hz,2021,No,Yes
1637,https://en.wind-turbine-models.com/turbines/1637-vestas-v150-4-0,Vestas,Vestas V150-4.0,4000,150,17671,3,,3,22.5,,,,,,,,,,,,50/60 Hz,,No,Yes
1841,https://en.wind-turbine-models.com/turbines/1841-vestas-v150-4-2,Vestas,Vestas V150-4.2,4200,150,17671,3,105,3,24.5,10.1,10.4,induction (DASG),,steel tube,,,,,,800,50/60 Hz,2019,No,Yes
2445,https://en.wind-turbine-models.com/turbines/2445-vestas-v150-4-5,Vestas,Vestas V150-4.5,4500,150,17671,3,90,3,24.5,,10.4,DASG 560/6M. Induction generator,,steel tube,,,,,,800,50/60 Hz,,No,Yes
1970,https://en.wind-turbine-models.com/turbines/1970-vestas-v150-5-6-enventus,Vestas,Vestas V150-5.6 EnVentus,5600,150,17671,3,105,3,25,11,10,permanent magnet (PMG),,Tubular Steel Tower (TST) / High Tubular Steel Tower (HTST) / Large Diameter Steel Tower (LDST),,,,,,800,50/60 Hz,,No,Yes
2293,https://en.wind-turbine-models.com/turbines/2293-vestas-v150-6-0-enventus,Vestas,Vestas V150-6.0 EnVentus,6000,150,17672,3,105,3,25,,,,,Tubular Steel Tower (TST) / High Tubular Steel Tower (HTST) / Concrete Hybrid Towers (CHT) / Large Diameter Steel Tower (LDST),,,,,,,50/60 Hz,2020,No,Yes
2305,https://en.wind-turbine-models.com/turbines/2305-vestas-v155-3-3,Vestas,Vestas V155-3.3,3300,155,18869,3,105,3,21,9.3,10.7,induction (DASG),,steel tube,,,,,,800,50/60 Hz,,No,Yes
2344,https://en.wind-turbine-models.com/turbines/2344-vestas-v155-3-6,Vestas,Vestas V155-3.6,3600,155,18869,3,102.5,3,18,9.3,10.3,induction (DASG),,Large Diameter Steel Towers (LDST),,,,,,800,50/60 Hz,,No,Yes
1971,https://en.wind-turbine-models.com/turbines/1971-vestas-v162-5-6-enventus,Vestas,Vestas V162-5.6 EnVentus,5600,162,20612,3,119,3,25,,,,,Tubular Steel Tower (TST) / High Tubular Steel Tower (HTST) / Large Diameter Steel Tower (LDST),,,,,,,50/60 Hz,,No,Yes
2294,https://en.wind-turbine-models.com/turbines/2294-vestas-v162-6-0-enventus,Vestas,Vestas V162-6.0 EnVentus,6000,162,20612,3,119,3,24,,,,,Tubular Steel Tower (TST) / High Tubular Steel Tower (HTST) / Concrete Hybrid Towers (CHT) / Large Diameter Steel Tower (LDST),,,,,,,50/60 Hz,,No,Yes
2343,https://en.wind-turbine-models.com/turbines/2343-vestas-v162-6-2-enventus,Vestas,Vestas V162-6.2 EnVentus,6200,162,20612,3,99,3,24,10.5,10,permanent magnet (PMG),,Tubular Steel Tower (TST). High Tubular Steel Tower (HTST). Concrete Hybrid Towers (CHT). or Large Diameter Steel Tower (LDST),,,,,,800,50/60 Hz,,No,Yes
2424,https://en.wind-turbine-models.com/turbines/2424-vestas-v162-6-8-enventus,Vestas,Vestas V162-6.8 EnVentus,6800,162,20612,3,119,3,25,,,,,steel tube,,,,,,,50/60 Hz,2021,No,Yes
2529,https://en.wind-turbine-models.com/turbines/2529-vestas-v162-7-2-enventus,Vestas,Vestas V162-7.2 Enventus,7200,162,20612,3,119,3,25,,,,,steel tube,,,,,,,50/60 Hz,,No,Yes
2444,https://en.wind-turbine-models.com/turbines/2444-vestas-v163-4-5,Vestas,Vestas V163-4.5,4500,163,20867,3,98000,3,24,,,induction,,steel tube,,,,,501000,,50/60 Hz,,No,Yes
2708,https://en.wind-turbine-models.com/turbines/2708-vestas-v164-7-0,Vestas,Vestas V164-7.0,7000,164,21124,3,,4,25,13,12.1,permanent magnet,,steel tube,390000,,,35000,,66000,50 Hz,,Yes,Yes
318,https://en.wind-turbine-models.com/turbines/318-vestas-v164-8-0,Vestas,Vestas V164-8.0,8000,164,21124,3,,4,25,13,12.1,Permanent Magnet,,,375000,,,35000,,66000,50.0 Hz,,Yes,Yes
2349,https://en.wind-turbine-models.com/turbines/2349-vestas-v164-9-5,Vestas,Vestas V164-9.5,9500,164,21124,3,,3,25,,,synchronous permanent,,steel tube,,,,,,66000,50/60 Hz,2017,Yes,Yes
2348,https://en.wind-turbine-models.com/turbines/2348-vestas-v164-10-0,Vestas,Vestas V164-10.0,10000,164,21124,3,107,3,31,12.5,10.4,Medium-speed low voltage 3-phase synchronous permanent magnet,,steel tube,,,,,,730,50/60 Hz,,Yes,Yes
2425,https://en.wind-turbine-models.com/turbines/2425-vestas-v172-7-2-enventus,Vestas,Vestas V172-7.2 EnVentus,7200,172,23235,3,112,3,25,,,36-pole permanent magnet synchronous generator,,steel or hybrid with concrete-steel*,,,,,,,50/60 Hz,2022,No,Yes
2347,https://en.wind-turbine-models.com/turbines/2347-vestas-v174-9-5,Vestas,Vestas V174-9.5,9500,174,23779,3,110,3,31,12,,Medium-speed low voltage 3-phase synchronous permanent magnet,,steel tube,390000,,,35000,,730,50 Hz,2020,Yes,Yes
2317,https://en.wind-turbine-models.com/turbines/2317-vestas-v236-15-0,Vestas,Vestas V236-15.0,15000,236,43742,3,,3,31,11.1,,permanent magnet,,steel tube,,,,,,784,50/60 Hz,2022,Yes,Yes
1024,https://en.wind-turbine-models.com/turbines/1024-victor-energy-victor-5kw,Victor Energy,Victor Energy Victor 5kW,5,3,7,3,9,3.5,25,10,70,synchronous permanent,,steel tube,,,,,,690,50 Hz,2009,No,Yes
1426,https://en.wind-turbine-models.com/turbines/1426-vind-teknik-520,Vind Teknik,Vind Teknik 520,,,,,,,,,,,,,,,,,,,,,No,Yes
220,https://en.wind-turbine-models.com/turbines/220-vind-syssel-vs130-22,Vind-Syssel,Vind-Syssel VS130/22,130,22.2,387,3,26,4,23,12,45,induction 6/8pole,,lattice,,,,,,400,50 Hz,,No,Yes
219,https://en.wind-turbine-models.com/turbines/219-vind-syssel-vs150-22,Vind-Syssel,Vind-Syssel VS150/22,150,22,380,3,25,4,23,14,44,Asynchronus,,Steel tube,,,,,,400,50 Hz,,No,Yes
218,https://en.wind-turbine-models.com/turbines/218-vind-syssel-vs270-26,Vind-Syssel,Vind-Syssel VS270/26,270,26,531,3,32,,,,,,,,,,,,,,,,No,Yes
710,https://en.wind-turbine-models.com/turbines/710-vind-syssel-vs270-26,Vind-Syssel,Vind-Syssel VS270/26,270,26,531,3,31,4,24,15,,induction,,Steel tube,,,,,,400,50 Hz,,No,Yes
1025,https://en.wind-turbine-models.com/turbines/1025-vindby-v1a-g9,Vindby,Vindby V1A-G9,1,1.8,2.5,5,2,2.5,,,,Multipolet PMG,,steel tube/lattice,,,,,200,240,,,No,Yes
931,https://en.wind-turbine-models.com/turbines/931-voith-dfvlr-10kw,Voith,Voith DFVLR 10kW,10,11.3,100,2,10,,,8.5,135,Asynchronus,,Steel tube,400,100,600,0,1100,400,50 Hz,1980,No,Yes
1069,https://en.wind-turbine-models.com/turbines/1069-vwt-power-qr5,VWT Power,VWT Power qr5,6.5,3.1,16,3,5,5,26,16,,,,,500,,,,,,,,No,Yes
1070,https://en.wind-turbine-models.com/turbines/1070-vwt-power-hy5,VWT Power,VWT Power hy5,5,5.6,24.6,3,8,3,25,11,240,synchronus permanent,,steel tube/lattice/guyed cable tower/special,,,,,,220,50 Hz,,No,Yes
1145,https://en.wind-turbine-models.com/turbines/1145-w2e-wind-to-energy-harvester-2-0-mw,W2E Wind to Energy,W2E Wind to Energy Harvester 2.0 MW,2000,116,10568.3,3,100,3,20,10,,Double fed induction,,steel tube / *hybrid,,,,,,,50/60 Hz,,No,Yes
963,https://en.wind-turbine-models.com/turbines/963-w2e-wind-to-energy-w2e-93-2-0,W2E Wind to Energy,W2E Wind to Energy W2E-93/2.0,2050,93.2,6822,3,70,3,25,12,17.7,Double fed induction,,steel tube / *lattice,,45000,240000,8200,,690,50/60 Hz,2011,No,Yes
1146,https://en.wind-turbine-models.com/turbines/1146-w2e-wind-to-energy-w2e-100-2-5,W2E Wind to Energy,W2E Wind to Energy W2E-100/2.5,2500,100,7854,3,85,3.5,25,12.5,16.5,Double fed induction,,steel tube / *lattice,96000,60000,350000,,500000,690,50/60 Hz,,No,Yes
1148,https://en.wind-turbine-models.com/turbines/1148-w2e-wind-to-energy-w2e-100-2-0,W2E Wind to Energy,W2E Wind to Energy W2E-100/2.0,2050,100,7854,3,70,3.5,25,11.5,,Double fed induction,,steel tube / *lattice,,,,,,,50/60 Hz,,No,Yes
1147,https://en.wind-turbine-models.com/turbines/1147-w2e-wind-to-energy-w2e-103-2-5,W2E Wind to Energy,W2E Wind to Energy W2E-103/2.5,2500,103,8332,3,85,3.5,25,12.5,17.1,Double fed induction,,steel tube / *lattice,96000,60000,350000,,500000,690,50/60 Hz,,No,Yes
1965,https://en.wind-turbine-models.com/turbines/1965-w2e-wind-to-energy-w2e-110-2-5,W2E Wind to Energy,W2E Wind to Energy W2E-110/2.5,2500,110,9503,3,85,3.5,25,12.5,,double fed induction,,steel tube,,,,,,,50/60 Hz,,No,Yes
737,https://en.wind-turbine-models.com/turbines/737-w2e-wind-to-energy-w2e-120-3fc,W2E Wind to Energy,W2E Wind to Energy W2E-120/3fc,3000,120,11309.7,3,90,3,25,13,,Synchronous permanent,,Steel tube/Hybrid,,,,,,,50/60 Hz,,No,Yes
1143,https://en.wind-turbine-models.com/turbines/1143-w2e-wind-to-energy-w2e-120-3-3fc,W2E Wind to Energy,W2E Wind to Energy W2E-120/3.3fc,3300,120,11309.7,3,,,,,,,,,,,,,,,,,No,Yes
1963,https://en.wind-turbine-models.com/turbines/1963-w2e-wind-to-energy-w2e-120-3-5fc,W2E Wind to Energy,W2E Wind to Energy W2E-120/3.5fc,3500,120,11309.7,3,90,3,25,13,,synchronous permanent,,steel tube / hydrid,,,,,,,50/60 Hz,,No,Yes
1964,https://en.wind-turbine-models.com/turbines/1964-w2e-wind-to-energy-w2e-120-3-2fc,W2E Wind to Energy,W2E Wind to Energy W2E-120/3.2fc,3200,120,11309.7,3,90,3,25,13,,synchronous permanent,,steel tube / hydrid,,,,,,,50/60 Hz,,No,Yes
1142,https://en.wind-turbine-models.com/turbines/1142-w2e-wind-to-energy-w2e-133-3fc,W2E Wind to Energy,W2E Wind to Energy W2E-133/3fc,3000,133,13892.9,3,,,,,,,,,,,,,,,,,No,Yes
1967,https://en.wind-turbine-models.com/turbines/1967-w2e-wind-to-energy-w2e-138-3-0fc,W2E Wind to Energy,W2E Wind to Energy W2E-138/3.0fc,3000,138,14957,3,100,3,20,12,,synchronous permanent,,steel tube / hydrid / lattice,,,,,,,50/60 Hz,,No,Yes
1962,https://en.wind-turbine-models.com/turbines/1962-w2e-wind-to-energy-w2e-145-3-0fc,W2E Wind to Energy,W2E Wind to Energy W2E-145/3.0fc,3000,145,16513,3,90,3,22,10.5,,synchronous permanent,,steel tube,,,,,,,50/60 Hz,,No,Yes
1966,https://en.wind-turbine-models.com/turbines/1966-w2e-wind-to-energy-w2e-151-4-5,W2E Wind to Energy,W2E Wind to Energy W2E-151/4.5,4500,151,17908,3,100,3,20,12,,doubly-fed induction,,steel tube / hydrid / lattice,,,,,,,50/60 Hz,,No,Yes
2337,https://en.wind-turbine-models.com/turbines/2337-w2e-wind-to-energy-w2e-151-4-8,W2E Wind to Energy,W2E Wind to Energy W2E-151/4.8,4800,151,17907,3,120,3,20,13,,Doubly-fed induction generator (DFIG),,steel tube,,,,,,,50/60 Hz,,No,Yes
2334,https://en.wind-turbine-models.com/turbines/2334-w2e-wind-to-energy-w2e-151-4-8fc,W2E Wind to Energy,W2E Wind to Energy W2E-151/4.8fc,4800,151,17907,3,120,3,20,13.5,,Squirrel cage induction generator,,steel tube,,,,,,,50/60 Hz,,No,Yes
2336,https://en.wind-turbine-models.com/turbines/2336-w2e-wind-to-energy-w2e-155-4-5fc,W2E Wind to Energy,W2E Wind to Energy W2E-155/4.5fc,4500,155,18869,3,120,3,22,13,,Squirrel cage induction generator,,steel tube,,,,,,,50/60 Hz,,No,Yes
2335,https://en.wind-turbine-models.com/turbines/2335-w2e-wind-to-energy-w2e-165-5-2,W2E Wind to Energy,W2E Wind to Energy W2E-165/5.2,5200,165,21382,3,140000,3,20,12,,DFIG or SCIG,,,,,,,,,50/60 Hz,,No,Yes
2332,https://en.wind-turbine-models.com/turbines/2332-w2e-wind-to-energy-w2e-171-8-0,W2E Wind to Energy,W2E Wind to Energy W2E-171/8.0,8000,171,22965,3,160000,3,25,14.5,,DFIG or SCIG,,,,,,,,,50/60 Hz,,Yes,Yes
2330,https://en.wind-turbine-models.com/turbines/2330-w2e-wind-to-energy-w2e-172-5-5,W2E Wind to Energy,W2E Wind to Energy W2E-172/5.5,5500,172,23235,3,160000,3,25,12,,synchronous,,,,,,,,,50/60 Hz,,Yes,Yes
2333,https://en.wind-turbine-models.com/turbines/2333-w2e-wind-to-energy-w2e-185-6-0,W2E Wind to Energy,W2E Wind to Energy W2E-185/6.0,6000,185,26880,3,160000,3,25,12,,PMG or DFIG. SCIG,,,,,,,,,50/60 Hz,,Yes,Yes
2331,https://en.wind-turbine-models.com/turbines/2331-w2e-wind-to-energy-w2e-215-9-0,W2E Wind to Energy,W2E Wind to Energy W2E-215/9.0,9000,215,36305,3,170000,3,25,13,,synchronous,,,,,,,,,50/60 Hz,,Yes,Yes
1144,https://en.wind-turbine-models.com/turbines/1144-w2e-wind-to-energy-harvester-3-3-mw,W2E Wind to Energy,W2E Wind to Energy Harvester 3.3 MW,3300,130,13273.3,3,100,3,20,10,,synchronous permanent,,steel tube / *hybrid,,,,,,,50/60 Hz,,No,Yes
2039,https://en.wind-turbine-models.com/turbines/2039-wagner-rotor-fuerteventura-prototype,Wagner - Rotor,Wagner - Rotor Fuerteventura prototype,,,,2,,,,,,,,,,,,,,,,,No,No
2532,https://en.wind-turbine-models.com/turbines/2532-wagner-rotor-wr60,Wagner - Rotor,Wagner - Rotor WR60,60,17,,4,25,,,,,,,,,,,,,,,2005,No,Yes
1441,https://en.wind-turbine-models.com/turbines/1441-schoenball-energie-noah-10-45-kw,Schönball Energie,Schönball Energie NOAH 10/45 kW,45,12,113,3,12,3,25,16,70,synchronous,,lattice,5200,600,,,,,,,No,Yes
2135,https://en.wind-turbine-models.com/turbines/2135-wdrvm-wd2-5-103,WDRVM,WDRVM WD2.5-103,2500,103,8328,3,70,3,25,12,15.6,DFIG or PMSG,,steel tube,,56000,270000,11700,,690,50/60 Hz,2019,No,Yes
546,https://en.wind-turbine-models.com/turbines/546-wecs-tech-wecs-tech-1558,WECS-TECH,WECS-TECH Wecs-Tech 1558,150,17.7,246,3,,,,,60,,,Steel tube,,,,,,,,,No,Yes
2182,https://en.wind-turbine-models.com/turbines/2182-wenergy-m-22,Wenergy,Wenergy M 22,22,9.8,78,3,19,4,,17,76,asynchronous,,steel tube,2200,,2500,,,380,50/60 Hz,,No,Yes
2183,https://en.wind-turbine-models.com/turbines/2183-wenergy-m-23,Wenergy,Wenergy M 23,22,23,415,3,31,4,28,14,45,asynchronous,,steel tube,10000,,12000,,,380,50/60 Hz,,No,Yes
2184,https://en.wind-turbine-models.com/turbines/2184-wenergy-m-66-13-us-m-55-11,Wenergy,Wenergy M 66-13-US/ M 55-11,65,16,200,3,23,4,,16,,asynchronous,,steel tube,4500,,6500,,,380,50/60 Hz,,No,Yes
2185,https://en.wind-turbine-models.com/turbines/2185-wenergy-m-108-m-95,Wenergy,Wenergy M 108/ M 95,108,19.3,293,3,23,4,28,15,44,asynchronous,,steel tube,6300,,7200,,,380,50/60 Hz,,No,Yes
2468,https://en.wind-turbine-models.com/turbines/2468-wepfair-hans,WepfAir,WepfAir Hans,250,14,,18,15.6,,,,,,,,,,,,,,,2014,No,Yes
2467,https://en.wind-turbine-models.com/turbines/2467-wepfair-windturbine-2016,WepfAir,WepfAir Windturbine 2016,80,14,,6,15.8,,,,,,,Stahlrohr,,,,,18000,,,2016,No,Yes
925,https://en.wind-turbine-models.com/turbines/925-wes-18-80,WES,WES 18/80,80,18,255,2,18,3,25,13,120,induction,,steel tube / lattice,2200,1100,7800,100,12000,400,50/60 Hz,1983,No,Yes
924,https://en.wind-turbine-models.com/turbines/924-wes-18-100,WES,WES 18/100,100,17.9,254,2,18,3,25,13,,induction,,steel tube / lattice,2200,1100,7800,100,11500,400,50/60 Hz,1983,No,Yes
926,https://en.wind-turbine-models.com/turbines/926-wes-20-50,WES,WES 20/50,50,20,314,2,15,3,25,9.5,100,induction,,steel tube / lattice,2200,1100,7800,100,12000,400,50 Hz,,No,Yes
923,https://en.wind-turbine-models.com/turbines/923-wes-30-250,WES,WES 30/250,250,30,707,2,30,3.5,25,13,,induction,,steel tube,7100,3600,12500,300,24000,400,50/60 Hz,1994,No,Yes
1077,https://en.wind-turbine-models.com/turbines/1077-west-gamma-2,West,West Gamma 2,2000,60,2827,2,66,3.8,20.6,11.3,55,synchronous,,steel tube,77000,,130000,6400,230000,660,50 Hz,,No,Yes
823,https://en.wind-turbine-models.com/turbines/823-west-gamma-60,West,West Gamma 60,1500,60,2827,2,61,4,27,14,44,Asynchronus,,Steel tube,89000,21000,121000,6500,240000,1450,50 Hz,1992,No,Yes
1076,https://en.wind-turbine-models.com/turbines/1076-west-medit-320,West,West Medit 320,320,33,855,2,26,4.2,17.5,11.5,41.6,asynchronous,,steel tube,15000,,16000,1500,38000,380,60 Hz,,No,Yes
555,https://en.wind-turbine-models.com/turbines/555-westwind-westwind,WestWind,WestWind WestWind,,,,,,,,,,,,,,,,,,,,,No,Yes
299,https://en.wind-turbine-models.com/turbines/299-wikov-w2000-93,Wikov,Wikov W2000-93,2000,93,6793,3,80,3,20,11,18.1,synchronus,,tubular steel,,,,,,6300,,,No,Yes
2192,https://en.wind-turbine-models.com/turbines/2192-wincon-w-3-windflower,Wincon,"Wincon W 3 ""Windflower""",3,3.7,10.7,12,9,3.5,,,160,synchronous,,steel tube with steel wire,,,,,,240,0-400 Hz,,No,Yes
2186,https://en.wind-turbine-models.com/turbines/2186-wincon-m-22,Wincon,Wincon M 22,22,9.8,78,3,19,4,,17,,asynchronous,,steel tube,2200,,2500,,,380,50 Hz,,No,Yes
2187,https://en.wind-turbine-models.com/turbines/2187-wincon-m-55-11,Wincon,Wincon M 55/11,55,16,200,3,23,4,,15,,asynchronous 55kW / 11 kW,,steel tube,4500,,6500,,,380,50 Hz,,No,Yes
707,https://en.wind-turbine-models.com/turbines/707-wincon-w99,Wincon,Wincon W99,99,19.6,302,3,23,4,35,16,45,asynchronous,,steel tube,5500,,7200,,,380,50 Hz,,No,Yes
604,https://en.wind-turbine-models.com/turbines/604-wincon-w99-xt,Wincon,Wincon W99 XT,100,21,346,3,23,4.5,30,16,41,asynchronous,,steel tube,6300,,7200,,,380,50 Hz,,No,Yes
2188,https://en.wind-turbine-models.com/turbines/2188-wincon-m-100,Wincon,Wincon M 100,108,19,284,3,23,4,,14,,asynchronous,,steel tube,6300,,7200,,,380,50 Hz,,No,Yes
2190,https://en.wind-turbine-models.com/turbines/2190-wincon-w110-xt,Wincon,Wincon W110/XT,105,21,346,3,22,4.5,25,13,38.7,asynchronous,,16-edged,,,,,,380,50 Hz,,No,Yes
2189,https://en.wind-turbine-models.com/turbines/2189-wincon-w110-19-6,Wincon,"Wincon W110/19,6",110,19.6,302,3,23,4,,14,,asynchronous,,steel tube,5500,,7200,,,380,50/60 Hz,,No,Yes
2191,https://en.wind-turbine-models.com/turbines/2191-wincon-w200-24,Wincon,Wincon W200/24,200,24,452,3,30,4.5,25,14,41.5,asynchronous,,16-edged,,,,,,380,50 Hz,,No,Yes
1424,https://en.wind-turbine-models.com/turbines/1424-wincon-w200-25,Wincon,Wincon W200/25,200,25,491,3,29,4.5,25,12,41,asynchronous,,steel tube,,,,,,400,50 Hz,,No,Yes
708,https://en.wind-turbine-models.com/turbines/708-wincon-w200-26,Wincon,Wincon W200/26,200,26,530,3,30,4.5,25,13,39.5,Asynchronus,,Steel tube,,,,,,400,50 Hz,,No,Yes
181,https://en.wind-turbine-models.com/turbines/181-wincon-w200-26-gedser,Wincon,Wincon W200/26 Gedser,200,26,530,3,25,4.5,25,13,39.5,Asynchronus,,concrete,,,,,,400,50 Hz,,No,Yes
724,https://en.wind-turbine-models.com/turbines/724-wincon-w250-29,Wincon,Wincon W250/29,250,29,660,3,30,3,25,15,38,Asynchronus,,Steel tube,,,,,,400,50 Hz,,No,Yes
709,https://en.wind-turbine-models.com/turbines/709-wincon-w600-45,Wincon,Wincon W600/45,600,45,1590,3,45,,,,,,,Steel tube,,,,,,,,,No,Yes
441,https://en.wind-turbine-models.com/turbines/441-wincon-w755-48,Wincon,Wincon W755/48,755,48,1810,3,45,4,25,14,25,Asycron,,Steel tube,21600000,21000000,,,,690,50 Hz,,No,Yes
1375,https://en.wind-turbine-models.com/turbines/1375-weg-wind-energygroup-prototypes,WEG Wind EnergyGroup,WEG Wind EnergyGroup prototypes,,,,,,,,,,,,,,,,,,,,,No,Yes
1020,https://en.wind-turbine-models.com/turbines/1020-weg-wind-energygroup-ls1,WEG Wind EnergyGroup,WEG Wind EnergyGroup LS1,3000,60,2827,2,45,7,27,17,34,synchronous,,concrete,,31000,,,,11000,50 Hz,1985,No,Yes
1351,https://en.wind-turbine-models.com/turbines/1351-weg-wind-energygroup-weg-ms-1,WEG Wind EnergyGroup,WEG Wind EnergyGroup WEG MS-1,250,20,314,2,16.3,7.5,27,17,88,synchronous,,steel cylinder on concrete frustrum,18000,,,3000,,415,50 Hz,1983,No,Yes
609,https://en.wind-turbine-models.com/turbines/609-weg-wind-energygroup-weg-ms-2,WEG Wind EnergyGroup,WEG Wind EnergyGroup WEG MS-2,250,25,491,3,25,6,24,14,48,Asynchronus,,Steel tube,5000,,9000,2000,16000,480,60.0 Hz,,No,Yes
610,https://en.wind-turbine-models.com/turbines/610-weg-wind-energygroup-weg-ms-3,WEG Wind EnergyGroup,WEG Wind EnergyGroup WEG MS-3,300,33,855,2,25,5,25,11.5,48,induction or synchronous,,tapered galvanised steel,11500,,13000,1000,24500,480,60.0 Hz,,No,Yes
825,https://en.wind-turbine-models.com/turbines/825-weg-wind-energygroup-weg-ms-4,WEG Wind EnergyGroup,WEG Wind EnergyGroup WEG MS-4,600,41,1320,3,40,4,25,14,29,Asynchronus,,Steel tube,22700,8800,31000,1700,62200,660,50 Hz,1997,No,Yes
1549,https://en.wind-turbine-models.com/turbines/1549-wespa-200-29,WESPA,WESPA 200/29,200,29.8,698,3,36,4,25,14,41,induction,,steel tube,8300,5300,32000,,45500,415,50 Hz,,No,Yes
1550,https://en.wind-turbine-models.com/turbines/1550-wespa-200-31,WESPA,WESPA 200/31,200,31,755,3,36,4,25,13.5,41.2,induction,,steel tube,8300,5500,32000,,45800,415,50 Hz,,No,Yes
1548,https://en.wind-turbine-models.com/turbines/1548-wespa-500-47,WESPA,WESPA 500/47,500,47,1735,3,45,4,25,14.5,25,induction,,steel tube,38600,,,,,690,50 Hz,,No,Yes
1547,https://en.wind-turbine-models.com/turbines/1547-wespa-750-47,WESPA,WESPA 750/47,750,47,1735,3,45,4,25,14.5,25,induction,,steel tube,38600,,,,,690,50 Hz,,No,Yes
1052,https://en.wind-turbine-models.com/turbines/1052-windmatic-wm-10s-22,Windmatic,Windmatic WM 10s-22,22,10.2,81.7,3,12,3,25,15,67,induction,,lattice,2000,,,,,380,50 Hz,,No,Yes
1051,https://en.wind-turbine-models.com/turbines/1051-windmatic-wm-12s-30,Windmatic,Windmatic WM 12s-30,30,12.5,122.7,3,,,,,,,,lattice,,,,,,,,,No,Yes
176,https://en.wind-turbine-models.com/turbines/176-windmatic-wm-14-55,Windmatic,Windmatic WM 14-55,55,14,154,3,18,,,,,,,Lattice,,,,,,,,,No,Yes
552,https://en.wind-turbine-models.com/turbines/552-windmatic-wm-14s-65,Windmatic,Windmatic WM 14s-65,65,14,154,3,18,,,,,,,,,,,,,,,,No,Yes
712,https://en.wind-turbine-models.com/turbines/712-windmatic-wm-15s-55,Windmatic,Windmatic WM 15s-55,55,14.5,189,3,18,3.5,25,15,58,Asynchronus,,Steel tube/Lattice,,,,,,400,50 Hz,,No,Yes
593,https://en.wind-turbine-models.com/turbines/593-windmatic-wm-15s-66,Windmatic,Windmatic WM 15s-66,66,15.5,189,3,18,3.5,25,15,58,Asynchronus,,Steel tube/Lattice,4000,,,1200,,480,60 Hz,,No,Yes
177,https://en.wind-turbine-models.com/turbines/177-windmatic-wm-17s-75,Windmatic,Windmatic WM 17s-75,75,17,227,3,18,3.5,25,15,58,Asynchronus,,steel tube / lattice,4100,1300,4800,300,10100,480,50 Hz,,No,Yes
683,https://en.wind-turbine-models.com/turbines/683-windmatic-wm-17-75,Windmatic,Windmatic WM 17-75,75,17,225,3,18,3.5,25,15,58,Asynchronus,,Steel tube/Lattice,4100,1300,4800,300,10100,400,50 Hz,,No,Yes
590,https://en.wind-turbine-models.com/turbines/590-windmatic-wm-17s-95,Windmatic,Windmatic WM 17s-95,95,17,227,3,18,3.5,25,15,58,Asynchronus,,Steel tube/Lattice,4100,1300,4800,300,10100,480,60 Hz,,No,Yes
684,https://en.wind-turbine-models.com/turbines/684-windmatic-wm-19-99,Windmatic,Windmatic WM 19-99,99,19,283.5,3,24,3.5,25,12,52,induction,,steel tube / lattice,,,,,,418,50 Hz,,No,Yes
174,https://en.wind-turbine-models.com/turbines/174-windmatic-wm-19-105,Windmatic,Windmatic WM 19-105,105,19,284,3,30,,,,48,Asynchronus,,Lattice,,,,,,380,50 Hz,,No,Yes
985,https://en.wind-turbine-models.com/turbines/985-windmatic-wm-20s,Windmatic,Windmatic WM 20s,130,19.4,295.6,3,24,3.5,25,,52,induction,,Lattice or steel tube,,,,,,415,50 Hz,,No,Yes
2770,https://en.wind-turbine-models.com/turbines/2770-windmatic-wm-22-sx,Windmatic,Windmatic WM 22 sx,180,22,380,3,30,3.5,25,,45.5,induction,,steel tube,,,,,,418,50 Hz,1988,No,Yes
175,https://en.wind-turbine-models.com/turbines/175-windmatic-wm-23-200,Windmatic,Windmatic WM 23-200,200,23,416,3,30,3,25,,42,induction,,steel tube,,,,,,415,50 Hz,,No,Yes
408,https://en.wind-turbine-models.com/turbines/408-wtn-wind-techniknord-wtn-200-26,WTN Wind TechnikNord,WTN Wind TechnikNord WTN 200/26,200,26,531,3,30,4,25,13,40,Asynchronus,,Steel tube,10800,,25000,800,,400,50.0 Hz,,No,Yes
2528,https://en.wind-turbine-models.com/turbines/2528-wtn-wind-techniknord-wtn-250i,WTN Wind TechnikNord,WTN Wind TechnikNord WTN 250i,250,30,707,3,25,,,,,,,steel tube,,,,,,,50/60 Hz,,No,Yes
1273,https://en.wind-turbine-models.com/turbines/1273-wtn-wind-techniknord-wtn-250-30,WTN Wind TechnikNord,WTN Wind TechnikNord WTN 250/30,250,30,707,3,30,4,25,14,40,asynchronous,,steel tube/lattice/edged,9800,4200,32000,1200,46000,400,50/60 Hz,,No,Yes
1073,https://en.wind-turbine-models.com/turbines/1073-wtn-wind-techniknord-wtn-500-37,WTN Wind TechnikNord,WTN Wind TechnikNord WTN 500/37,500,37,1075,3,40,4,25,14,30,asynchronous,,steel tube,21000,,30000,1600,58000,690,50 Hz,,No,Yes
1504,https://en.wind-turbine-models.com/turbines/1504-wtn-wind-techniknord-wtn-500-48,WTN Wind TechnikNord,WTN Wind TechnikNord WTN 500/48,500,48,1810,3,50,3,25,12,30,induction,,steel tube / lattice,24500,11800,61500,2100,98000,690,50 Hz,,No,Yes
415,https://en.wind-turbine-models.com/turbines/415-wtn-wind-techniknord-wtn-643,WTN Wind TechnikNord,WTN Wind TechnikNord WTN 643,600,43,1452,3,40,4,25,12,27,Asynchronus,,Steel tube,20500,,48000,2000,,690,50 Hz,,No,Yes
1171,https://en.wind-turbine-models.com/turbines/1171-wtn-wind-techniknord-wtn-646,WTN Wind TechnikNord,WTN Wind TechnikNord WTN 646,600,46,1662,3,50,3,25,12,30,induction,,steel tube,24500,10500,95000,1700,130000,690,50 Hz,,No,Yes
1505,https://en.wind-turbine-models.com/turbines/1505-wtn-wind-techniknord-wtn-648,WTN Wind TechnikNord,WTN Wind TechnikNord WTN 648,600,48,1810,3,50,3,25,12,30,induction,,steel tube/ lattice,24500,10700,95000,1700,130000,690,50 Hz,,No,Yes
1430,https://en.wind-turbine-models.com/turbines/1430-wind-world-india-ww-53,Wind World (India),Wind World (India) ww-53,800,52.9,2007,3,74,3,28,11.5,29.5,synchronous,,concrete,,,,,,,,,No,Yes
244,https://en.wind-turbine-models.com/turbines/244-wind-world-ww-750-52,Wind World,Wind World WW 750/52,750,52,2123.7,3,44,3.5,20,13,22,induction,,Steel tube,25000,16000,73000,,115000,690,50.0 Hz,,No,Yes
241,https://en.wind-turbine-models.com/turbines/241-wind-world-w2080,Wind World,Wind World W2080,120,20.8,340,,24,4,25,14,42.6,Leroy Somer,,Rørtårn,3100,2600,7500,,,380,,,No,Yes
237,https://en.wind-turbine-models.com/turbines/237-wind-world-w2320-150,Wind World,Wind World W2320/150,150,23.2,423,,29.7,4,25,13,41.9,,,Rørtårn,4200,3000,10500,,,380,,,No,Yes
242,https://en.wind-turbine-models.com/turbines/242-wind-world-w2320-160,Wind World,Wind World W2320/160,160,23.2,423,,29.7,4,25,13,41.9,ASEA,,Rørtårn,4200,3000,10500,,,380,,,No,Yes
722,https://en.wind-turbine-models.com/turbines/722-wind-world-w2460-100,Wind World,Wind World W2460/100,100,24.6,475,3,30,,,,,,,Steel tube,,,,,,,,,No,Yes
239,https://en.wind-turbine-models.com/turbines/239-wind-world-w2500,Wind World,Wind World W2500,220,25,491,3,31,2,25,13.5,41,asynchronous,,steel tube,6800,5000,13500,800,25000,400,50 Hz,,Yes,Yes
238,https://en.wind-turbine-models.com/turbines/238-wind-world-w2700,Wind World,Wind World W2700,150,27,573,3,31,3,25,12,35.7,induction,,steel tube,8000,5700,13500,800,25000,415,50 Hz,,No,Yes
723,https://en.wind-turbine-models.com/turbines/723-wind-world-w2800-150,Wind World,Wind World W2800/150,150,28,616,3,30,4,25,,53,induction,,Steel tube,6800,5700,19000,800,31000,400,50 Hz,,No,Yes
379,https://en.wind-turbine-models.com/turbines/379-wind-world-w3000-250,Wind World,Wind World W3000/250,250,29.2,670,3,31,2,25,12,38.5,Asynchronus,,Steel tube,7900,5000,34000,800,47000,400,50.0 Hz,,No,Yes
240,https://en.wind-turbine-models.com/turbines/240-wind-world-w3700,Wind World,Wind World W3700,500,37,1075,3,33.5,2,25,13,30,asynchronous,,steel tube,21400,11000,27000,1600,60000,690,50 Hz,,No,Yes
143,https://en.wind-turbine-models.com/turbines/143-wind-world-w4100,Wind World,Wind World W4100,500,40.1,1263,3,41.5,2,20,15,28.2,Asynchronus,,Tubular steel,26100,7800,39000,1400,73000,690,50.0 Hz,,No,Yes
243,https://en.wind-turbine-models.com/turbines/243-wind-world-w4200,Wind World,Wind World W4200,600,42,1385,3,45,4.5,20,14,28.2,induction,,Steel tube,23000,12400,70000,,106000,690,50.0 Hz,,No,Yes
420,https://en.wind-turbine-models.com/turbines/420-wind-world-w4800-750,Wind World,Wind World W4800/750,750,48,1810,3,41.5,2,25,12.5,30,Asynchronus,,Steel tube,25000,,54000,1500,,690,50.0 Hz,,No,Yes
2358,https://en.wind-turbine-models.com/turbines/2358-wind-world-w5200-750,Wind World,Wind World W5200/750,750,52,2123,3,45,3.5,20,13,22,induction,,steel tube,25000,16000,73000,,115000,690,50 Hz,1998,No,Yes
721,https://en.wind-turbine-models.com/turbines/721-windflow-33-500,Windflow,Windflow 33-500,500,33.2,866,2,29,5.5,30,13.7,51,synchron,,steel tube,12700,4000,28600,900,45000,415,50/60 Hz,,No,Yes
1943,https://en.wind-turbine-models.com/turbines/1943-windflow-45-500,Windflow,Windflow 45-500,500,45,1590,2,31.5,4.5,25,11.5,35,synchronous directly on-line,,steel tube,20400,,25000,,45400,480,50/60 Hz,,No,Yes
1496,https://en.wind-turbine-models.com/turbines/1496-windflower-w3,Windflower,Windflower W3,3,3.7,10.7,12,9,3.5,,19,158,synchronous,,steel wire,,,,,,240,0-400 Hz,,No,Yes
348,https://en.wind-turbine-models.com/turbines/348-windharvester-wh-15,Windharvester,Windharvester WH 15,15,,,,9,,,,,,,,,,,,,,,,No,Yes
349,https://en.wind-turbine-models.com/turbines/349-windharvester-wh-45,Windharvester,Windharvester WH 45,45,17,227,3,15.5,4,20.2,11.2,,,,Lattice,,,,,,,,,No,Yes
1744,https://en.wind-turbine-models.com/turbines/1744-windkraft-zuercher-300-kw,Windkraft Zürcher,Windkraft Zürcher 300 kW,300,22,216,3,22,1.2,30,10,6,synchronous permanent,,steel tube,,8500,14500,2500,23000,460,50 Hz,,No,Yes
2239,https://en.wind-turbine-models.com/turbines/2239-windkraft-zentrale-elektromat-0-2kw-hd212,Windkraft-Zentrale,"Windkraft-Zentrale elektrOmat 0,2kW HD212",0.2,2,3.1,2,3,3,17,7.9,900,four-pole DC generator,,lattice,,,,,,12,50 Hz,,No,Yes
2238,https://en.wind-turbine-models.com/turbines/2238-windkraft-zentrale-elektromat-0-3kw-hd312,Windkraft-Zentrale,"Windkraft-Zentrale elektrOmat 0,3kW HD312",0.3,2.3,4.2,2,4,2.2,25,8,360,Permanent magnet brushless,,lattice,0,,,,,12,50 Hz,,No,Yes
115,https://en.wind-turbine-models.com/turbines/115-windkraft-zentrale-elektromat-10kw,Windkraft-Zentrale,Windkraft-Zentrale elektrOmat 10kW,10,4,12.6,16,,,,,,,,,,,,,,,,,No,Yes
2285,https://en.wind-turbine-models.com/turbines/2285-windkraft-zentrale-elektromat-10kw-3-blade-version,Windkraft-Zentrale,Windkraft-Zentrale elektrOmat 10kW / 3 blade version,10,10,78,3,14,4,48,12,70,inner pole synchronous. 4-pol,,lattice,1000,400,1700,100,3000,380,50. variable Hz,1985,No,Yes
1579,https://en.wind-turbine-models.com/turbines/1579-windkraft-zentrale-elektromat-12kw,Windkraft-Zentrale,Windkraft-Zentrale elektrOmat 12kW,12,,,,,,,,,,,,,,,,,,,,No,Yes
1580,https://en.wind-turbine-models.com/turbines/1580-windkraft-zentrale-elektromat-20kw,Windkraft-Zentrale,Windkraft-Zentrale elektrOmat 20kW,20,10,86,3,14,3,30,11,70,synchronous,,lattice,1000,400,1700,,3000,380,50 Hz,,No,Yes
921,https://en.wind-turbine-models.com/turbines/921-windkraft-zentrale-elektromat-25kw,Windkraft-Zentrale,Windkraft-Zentrale elektrOmat 25kW,25,10.4,85,3,14.5,4,48,11,75,synchronous,,Lattice,1000,400,1700,,3000,380,50 Hz,1987,No,Yes
328,https://en.wind-turbine-models.com/turbines/328-windmaster-hmz-wm-100,WindMaster / HMZ,WindMaster / HMZ WM 100,100,22,373,3,23,4.5,22,10.8,48,induction,,tubular tapered welded steel,,,8600,,15500,380,50/60 Hz,,No,Yes
2193,https://en.wind-turbine-models.com/turbines/2193-windmaster-hmz-wm-150,WindMaster / HMZ,WindMaster / HMZ WM 150,150,22,373,3,23,5,25,12.5,52,induction,,tubular tapered welded steel,,,8600,,18500,380,50/60 Hz,,No,Yes
2196,https://en.wind-turbine-models.com/turbines/2196-windmaster-hmz-wm-200,WindMaster / HMZ,WindMaster / HMZ WM 200,200,21.8,373,3,23,5,26,16,54,induction,,tubular tapered welded steel,,,8600,,18500,380,50/60 Hz,,No,Yes
2197,https://en.wind-turbine-models.com/turbines/2197-windmaster-hmz-wm-225,WindMaster / HMZ,WindMaster / HMZ WM 225,225,22.5,400,3,23,4,25,17.5,54,induction,,tubular tapered welded steel,,,8600,,18500,380,50/60 Hz,,No,Yes
2194,https://en.wind-turbine-models.com/turbines/2194-windmaster-hmz-wm-300-25,WindMaster / HMZ,WindMaster / HMZ WM 300/25,300,25,492,3,22.6,5,25,15,52,induction,,steel tube. tapered,6200,3900,18000,800,25000,480,60 Hz,,No,Yes
326,https://en.wind-turbine-models.com/turbines/326-windmaster-hmz-wm-300-28,WindMaster / HMZ,WindMaster / HMZ WM 300/28,300,28,615,3,33,4,25,14,43,Asynchronus,,Steel tube,15000,,27000,800,,380,50.0 Hz,,No,Yes
1074,https://en.wind-turbine-models.com/turbines/1074-windmaster-hmz-wm-300-30,WindMaster / HMZ,WindMaster / HMZ WM 300/30,300,30,707,3,33,4,25,13,43,asynchronous,,steel tube,15000,,18000,900,38000,380,50 Hz,,No,Yes
2195,https://en.wind-turbine-models.com/turbines/2195-windmaster-hmz-wm-600-vs45,WindMaster / HMZ,WindMaster / HMZ WM 600 VS45,600,45.9,1655,3,52,3,25,11,32,asynchronous 4 poles,,steel tube,48000,12000,50000,1700,110000,690,50/60 Hz,,No,Yes
327,https://en.wind-turbine-models.com/turbines/327-windmaster-hmz-wm-750,WindMaster / HMZ,WindMaster / HMZ WM 750,750,43.4,1479,2,48,4.5,26,13,32,asynchronous,,steel tube,49000,,40000,2300,99000,660,50.0 Hz,,No,Yes
1075,https://en.wind-turbine-models.com/turbines/1075-windmaster-hmz-wm-1300,WindMaster / HMZ,WindMaster / HMZ WM 1300,1300,45,1590,2,57.4,5,25,15,33,asynchronous,,steel tube,,,,,,660,50 Hz,,No,Yes
2615,https://en.wind-turbine-models.com/turbines/2615-windmolens-op-maat-lwt25-45r200ht,Windmolens op Maat,Windmolens op Maat LWT25 / 45R200HT,25,16,199.8,3,15,3,25,12,45,induction,,tube tower featuring a ?lt Foot,1700,,3200,,4900,400,50 Hz,,No,Yes
1372,https://en.wind-turbine-models.com/turbines/1372-windspot-7-5kw,Windspot,Windspot 7.5Kw,7.5,6.3,31.2,3,12,3,20,12,,synchronous permanent,,steel tube,,,,,400,220,50/60 Hz,,No,Yes
416,https://en.wind-turbine-models.com/turbines/416-windtec-wt646,Windtec,Windtec WT646,600,45.8,1647,3,51,3.5,30,11.5,33,Double Fed Asyn,,concrete,19500,,353000,1500,,690,50 Hz,,No,Yes
1172,https://en.wind-turbine-models.com/turbines/1172-windtec-wt650,Windtec,Windtec WT650,600,50,1963,3,47,3.5,20,11,27,Double fed induction,,steel tube,28000,7500,68000,,105000,690,50 Hz,,No,Yes
676,https://en.wind-turbine-models.com/turbines/676-windtec-wt1566,Windtec,Windtec WT1566,1500,66,3421,3,,3,25,12,1122,,,,,,260000,5600000,,690,,2000,No,Yes
1167,https://en.wind-turbine-models.com/turbines/1167-windtec-wt1570,Windtec,Windtec WT1570,1500,70,3848,3,63,3.5,20,11,22,Double fed induction,,steel tube,70000,30000,130000,,240000,690,50.0 Hz,,No,Yes
1168,https://en.wind-turbine-models.com/turbines/1168-windtec-wt1577,Windtec,Windtec WT1577,1500,77,4708,3,93.6,3,20,11,19,Double fed induction,,steel tube / *hybrid,70000,33000,200000,,300000,690,50 Hz,,No,Yes
2316,https://en.wind-turbine-models.com/turbines/2316-windwise-maxcap-141,windwise,windwise maxcap 141,2300,141,15614,3,107,,,,,synchronous,,steel tube,,,,,,,50/60 Hz,2021,No,Yes
2649,https://en.wind-turbine-models.com/turbines/2649-windwise-maxcap-160,windwise,windwise maxcap 160,4000,160,20106,3,120,3,25,9.5,,synchronous,,steel tube,,,,,,,50/60 Hz,,No,Yes
539,https://en.wind-turbine-models.com/turbines/539-windworks-windworker-10,Windworks,Windworks Windworker 10,9,10,79,3,,,,,45,Synchronous multi-pole,,Steel tube,,,,,,,,,No,Yes
1544,https://en.wind-turbine-models.com/turbines/1544-winwind-wwd-1-d56,WinWinD,WinWinD WWD-1 D56,1000,56,2463,3,50,3.6,20,12.5,26,synchronous permanent,,steel tube,36000,20000,90000,,146000,690,50.0 Hz,,No,Yes
486,https://en.wind-turbine-models.com/turbines/486-winwind-wwd-1-d60,WinWinD,WinWinD WWD-1 D60,1000,60,2827,3,50,3.6,20,12.5,26,Synchronous permanent,,Steel tube,36000,20000,90000,3300,146000,690,50.0 Hz,,No,Yes
1543,https://en.wind-turbine-models.com/turbines/1543-winwind-wwd-1-d64,WinWinD,WinWinD WWD-1 D64,1000,64,3217,3,50,3.6,25,12.5,26,synchronous permanent,,steel tube,36000,20000,90000,,146000,690,50 Hz,,No,Yes
487,https://en.wind-turbine-models.com/turbines/487-winwind-wwd-3-d90,WinWinD,WinWinD WWD-3 D90,3000,90,6475,3,80,4,25,12.5,18,Synchronous permanent,,Steel tube,,,,,,690,50 Hz,,No,Yes
488,https://en.wind-turbine-models.com/turbines/488-winwind-wwd-3-d100,WinWinD,WinWinD WWD-3 D100,3000,100,7917,3,80,4,25,11.5,18,Synchronous permanent,,Steel tube,,,,,,690,50 Hz,,No,Yes
489,https://en.wind-turbine-models.com/turbines/489-winwind-wwd-3-d103,WinWinD,WinWinD WWD-3 D103,3000,103,8332,3,80,4,25,11.5,18,Synchronous permanent,,Steel tube,,,,,,690,50 Hz,,No,Yes
490,https://en.wind-turbine-models.com/turbines/490-winwind-wwd-3-d109,WinWinD,WinWinD WWD-3 D109,3000,109,9348,3,80,4,25,11,18,Synchronous permanent,,Steel tube,,,,,,690,50 Hz,,No,Yes
491,https://en.wind-turbine-models.com/turbines/491-winwind-wwd-3-d120,WinWinD,WinWinD WWD-3 D120,3000,120,11366,3,90,3,25,11,15,Synchronous permanent,,Steel tube/Hybrid,80000,,,,,690,50 Hz,,No,Yes
1036,https://en.wind-turbine-models.com/turbines/1036-wipo-airjet-5,WIPO,WIPO AIRJet 5,5,6,28,3,12,3.5,25,10,250,synchronus permanent,,steel tube,300,,,,,,,,No,Yes
317,https://en.wind-turbine-models.com/turbines/317-wipo-winforce-10kw,WIPO,WIPO WINForce 10kW,10,9.8,75.4,3,12,3.5,25,9,150,PMG Synchronus,,,,,,,,230,50 Hz,,No,Yes
1281,https://en.wind-turbine-models.com/turbines/1281-wobbelkow-eigenbau,Wobbelkow,Wobbelkow Eigenbau,,,,8,,,,,,,,,,,,,,,,,No,Yes
126,https://en.wind-turbine-models.com/turbines/126-wienpahl-prototype,Wienpahl,Wienpahl Prototype,0.5,3.6,10,3,11,3.5,25,6,,,,,,,,,,,,,No,Yes
1645,https://en.wind-turbine-models.com/turbines/1645-wwa-falcon-40,WWA,WWA Falcon 40,10,7.1,39.9,3,18,3.5,,11,,Asynchron,,Monoturm / Mast mit Drahtseilabspannung,,,,,,400,50 Hz,,No,Yes
2645,https://en.wind-turbine-models.com/turbines/2645-x1wind-x30,X1Wind,X1Wind X30,225,29,661,3,,3.5,25,14,40.5,induction,,TLP floating wind platform,7900,,,600,,400,50 Hz,2023,Yes,No
2646,https://en.wind-turbine-models.com/turbines/2646-x1wind-x90,X1Wind,X1Wind X90,6000,140,15400,2,,,,,,,,,,,,,,,,,Yes,No
2647,https://en.wind-turbine-models.com/turbines/2647-x1wind-x150,X1Wind,X1Wind X150,16000,240,45239,3,,,,,,,,,,,,,,,,2026,Yes,No
1455,https://en.wind-turbine-models.com/turbines/1455-xant-xant-m-21,XANT,XANT XANT M-21,100,21,346,3,23,3,20,11,58,permanent magnet,,tubular stand-alone or tubular guyed tower,7500,,,,14000,480,50 / 60 Hz,,No,Yes
1643,https://en.wind-turbine-models.com/turbines/1643-xant-xant-m-24,XANT,XANT XANT M-24,95,24,452,3,23,3,16,10,,synchronous permanent,,Tubular freestanding or tubular guyed,7500,,6500,,14000,400,50/60 Hz,,No,Yes
1140,https://en.wind-turbine-models.com/turbines/1140-xemc-darwind-xv90,XEMC DARWIND,XEMC DARWIND XV90,2000,90,6362,3,80,3,25,12,18,synchronous permanent,,steel tube / *hybrid,89000,45000,,,,690,50 Hz,,No,Yes
1136,https://en.wind-turbine-models.com/turbines/1136-xemc-darwind-xe93,XEMC DARWIND,XEMC DARWIND XE93,2000,93,6792.9,3,80,3,25,11,17,synchronous permanent,,steel tube / *hybrid,84500,47500,,,,690,50 Hz,,No,Yes
1141,https://en.wind-turbine-models.com/turbines/1141-xemc-darwind-xd115-4-5,XEMC DARWIND,XEMC DARWIND XD115 4.5,4500,115,10386.9,3,80,4,25,12.5,15,synchronous permanent,,steel tube / *hybrid,184000,97000,,,,3000,50 Hz,,No,Yes
1137,https://en.wind-turbine-models.com/turbines/1137-xemc-darwind-xd115-5-0,XEMC DARWIND,XEMC DARWIND XD115 5.0,5000,115,10386.9,3,80,4,25,14,18,synchronous permanent,,steel tube / *hybrid,184000,97000,427000,,708000,3000,50 Hz,2011,Yes,Yes
1138,https://en.wind-turbine-models.com/turbines/1138-xemc-darwind-xe128,XEMC DARWIND,XEMC DARWIND XE128,5000,128,12868,3,100,3,25,12,15,synchronous permanent,,steel tube,206000,126000,,,,3150,50 Hz,,Yes,Yes
1139,https://en.wind-turbine-models.com/turbines/1139-xemc-darwind-xd137,XEMC DARWIND,XEMC DARWIND XD137,4000,137,14741,3,100,3,25,10.5,11,synchronous permanent,,steel tube / *hybrid,185000,111000,,,,900,50 Hz,,Yes,Yes
616,https://en.wind-turbine-models.com/turbines/616-xemc-ltd-xe72,XEMC Ltd,XEMC Ltd XE72,2000,70.7,3920,3,65,3,25,13,23,Synchronous permanent,,Steel tube,66000,36000,150000,,252000,660,50/60 Hz,,No,Yes
615,https://en.wind-turbine-models.com/turbines/615-xemc-ltd-xe82,XEMC Ltd,XEMC Ltd XE82,2000,82.8,5385,3,70,3.5,25,12,19,Synchronous permanent,,Steel tube,74000,40000,,,,690,50 Hz,,No,Yes
617,https://en.wind-turbine-models.com/turbines/617-xemc-ltd-xe87,XEMC Ltd,XEMC Ltd XE87,2000,87.7,6046,3,70,3,25,11,23,Synchronous permanent,,Steel tube,72000,42000,148000,,262000,660,50/60 Hz,,No,Yes
614,https://en.wind-turbine-models.com/turbines/614-xemc-ltd-xe93,XEMC Ltd,XEMC Ltd XE93,2000,93.4,6852,3,80,3,25,11,17,Synchronous permanent,,Steel tube,84500,47500,,,,690,50.0 Hz,,Yes,Yes
75,https://en.wind-turbine-models.com/turbines/75-xemc-ltd-xe-dd115,XEMC Ltd,XEMC Ltd XE/DD115,5000,115,10387,3,95,4,25,12,19.8,Synchronous permanent,,Steel tube,184000,97000,390000,,671000,3000,50 Hz,,Yes,Yes
1135,https://en.wind-turbine-models.com/turbines/1135-xemc-ltd-xe-dd126,XEMC Ltd,XEMC Ltd XE/DD126,5000,126,,3,100,3,25,11.5,23,synchronous permanent,,steel tube,185000,90000,150000,,425000,3000,50 Hz,,Yes,Yes
1206,https://en.wind-turbine-models.com/turbines/1206-goldwind-s-43-600,Goldwind,Goldwind S 43 / 600,600,43,1452,3,40,3,25,14,27,induction,,steel tube,23000,12400,62000,,100000,690,50 Hz,,No,Yes
1208,https://en.wind-turbine-models.com/turbines/1208-goldwind-s-43-750,Goldwind,Goldwind S 43 / 750,750,43,1452,3,40,3,25,12,,induction,,steel tube,,,,,,690,50 Hz,,No,Yes
1205,https://en.wind-turbine-models.com/turbines/1205-goldwind-s-48-750,Goldwind,Goldwind S 48 / 750,750,48,1810,3,50,3.5,25,14.5,21.7,induction,,steel tube,22500,14700,,3200,,690,50/60 Hz,,No,Yes
1207,https://en.wind-turbine-models.com/turbines/1207-goldwind-s-50-750,Goldwind,Goldwind S 50 / 750,750,50,1964,3,60,3.5,25,14.5,21.4,Double fed induction,,steel tube,,,,,,690,50.0 Hz,,No,Yes
1204,https://en.wind-turbine-models.com/turbines/1204-goldwind-gw-62-1200,Goldwind,Goldwind GW 62 / 1200,1200,62,3000,3,69,3,25,12.5,20,synchronous permanent,,steel tube,,,,,,690,50/60 Hz,2005,No,Yes
1203,https://en.wind-turbine-models.com/turbines/1203-goldwind-gw-70-1500,Goldwind,Goldwind GW 70 / 1500,1500,70.3,3886,3,65,3,25,11.8,19,synchronous permanent,,steel tube,,,,,,690,50/60 Hz,,No,Yes
106,https://en.wind-turbine-models.com/turbines/106-goldwind-gw-77-1500,Goldwind,Goldwind GW 77 / 1500,1500,76.9,4649,3,65,3,22,11,17.3,synchronous permanent,,steel tube,,,,,,690,50/60 Hz,,No,Yes
1202,https://en.wind-turbine-models.com/turbines/1202-goldwind-gw-82-1500,Goldwind,Goldwind GW 82 / 1500,1500,82.3,5325,3,70,3,22,10.3,17.3,synchronous permanent,,steel tube,,,,,,690,50/60 Hz,,No,Yes
1201,https://en.wind-turbine-models.com/turbines/1201-goldwind-gw-87-1500,Goldwind,Goldwind GW 87 / 1500,1500,87,5890,3,75,3,22,9.9,16.6,synchronous permanent,,steel tube,,,,,,690,50/60 Hz,,No,Yes
1197,https://en.wind-turbine-models.com/turbines/1197-goldwind-gw-90-2500,Goldwind,Goldwind GW 90 / 2500,2500,90,6362,3,70,3,25,12,16,synchronous permanent,,steel tube,,,,,,690,50/60 Hz,,No,Yes
1200,https://en.wind-turbine-models.com/turbines/1200-goldwind-gw-93-1500,Goldwind,Goldwind GW 93 / 1500,1500,93,6793,3,,,,,,synchronous permanent,,steel tube,,,,,,690,50/60 Hz,,No,Yes
1196,https://en.wind-turbine-models.com/turbines/1196-goldwind-gw-100-2500,Goldwind,Goldwind GW 100 / 2500,2500,100,7823,3,80,3,25,11.1,14.5,synchronous permanent,,steel tube,,,,,,690,50/60 Hz,,No,Yes
1195,https://en.wind-turbine-models.com/turbines/1195-goldwind-gw-103-2500,Goldwind,Goldwind GW 103 / 2500,2500,103,8332,3,80,3,25,10.6,14.5,synchronous permanent,,steel tube,,,,,,690,50/60 Hz,,No,Yes
1194,https://en.wind-turbine-models.com/turbines/1194-goldwind-gw-106-2500,Goldwind,Goldwind GW 106 / 2500,2500,106,8825,3,80,3,25,10.3,14.5,synchronous permanent,,steel tube,,,,,,690,50/60 Hz,,No,Yes
1199,https://en.wind-turbine-models.com/turbines/1199-goldwind-gw-108-2000,Goldwind,Goldwind GW 108 / 2000,2000,108,9161,3,,,,,,synchronous permanent,,steel tube,,,,,,690,50/60 Hz,,No,Yes
1193,https://en.wind-turbine-models.com/turbines/1193-goldwind-gw-109-2500,Goldwind,Goldwind GW 109 / 2500,2500,109,9516,3,90,3,25,10.5,13.5,synchronous permanent,,steel tube,,,,,,690,50/60 Hz,,No,Yes
1198,https://en.wind-turbine-models.com/turbines/1198-goldwind-gw-115-2000,Goldwind,Goldwind GW 115 / 2000,2000,115,10434.4,3,,,,,,synchronous permanent,,steel tube,,,,,,690,50/60 Hz,,No,Yes
1192,https://en.wind-turbine-models.com/turbines/1192-goldwind-gw-121-2500,Goldwind,Goldwind GW 121 / 2500,2500,121,11595,3,90,2.8,22,9.3,13.5,synchronous permanent,,steel tube,,,,,,690,50/60 Hz,,No,Yes
2240,https://en.wind-turbine-models.com/turbines/2240-goldwind-gw-130-2500,Goldwind,Goldwind GW 130 / 2500,2500,130,13273,3,85,2.5,20,9.1,10,Synchronous with permanent magnet excitation,,steel tube / concrete-steel hybrid*,,,,,,,50/60 Hz,,No,Yes
1973,https://en.wind-turbine-models.com/turbines/1973-goldwind-gw-136-4000,Goldwind,Goldwind GW 136 / 4000,4000,136,14711,3,100,2.5,25,11,,synchronous permanent,,steel tube,135000,95300,,,,,50/60 Hz,,No,Yes
1974,https://en.wind-turbine-models.com/turbines/1974-goldwind-gw-136-4200,Goldwind,Goldwind GW 136 / 4200,4200,136,14526,3,100,2.5,25,11.2,,synchronous permanent,,steel tube,135000,95300,,,,690,50/60 Hz,,No,Yes
2244,https://en.wind-turbine-models.com/turbines/2244-goldwind-gw-136-4800,Goldwind,Goldwind GW 136 / 4800,4800,136,14526,3,86,2.5,26,11.2,10.7,permanent magnet synchronous,,steel tube,,,,,,690,50/60 Hz,,No,Yes
2241,https://en.wind-turbine-models.com/turbines/2241-goldwind-gw-140-2500,Goldwind,Goldwind GW 140 / 2500,2500,140,15394,3,90,2.5,20,8.5,10.5,Permanent Magnet Synchronous Generator (PMSG),,steel tube / concrete-steel hybrid tower,,,,,,690,50/60 Hz,,No,Yes
1738,https://en.wind-turbine-models.com/turbines/1738-goldwind-gw-140-3000,Goldwind,Goldwind GW 140 / 3000,3000,140,15474,3,100,2.5,20,10.5,,synchronous permanent,,steel tube / hydrid,,,,,,690,50/60 Hz,,No,Yes
1739,https://en.wind-turbine-models.com/turbines/1739-goldwind-gw-140-3400,Goldwind,Goldwind GW 140 / 3400,3400,140,15474,3,100,2.5,20,10.1,12,synchronous permanent,,steel tube / hydrid*,,,,,,690,50/60 Hz,,No,Yes
2245,https://en.wind-turbine-models.com/turbines/2245-goldwind-gw-140-3570,Goldwind,Goldwind GW 140 / 3570,3570,140,15482,3,100,2.5,20,10.2,10,Permanent magnet synchronous,,steel tube,,,,,,690,50/60 Hz,,No,Yes
2242,https://en.wind-turbine-models.com/turbines/2242-goldwind-gw-150-2800,Goldwind,Goldwind GW 150 / 2800,2800,150,17672,3,95,2.5,18,8.7,10,Synchronous with permanent magnet excitation,,steel tube / concrete-steel hybrid tower,,,,,,690,50/60 Hz,,No,Yes
2243,https://en.wind-turbine-models.com/turbines/2243-goldwind-gw-150-3000,Goldwind,Goldwind GW 150 / 3000,3000,150,17672,3,95,2.5,18,9,10,Synchronous with permanent magnet excitation,,steel tube / concrete-steel hybrid tower*,,,,,,690,50/60 Hz,,No,Yes
1821,https://en.wind-turbine-models.com/turbines/1821-goldwind-gw-154-6700,Goldwind,Goldwind GW 154 / 6700,6700,154,18617,3,103,3,25,12,11.5,synchronous permanent,,steel cone,,,,,,720,50/60 Hz,,Yes,Yes
2246,https://en.wind-turbine-models.com/turbines/2246-goldwind-gw-155-4500,Goldwind,Goldwind GW 155 / 4500,4500,155,18869,3,95,2.5,26,10.8,9.1,Permanent magnet synchrounous,,steel tube,,,,,,690,50/60 Hz,,No,Yes
1822,https://en.wind-turbine-models.com/turbines/1822-goldwind-gw-164-6450,Goldwind,Goldwind GW 164 / 6450,6450,164,21124,3,104,3,25,11.5,10.7,synchronous permanent,,steel cone,,,,,,720,50/60 Hz,,Yes,Yes
2394,https://en.wind-turbine-models.com/turbines/2394-goldwind-gw-171-3850,Goldwind,Goldwind GW 171 / 3850,3850,171,22966,3,100,2.5,17,8.8,,synchronous permanent,,steel tube / hybrid,,,,,,1140,50 Hz,,No,Yes
2395,https://en.wind-turbine-models.com/turbines/2395-goldwind-gw-171-4000,Goldwind,Goldwind GW 171 / 4000,4000,171,22966,3,100,2.5,20,8.9,,synchronous permanent,,steel tube / hybrid,,,,,,1140,50 Hz,,No,Yes
2396,https://en.wind-turbine-models.com/turbines/2396-goldwind-gw-171-4500,Goldwind,Goldwind GW 171 / 4500,4500,171,22966,3,100,2.5,22,9.3,,synchronous permanent,,steel tube / hybrid,,,,,,1140,50 Hz,,No,Yes
2397,https://en.wind-turbine-models.com/turbines/2397-goldwind-gw-171-5000,Goldwind,Goldwind GW 171 / 5000,5000,171,22966,3,100,2.5,24,9.5,,synchronous permanent,,steel tube / hybrid,,,,,,1140,50 Hz,,No,Yes
2398,https://en.wind-turbine-models.com/turbines/2398-goldwind-gw-171-5300,Goldwind,Goldwind GW 171 / 5300,5300,171,22966,3,100,2.5,24,9.6,,synchronous permanent,,steel tube / hybrid,,,,,,950,50 Hz,,No,Yes
2399,https://en.wind-turbine-models.com/turbines/2399-goldwind-gw-171-5600,Goldwind,Goldwind GW 171 / 5600,5600,171,22966,3,100,2.5,24,9.7,,synchronous permanent,,steel tube / hybrid,,,,,,950,50 Hz,,No,Yes
2400,https://en.wind-turbine-models.com/turbines/2400-goldwind-gw-171-6000,Goldwind,Goldwind GW 171 / 6000,6000,171,22966,3,100,2.5,24,10,,synchronous permanent,,steel tube / hybrid,,,,,,950,50 Hz,,No,Yes
2401,https://en.wind-turbine-models.com/turbines/2401-goldwind-gw-171-6250,Goldwind,Goldwind GW 171 / 6250,6250,171,22966,3,100,2.5,24,10.2,,synchronous permanent,,steel tube / hybrid,,,,,,950,50 Hz,,No,Yes
1823,https://en.wind-turbine-models.com/turbines/1823-goldwind-gw-171-6450,Goldwind,Goldwind GW 171 / 6450,6450,171,22960,3,108,3,25,10.5,10.7,synchronous permanent,,steel cone,,,,,,720,50/60 Hz,,Yes,Yes
2236,https://en.wind-turbine-models.com/turbines/2236-goldwind-gw-175-8000,Goldwind,Goldwind GW 175 / 8000,8000,175,24053,3,110,3,25,12,8,synchronous generator with permanent magnet excitation,,steel tube,,,,,,,50/60 Hz,2019,Yes,Yes
2393,https://en.wind-turbine-models.com/turbines/2393-goldwind-gw-182-7200,Goldwind,Goldwind GW 182 / 7200,7200,182,26016,3,110,2.5,24,11,,synchronous permanent,,steel tube / hybrid,,,,,,1140,50 Hz,,Yes,Yes
2237,https://en.wind-turbine-models.com/turbines/2237-goldwind-gw-184-6450,Goldwind,Goldwind GW 184 / 6450,6450,184,26590,3,112,3,21,10,8,synchronous generator with permanent magnet excitation,,steel tube,,,,,,1140,50/60 Hz,,Yes,Yes
2388,https://en.wind-turbine-models.com/turbines/2388-goldwind-gw-191-4000,Goldwind,Goldwind GW 191 / 4000,4000,191,28652,3,110,2.5,20,8.2,,synchronous permanent,,steel tube / hybrid,,,,,,1140,50 Hz,,Yes,Yes
2389,https://en.wind-turbine-models.com/turbines/2389-goldwind-gw-191-4550,Goldwind,Goldwind GW 191 / 4550,4550,191,28652,3,110,2.5,20,8.6,,synchronous permanent,,steel tube / hybrid,,,,,,1140,50 Hz,,Yes,Yes
2390,https://en.wind-turbine-models.com/turbines/2390-goldwind-gw-191-5000,Goldwind,Goldwind GW 191 / 5000,5000,191,28652,3,110,2.5,20,8.9,,synchronous permanent,,steel tube / hybrid,,,,,,1140,50 Hz,,Yes,Yes
2391,https://en.wind-turbine-models.com/turbines/2391-goldwind-gw-191-6000,Goldwind,Goldwind GW 191 / 6000,6000,191,28652,3,110,2.5,24,9.5,,synchronous permanent,,steel tube / hybrid,,,,,,1140,50 Hz,,Yes,Yes
2392,https://en.wind-turbine-models.com/turbines/2392-goldwind-gw-191-6700,Goldwind,Goldwind GW 191 / 6700,6700,191,28652,3,110,2.5,24,10,,synchronous permanent,,steel tube,,,,,,1140,50 Hz,,Yes,Yes
2387,https://en.wind-turbine-models.com/turbines/2387-goldwind-gw-242-12000,Goldwind,Goldwind GW 242 / 12000,12000,242,45996,3,140,2.5,25,10,,synchronous permanent,,steel tube,,,,,,1380,50 Hz,,Yes,Yes
2540,https://en.wind-turbine-models.com/turbines/2540-goldwind-gwh-252-16000,Goldwind,Goldwind GWH 252 /16000,16000,252,49876,3,,,,,,,,,,,,,,,,2023,Yes,Yes
2763,https://en.wind-turbine-models.com/turbines/2763-goldwind-gwh-300-20000,Goldwind,Goldwind GWH 300 / 20000,20000,300,70686,3,174,,,,,,,steel tube,,,,,,,,2026,Yes,Yes
1261,https://en.wind-turbine-models.com/turbines/1261-xyron-ex-55,Xyron,Xyron EX-55,1000,55,2375.8,3,60,3,24,12,30.5,synchronous permanent,,steel tube,,,,,,690,50 Hz,,No,Yes
1732,https://en.wind-turbine-models.com/turbines/1732-xzeres-wind-skystream-3-7,XZERES Wind,XZERES Wind Skystream 3.7,2.1,3.7,10.9,3,,3.2,25,11,,Slotless Permanent Magnet Brushless,,steel tube,,,,,,240,60 Hz,,Yes,Yes
1730,https://en.wind-turbine-models.com/turbines/1730-xzeres-wind-50,XZERES Wind,XZERES Wind 50,51,16.5,213.8,3,30,2.7,25,11,,synchronous permanent,,steel tube,5500,,,,,480,50/60 Hz,,No,Yes
1731,https://en.wind-turbine-models.com/turbines/1731-xzeres-wind-442sr,XZERES Wind,XZERES Wind 442SR,10.4,7.2,41,3,,2.5,25,11,,synchronous permanent,,lattice,1000,,,,,240,50/60 Hz,,No,Yes
2640,https://en.wind-turbine-models.com/turbines/2640-yamada-1-kw,Yamada,Yamada 1 kW,1,4,12.6,2,14.8,3.5,20,7,210,,,tripod,,,,,,,,1980,No,Yes
2513,https://en.wind-turbine-models.com/turbines/2513-yamaha-17-kw,Yamaha,Yamaha 17 kW,17,,,,,,,,,,,,,,,,,,,1990,No,Yes
2514,https://en.wind-turbine-models.com/turbines/2514-yamaha-100-kw,Yamaha,Yamaha 100 kW,100,,,,,,,,,,,,,,,,,,,1990,No,Yes
1161,https://en.wind-turbine-models.com/turbines/1161-yinhe-gx93-2-5mw,Yinhe,Yinhe GX93-2.5MW,2500,93.1,6764,3,80,3,25,8.5,16,synchronous permanent,,steel tube,,,,,,690,50 Hz,,No,Yes
1162,https://en.wind-turbine-models.com/turbines/1162-yinhe-gx103-2-5mw,Yinhe,Yinhe GX103-2.5MW,2500,103.2,8329,3,80,3,25,7.5,14.3,synchronous permanent,,steel tube,,,,,,690,50 Hz,,No,Yes
1163,https://en.wind-turbine-models.com/turbines/1163-yinhe-gx113-2-5mw,Yinhe,Yinhe GX113-2.5MW,2500,112.6,10024,3,88.3,3,20,7,14,synchronous permanent,,steel tube,,,,,,690,50 Hz,,No,Yes
1164,https://en.wind-turbine-models.com/turbines/1164-yinhe-gx153-6mw,Yinhe,Yinhe GX153-6MW,6000,153,18350,3,100,3,25,7.5,11.4,synchronous permanent,,steel tube,,,,,,690,50 Hz,,Yes,Yes
1614,https://en.wind-turbine-models.com/turbines/1614-zenia-energy-7-5kw,Zenia Energy,"Zenia Energy 7,5kW",7.5,7.1,40,3,18,3,30,,110,4-pole generator,,tube tower. sectioned,500,,,,,400,50 Hz,,No,Yes
1613,https://en.wind-turbine-models.com/turbines/1613-zenia-energy-10kw,Zenia Energy,Zenia Energy 10kW,10,7.1,40,3,18,3,30,,110,4-pole generator,,tube tower. sectioned,500,,,,,400,50 Hz,,No,Yes
1612,https://en.wind-turbine-models.com/turbines/1612-zenia-energy-30kw,Zenia Energy,Zenia Energy 30kW,30,13.8,150,3,18,3,25,,60,4-pole generator,,tube tower. sectioned,900,,,,,400,50 Hz,,No,Yes
2504,https://en.wind-turbine-models.com/turbines/2504-zephyr-prototype,Zephyr,Zephyr Prototype,,,,,,,,,,,,,,,,,,,,,No,Yes
2501,https://en.wind-turbine-models.com/turbines/2501-zephyr-z-1000-24,Zephyr,Zephyr Z-1000-24,1,1.8,2.5,3,,2.5,,12.5,1000,Three-phase power generator with permanent neodymium iron boron magnet,,steel tube,,0,,,,25,50/60 Hz,,Yes,Yes
2502,https://en.wind-turbine-models.com/turbines/2502-zephyr-z-1000-48,Zephyr,Zephyr Z-1000-48,1,1.8,2.5,3,,2.5,,12.5,1000,Three-phase power generator with permanent neodymium iron boron magnet,,steel tube,,,,,,50,,,Yes,Yes
2503,https://en.wind-turbine-models.com/turbines/2503-zephyr-z-9000,Zephyr,Zephyr Z-9000,5.1,5.5,23.8,3,,3.6,,12,277,Brushless direct drive. coreless high-efficiency permanent magnet,,steel tube,,300,,,,367,50/60 Hz,,Yes,Yes
1030,https://en.wind-turbine-models.com/turbines/1030-zephyr-ab-wts-28-250,Zephyr AB,Zephyr AB WTS 28.250,250,28,615,2,32.8,3,28,12,54,Induction,,steel tube,7600,,11000,2000,38000,400,50 Hz,1992,No,Yes
88,https://en.wind-turbine-models.com/turbines/88-zephyros-z72,Zephyros,Zephyros Z72,2000,70.7,3920,3,65,3,25,13,23.5,multi pole synchronous permanent,,steel tube / lattice,61000,36000,150000,,247000,4000,50 Hz,,No,Yes
1238,https://en.wind-turbine-models.com/turbines/1238-windey-wd25-250,Windey,Windey WD25-250,250,25,491,3,28.5,4,23,14,39.3,induction,,steel tube,10000,4000,34000,1000,50000,690,50 Hz,,No,Yes
1222,https://en.wind-turbine-models.com/turbines/1222-windey-wd49-750,Windey,Windey WD49-750,750,49,1886,3,50,3.5,25,14,22.5,induction,,steel tube,23000,10000,90000,,125000,690,50/60 Hz,,No,Yes
1223,https://en.wind-turbine-models.com/turbines/1223-windey-wd50-750,Windey,Windey WD50-750,750,50,1963,3,50,3.5,25,14,22.5,induction,,steel tube,23000,12000,90000,,125000,690,50/60 Hz,,No,Yes
1224,https://en.wind-turbine-models.com/turbines/1224-windey-wd52-800,Windey,Windey WD52-800,800,52,2123,3,50,3.5,25,14,22.5,induction,,steel tube,23000,,90000,,,690,50/60 Hz,,No,Yes
1225,https://en.wind-turbine-models.com/turbines/1225-windey-wd70-1500,Windey,Windey WD70-1500,1500,70,3847,3,65,3,25,11.5,19.2,Double fed induction,,steel tube,,,,,,690,50 Hz,,No,Yes
1226,https://en.wind-turbine-models.com/turbines/1226-windey-wd77-1500,Windey,Windey WD77-1500,1500,77,4654,3,65,3,25,11,17.2,Double fed induction,,steel tube,,,,,,690,50 Hz,,No,Yes
1227,https://en.wind-turbine-models.com/turbines/1227-windey-wd82-1500,Windey,Windey WD82-1500,1500,82,5278,3,65,3,25,10.5,17.2,Double fed induction,,steel tube,,,,,,690,50 Hz,,No,Yes
1228,https://en.wind-turbine-models.com/turbines/1228-windey-wd88-1500,Windey,Windey WD88-1500,1500,88,6079,3,70,3,20,10,17.2,Double fed induction,,steel tube,,,,,,690,50 Hz,,No,Yes
1229,https://en.wind-turbine-models.com/turbines/1229-windey-wd93-1500,Windey,Windey WD93-1500,1500,93,6793,3,70,3,20,10.1,15.4,Double fed induction,,steel tube,,,,,,690,50 Hz,,No,Yes
1230,https://en.wind-turbine-models.com/turbines/1230-windey-wd103-2000,Windey,Windey WD103-2000,2000,103,8430,3,80,3,25,9.9,13.4,Double fed induction,,steel tube,,,,,,690,50 Hz,,No,Yes
1231,https://en.wind-turbine-models.com/turbines/1231-windey-wd103-2500,Windey,Windey WD103-2500,2500,103.6,8430,3,80,3,25,10.7,13.9,Double fed induction,,steel tube,95300,59400,,11600,,690,50 Hz,,No,Yes
1232,https://en.wind-turbine-models.com/turbines/1232-windey-wd107-2000,Windey,Windey WD107-2000,2000,107,8992,3,80,3,25,9.5,13.4,Double fed induction,,steel tube,85000,56600,,11300,,690,50 Hz,,No,Yes
1233,https://en.wind-turbine-models.com/turbines/1233-windey-wd107-2500,Windey,Windey WD107-2500,2500,107,8992,3,80,3,25,10.1,13.9,Double fed induction,,steel tube /*hybrid,95300,58800,,11300,,690,50 Hz,,No,Yes
1234,https://en.wind-turbine-models.com/turbines/1234-windey-wd110-2000,Windey,Windey WD110-2000,2000,110,9520,3,80,2.5,20,9.4,13.4,Double fed induction,,steel tube,85000,58100,,11800,,690,50 Hz,,No,Yes
1235,https://en.wind-turbine-models.com/turbines/1235-windey-wd110-2500,Windey,Windey WD110-2500,2500,110,9521,3,80,3,25,10.5,13,Double fed induction,,steel tube,,,,,,690,50 Hz,,No,Yes
1236,https://en.wind-turbine-models.com/turbines/1236-windey-wd115-2000,Windey,Windey WD115-2000,2000,115,10388,3,80,2.5,20,9.2,13.4,Double fed induction,,steel tube,85000,60200,,12500,,690,50 Hz,,No,Yes
1237,https://en.wind-turbine-models.com/turbines/1237-windey-wd121-2000,Windey,Windey WD121-2000,2000,121,11499,3,80,2.5,20,8.6,12.7,double fed induction,,steel tube /*hybrid,85000,63200,,13500,,690,50/60 Hz,,No,Yes
2252,https://en.wind-turbine-models.com/turbines/2252-windey-wd125-2500,Windey,Windey WD125-2500,2500,125,12468.9,3,85,3,20,9.4,12,double fed induction,,steel tube /*hybrid,100000,69300,,14000,,690,50 Hz,,No,Yes
2248,https://en.wind-turbine-models.com/turbines/2248-windey-wd130-5000,Windey,Windey WD130-5000,5000,130,13273,3,100,3,25,,12,DFIG / PMSG,,steel tube,167000,110000,,,,3300,50/60 Hz,,No,Yes
2249,https://en.wind-turbine-models.com/turbines/2249-windey-wd131-2000,Windey,Windey WD131-2000,2000,131,13478,3,85,2.5,20,8.3,14.3,double fed induction,,steel tube /*hybrid,85000,66500,,14600,,690,50 Hz,,No,Yes
2250,https://en.wind-turbine-models.com/turbines/2250-windey-wd131-2100,Windey,Windey WD131-2100,2100,131,13478,3,85,2.5,20,8.5,14.3,double fed induction,,steel tube /*hybrid,85000,66500,,14600,,690,50 Hz,,No,Yes
2251,https://en.wind-turbine-models.com/turbines/2251-windey-wd131-2200,Windey,Windey WD131-2200,2200,131,13478,3,85,2.5,20,8.6,14.3,double fed induction,,steel tube /*hybrid,85000,66500,,14600,,690,50 Hz,,No,Yes
1979,https://en.wind-turbine-models.com/turbines/1979-windey-wd139-5000,Windey,Windey WD139-5000,5000,139,15175,3,100,3,25,,11.8,ASG/PMSG,,steel tube,290000,135000,,,,3300,50/60 Hz,,No,Yes
2253,https://en.wind-turbine-models.com/turbines/2253-windey-wd140-2500,Windey,Windey WD140-2500,2500,140,15394,3,85,2.5,20,8.5,11,double fed induction,,steel tube /*hybrid,100000,68400,,13700,,690,50 Hz,,No,Yes
2255,https://en.wind-turbine-models.com/turbines/2255-windey-wd140-3000,Windey,Windey WD140-3000,3000,140,15394,3,100,2.5,25,9.1,11,double fed induction,,steel tube / hybrid,115000,89900,,16800,,690,50 Hz,,No,Yes
2254,https://en.wind-turbine-models.com/turbines/2254-windey-wd147-2500,Windey,Windey WD147-2500,2500,147,16972,3,90,2.5,18,8.3,11,double fed induction,,steel tube /*hybrid,100000,79200,,15000,,690,50 Hz,,No,Yes
2256,https://en.wind-turbine-models.com/turbines/2256-windey-wd147-3000,Windey,Windey WD147-3000,3000,147,16972,3,100,2.5,25,8.8,11,double fed induction,,steel tube / hybrid,115000,90800,,17100,,690,50 Hz,,No,Yes
2257,https://en.wind-turbine-models.com/turbines/2257-windey-wd147-3600,Windey,Windey WD147-3600,3600,147,16972,3,92,2.5,25,9.4,11,double fed induction,,steel tube / *hybrid,120000,90700,,16400,,690,50 Hz,,No,Yes
2258,https://en.wind-turbine-models.com/turbines/2258-windey-wd156-3000,Windey,Windey WD156-3000,3000,156,19113,3,92,2.5,25,8.8,10.5,double fed induction,,steel tube / *hybrid,120000,92900,,17800,,690,50 Hz,,No,Yes
2259,https://en.wind-turbine-models.com/turbines/2259-windey-wd156-3600,Windey,Windey WD156-3600,3600,156,19113,3,92,2.5,25,8.8,10.5,double fed induction,,steel tube / *hybrid,120000,97300,,18600,,690,50 Hz,,No,Yes
2524,https://en.wind-turbine-models.com/turbines/2524-zond-z-40,Zond,Zond Z-40,500,40,1257,3,40,4.5,25,13,30,6 pole. 3-phase induction,,steel tube / lattice tower,,8900,,,,480,50/60 Hz,,No,Yes
492,https://en.wind-turbine-models.com/turbines/492-zond-z-40-fs,Zond,Zond Z-40-FS,550,40,1257,3,39.2,4,29.1,13,29.5,Asynchronus,,Steel tube,,9200,,,,690,50 Hz,,No,Yes
2525,https://en.wind-turbine-models.com/turbines/2525-zond-z-46,Zond,Zond Z-46,750,46,1662,3,48.6,4.5,25,12,36,induction,,steel tube,19300,13200,56600,,89100,480,50/60 Hz,,No,Yes
1177,https://en.wind-turbine-models.com/turbines/1177-zond-z-48,Zond,Zond Z-48,750,48,1810,3,53.5,4,29.1,11.6,34,induction,,steel tube,,,,,,480,50/60 Hz,,No,Yes
2,https://en.wind-turbine-models.com/turbines/2-zond-z-50,Zond,Zond Z-50,750,50,1963,3,55,4,29,11.3,32.3,Double Fed Asyn,,Steel tube,21500,14500,49000,,90000,690,50/60 Hz,,No,Yes
2807,https://en.wind-turbine-models.com/turbines/2807-carlo-gavazzi-mistral3k-hawt,Carlo Gavazzi,Carlo Gavazzi Mistral3K HAWT,3,2.6,5.3,3,6,2.5,17,13.5,780,3-phase permanent magnet generator of an 18 poles structure,,tubular steel tower,0,,,0,100,230,50 Hz,,Yes,Yes
